{
    "codi": [
        0.6667993068695068,
        0.6663128733634949,
        0.6725045442581177
    ],
    "fairsmote": [
        0.9457952380180359,
        0.9450406432151794,
        0.9460048079490662
    ],
    "fairtabddpm": [
        0.6577329635620117,
        0.6544601917266846,
        0.657113790512085
    ],
    "fairtabgan": [
        0.6499049067497253,
        0.652956485748291,
        0.6538852453231812
    ],
    "goggle": [
        0.6838264465332031,
        0.680951714515686,
        0.6825438737869263
    ],
    "great": [
        0.6831179261207581,
        0.6793129444122314,
        0.6786472797393799
    ],
    "smote": [
        0.6795807480812073,
        0.6692317724227905,
        0.6711777448654175
    ],
    "stasy": [
        0.6544601917266846,
        0.6576887369155884,
        0.6571580171585083
    ],
    "tabddpm": [
        0.6608287692070007,
        0.6604307293891907,
        0.6606960892677307
    ],
    "tabsyn": [
        0.6631285548210144,
        0.6658263802528381,
        0.6591039896011353
    ]
}