{
    "codi": {
        "shape": [
            0.8546038900718711,
            0.855246677404633,
            0.8548692374650055
        ],
        "trend": [
            0.5050252154929314,
            0.5049522652710949,
            0.5055994440147709
        ],
        "quality": [
            0.6798145527824013,
            0.680099471337864,
            0.6802343407398882
        ],
        "detection": [
            0.4982157542134288,
            0.5028047674402345,
            0.5029424396696069
        ]
    },
    "fairsmote": {
        "shape": [
            0.9234282477088352,
            0.9238882838151297,
            0.923631934866729
        ],
        "trend": [
            0.8743732908019148,
            0.8751216510422629,
            0.8746680166338089
        ],
        "quality": [
            0.898900769255375,
            0.8995049674286963,
            0.899149975750269
        ],
        "detection": [
            0.7367000987287686,
            0.7368744148595463,
            0.7435129487582521
        ]
    },
    "fairtabddpm": {
        "shape": [
            0.8740309095487832,
            0.8748662486782943,
            0.8729818135452784
        ],
        "trend": [
            0.7994891233014622,
            0.7992220629751005,
            0.7990798386144118
        ],
        "quality": [
            0.8367600164251227,
            0.8370441558266974,
            0.836030826079845
        ],
        "detection": [
            0.3769572708151093,
            0.3712725714025944,
            0.3917729616568587
        ]
    },
    "fairtabgan": {
        "shape": [
            0.9659846846221742,
            0.9652385326426879,
            0.9658613877821176
        ],
        "trend": [
            0.9197701085324258,
            0.919165885914689,
            0.920746608910902
        ],
        "quality": [
            0.9428773965773001,
            0.9422022092786884,
            0.9433039983465098
        ],
        "detection": [
            0.9334806835719243,
            0.9249462420899088,
            0.9241765997451753
        ]
    },
    "goggle": {
        "shape": [
            0.8412665091659134,
            0.8414433471907888,
            0.8434157847342748
        ],
        "trend": [
            0.5408988639857643,
            0.5748108431258122,
            0.5418790941507866
        ],
        "quality": [
            0.6910826865758388,
            0.7081270951583005,
            0.6926474394425307
        ],
        "detection": [
            0.4251389526522408,
            0.4247642888330775,
            0.4313691701415948
        ]
    },
    "great": {
        "shape": [
            0.9226423606082457,
            0.9233391229081886,
            0.9227974896797426
        ],
        "trend": [
            0.8079578890587319,
            0.7969690564907679,
            0.7721233485041932
        ],
        "quality": [
            0.8653001248334888,
            0.8601540896994783,
            0.8474604190919679
        ],
        "detection": [
            0.6746345798217677,
            0.6853517454969662,
            0.6707778434259617
        ]
    },
    "smote": {
        "shape": [
            0.9750470633896631,
            0.9745411589255701,
            0.9742219498391472
        ],
        "trend": [
            0.9456371159861813,
            0.950935612084483,
            0.9420074151444142
        ],
        "quality": [
            0.9603420896879222,
            0.9627383855050266,
            0.9581146824917808
        ],
        "detection": [
            0.917941280805248,
            0.8975071705186024,
            0.9436071549713164
        ]
    },
    "stasy": {
        "shape": [
            0.8981485696179926,
            0.8986143953198096,
            0.8984463386556722
        ],
        "trend": [
            0.836216691101752,
            0.8372212073479965,
            0.8369009324438943
        ],
        "quality": [
            0.8671826303598723,
            0.8679178013339031,
            0.8676736355497833
        ],
        "detection": [
            0.6418689236922952,
            0.6280682822798029,
            0.6445948614889996
        ]
    },
    "tabddpm": {
        "shape": [
            0.9628529200059951,
            0.9632393496719521,
            0.9642081512403265
        ],
        "trend": [
            0.9437531719694509,
            0.9439339004612186,
            0.9466727867799186
        ],
        "quality": [
            0.953303045987723,
            0.9535866250665854,
            0.9554404690101226
        ],
        "detection": [
            0.8220072255827083,
            0.8148368095425319,
            0.819407800183901
        ]
    },
    "tabsyn": {
        "shape": [
            0.9895539486969561,
            0.9896654860299587,
            0.9903569326874063
        ],
        "trend": [
            0.9642994717204297,
            0.9636722345796026,
            0.9660859064955303
        ],
        "quality": [
            0.9769267102086929,
            0.9766688603047806,
            0.9782214195914682
        ],
        "detection": [
            0.9844819825561805,
            0.9988974186417542,
            0.9975555431776265
        ]
    }
}