{
    "codi": {
        "shape": [
            0.8546038900718711,
            0.855246677404633,
            0.8548692374650055
        ],
        "trend": [
            0.5050252154929314,
            0.5049522652710949,
            0.5055994440147709
        ],
        "quality": [
            0.6798145527824013,
            0.680099471337864,
            0.6802343407398882
        ],
        "detection": [
            0.4989810405043771,
            0.5029294602809611,
            0.5026855147478979
        ]
    },
    "fairsmote": {
        "shape": [
            0.9234282477088352,
            0.9238882838151297,
            0.923631934866729
        ],
        "trend": [
            0.8743732908019148,
            0.8751216510422629,
            0.8746680166338089
        ],
        "quality": [
            0.898900769255375,
            0.8995049674286963,
            0.899149975750269
        ],
        "detection": [
            0.749902852823376,
            0.7418701176342979,
            0.7350772495779616
        ]
    },
    "fairtabddpm": {
        "shape": [
            0.8740309095487832,
            0.8748662486782943,
            0.8729818135452784
        ],
        "trend": [
            0.7994891233014622,
            0.7992220629751005,
            0.7990798386144118
        ],
        "quality": [
            0.8367600164251227,
            0.8370441558266974,
            0.836030826079845
        ],
        "detection": [
            0.40769172476938087,
            0.39435757144277817,
            0.36516571270311393
        ]
    },
    "fairtabgan": {
        "shape": [
            0.9659846846221742,
            0.9652385326426879,
            0.9658613877821176
        ],
        "trend": [
            0.9197701085324258,
            0.919165885914689,
            0.920746608910902
        ],
        "quality": [
            0.9428773965773001,
            0.9422022092786884,
            0.9433039983465098
        ],
        "detection": [
            0.9321883273417678,
            0.9380632387631237,
            0.9406216976768996
        ]
    },
    "goggle": {
        "shape": [
            0.5200454681700897,
            0.5208916063413374,
            0.5200453998448317
        ],
        "trend": [
            0.3498349955533282,
            0.35095246800911795,
            0.3498645175398865
        ],
        "quality": [
            0.43494023186170894,
            0.43592203717522765,
            0.4349549586923591
        ],
        "detection": [
            0.011367750099115503,
            0.009717601137395282,
            0.010743204005713936
        ]
    },
    "great": {
        "shape": [
            0.9226423606082457,
            0.9233391229081886,
            0.9227974896797426
        ],
        "trend": [
            0.8079578890587319,
            0.7969690564907679,
            0.7721233485041932
        ],
        "quality": [
            0.8653001248334888,
            0.8601540896994783,
            0.8474604190919679
        ],
        "detection": [
            0.6899911325132475,
            0.7121825071671264,
            0.670815263652967
        ]
    },
    "smote": {
        "shape": [
            0.9750470633896631,
            0.9745411589255701,
            0.9742219498391472
        ],
        "trend": [
            0.9456371159861813,
            0.950935612084483,
            0.9420074151444142
        ],
        "quality": [
            0.9603420896879222,
            0.9627383855050266,
            0.9581146824917808
        ],
        "detection": [
            0.8993900813210916,
            0.9167954730914102,
            0.9138933073327055
        ]
    },
    "stasy": {
        "shape": [
            0.8981485696179926,
            0.8986143953198096,
            0.8984463386556722
        ],
        "trend": [
            0.836216691101752,
            0.8372212073479965,
            0.8369009324438943
        ],
        "quality": [
            0.8671826303598723,
            0.8679178013339031,
            0.8676736355497833
        ],
        "detection": [
            0.6338497193195958,
            0.6413663642079392,
            0.6420161363440848
        ]
    },
    "tabddpm": {
        "shape": [
            0.9628529200059951,
            0.9632393496719521,
            0.9642081512403265
        ],
        "trend": [
            0.9437531719694509,
            0.9439339004612186,
            0.9466727867799186
        ],
        "quality": [
            0.953303045987723,
            0.9535866250665854,
            0.9554404690101226
        ],
        "detection": [
            0.8195235682063574,
            0.8319343427418832,
            0.8502112917462954
        ]
    },
    "tabsyn": {
        "shape": [
            0.41952611588707306,
            0.41829965272911745,
            0.4174446127155384
        ],
        "trend": [
            0.25405842269786155,
            0.2545120885577588,
            0.254104319337208
        ],
        "quality": [
            0.3367922692924673,
            0.33640587064343813,
            0.3357744660263732
        ],
        "detection": [
            0.005195173889630311,
            0.004528613889132949,
            0.004916124115384668
        ]
    }
}