{
    "fairsmote": {
        "shape": [
            0.9238235960586731,
            0.9241841602939093,
            0.9242003091027694
        ],
        "trend": [
            0.8864619393217436,
            0.8873382660064095,
            0.8870142376790899
        ],
        "quality": [
            0.9051427676902084,
            0.9057612131501593,
            0.9056072733909297
        ]
    },
    "tabddpm": {
        "shape": [
            0.9622838441466544,
            0.9629059602258487,
            0.9640912240354991
        ],
        "trend": [
            0.9493871429772939,
            0.9499482432424285,
            0.9521044700914544
        ],
        "quality": [
            0.9558354935619742,
            0.9564271017341386,
            0.9580978470634767
        ]
    }
}