{
    "codi": [
        0.5987743139266968,
        0.5991348028182983,
        0.6031002402305603
    ],
    "fairsmote": [
        0.9894401431083679,
        0.9887033700942993,
        0.986861526966095
    ],
    "fairtabddpm": [
        0.6360250115394592,
        0.6252102851867676,
        0.6294159889221191
    ],
    "fairtabgan": [
        0.6327805519104004,
        0.6270127296447754,
        0.6178803443908691
    ],
    "goggle": [
        0.9370343685150146,
        0.9358327388763428,
        0.9406392574310303
    ],
    "great": [
        0.6250751614570618,
        0.6242337226867676,
        0.6189903616905212
    ],
    "smote": [
        0.7304734587669373,
        0.7236241102218628,
        0.7268685698509216
    ],
    "stasy": [
        0.6386685967445374,
        0.6393895745277405,
        0.6373468041419983
    ],
    "tabddpm": [
        0.6300168037414551,
        0.6399903893470764,
        0.6300168037414551
    ],
    "tabsyn": [
        0.990266740322113,
        0.9860610365867615,
        0.9895457625389099
    ]
}