{
    "codi": {
        "shape": [
            0.7942601938718111,
            0.7950479318581626,
            0.7955819915168006
        ],
        "trend": [
            0.4490158105018256,
            0.4500558333428033,
            0.45150795214224354
        ],
        "quality": [
            0.6216380021868184,
            0.622551882600483,
            0.6235449718295221
        ],
        "detection": [
            0.1953640657133645,
            0.19944823590219707,
            0.20240562493036673
        ]
    },
    "fairsmote": {
        "shape": [
            0.9618320913223025,
            0.9614089192136047,
            0.9610341036359878
        ],
        "trend": [
            0.9266482705563547,
            0.926133874830322,
            0.9257025893909989
        ],
        "quality": [
            0.9442401809393286,
            0.9437713970219633,
            0.9433683465134934
        ],
        "detection": [
            0.8316915782005868,
            0.8275051701259455,
            0.8303069149089278
        ]
    },
    "fairtabddpm": {
        "shape": [
            0.8925338460306017,
            0.8889556463456968,
            0.8910585062351465
        ],
        "trend": [
            0.829586338545098,
            0.8228910423053176,
            0.8267454433699517
        ],
        "quality": [
            0.8610600922878499,
            0.8559233443255072,
            0.858901974802549
        ],
        "detection": [
            0.41325075931673716,
            0.39697264415148936,
            0.4013392460321378
        ]
    },
    "fairtabgan": {
        "shape": [
            0.9451921279710189,
            0.9444377687090637,
            0.9458329995566701
        ],
        "trend": [
            0.9139239247239136,
            0.912263895378924,
            0.9141175817405442
        ],
        "quality": [
            0.9295580263474663,
            0.9283508320439939,
            0.9299752906486072
        ],
        "detection": [
            0.8718564096486291,
            0.864862326679208,
            0.8613840850954558
        ]
    },
    "goggle": {
        "shape": [
            0.5671446500815602,
            0.5655624983552124,
            0.5663368848541843
        ],
        "trend": [
            0.45848174593402624,
            0.4569247556921076,
            0.45847414097342637
        ],
        "quality": [
            0.5128131980077932,
            0.51124362702366,
            0.5124055129138053
        ],
        "detection": [
            0.019753064600445014,
            0.020201316616842546,
            0.024114468351796314
        ]
    },
    "great": {
        "shape": [
            0.9061027505215962,
            0.9073205528986907,
            0.9063391869994474
        ],
        "trend": [
            0.8123164966432063,
            0.8454946801186535,
            0.8469226208536865
        ],
        "quality": [
            0.8592096235824012,
            0.876407616508672,
            0.876630903926567
        ],
        "detection": [
            0.48017182199381503,
            0.4902469161160513,
            0.49436742556513213
        ]
    },
    "smote": {
        "shape": [
            0.9796189484365405,
            0.9779433362706613,
            0.9781970146065314
        ],
        "trend": [
            0.9507299961498897,
            0.9600591829811722,
            0.9474821219210818
        ],
        "quality": [
            0.9651744722932152,
            0.9690012596259168,
            0.9628395682638067
        ],
        "detection": [
            0.9201848038927751,
            0.9278121922815751,
            0.9263231015088956
        ]
    },
    "stasy": {
        "shape": [
            0.8913455633218494,
            0.8930679056962698,
            0.8917127293230787
        ],
        "trend": [
            0.8610646558975694,
            0.8625449322250915,
            0.8620632633339951
        ],
        "quality": [
            0.8762051096097094,
            0.8778064189606807,
            0.8768879963285369
        ],
        "detection": [
            0.5761038184244922,
            0.5726751323400403,
            0.587480617475383
        ]
    },
    "tabddpm": {
        "shape": [
            0.9427621565328848,
            0.9446981227803146,
            0.9429958076317124
        ],
        "trend": [
            0.9100463756096909,
            0.9113163933118421,
            0.9088745566800438
        ],
        "quality": [
            0.9264042660712879,
            0.9280072580460783,
            0.9259351821558781
        ],
        "detection": [
            0.7101685978583361,
            0.695351850109516,
            0.7123166381549275
        ]
    },
    "tabsyn": {
        "shape": [
            0.46784960881441723,
            0.4692314881703412,
            0.466888301436383
        ],
        "trend": [
            0.3501293971188041,
            0.35166071443049085,
            0.34957743525468127
        ],
        "quality": [
            0.40898950296661063,
            0.41044610130041603,
            0.40823286834553213
        ],
        "detection": [
            9.200688856092487e-05,
            0.00010413585692103933,
            0.00012354220629751111
        ]
    }
}