{
    "codi": {
        "shape": [
            0.7942601938718111,
            0.7950479318581626,
            0.7955819915168006
        ],
        "trend": [
            0.4490158105018256,
            0.4500558333428033,
            0.45150795214224354
        ],
        "quality": [
            0.6216380021868184,
            0.622551882600483,
            0.6235449718295221
        ],
        "detection": [
            0.19411755430788913,
            0.1967777836112341,
            0.20136911794849943
        ]
    },
    "fairsmote": {
        "shape": [
            0.9618320913223025,
            0.9614089192136047,
            0.9610341036359878
        ],
        "trend": [
            0.9266482705563547,
            0.926133874830322,
            0.9257025893909989
        ],
        "quality": [
            0.9442401809393286,
            0.9437713970219633,
            0.9433683465134934
        ],
        "detection": [
            0.828369106989883,
            0.8371328022432669,
            0.8278452156623363
        ]
    },
    "fairtabddpm": {
        "shape": [
            0.8925338460306017,
            0.8889556463456968,
            0.8910585062351465
        ],
        "trend": [
            0.829586338545098,
            0.8228910423053176,
            0.8267454433699517
        ],
        "quality": [
            0.8610600922878499,
            0.8559233443255072,
            0.858901974802549
        ],
        "detection": [
            0.4135631668875005,
            0.3981917787426661,
            0.4005423728108729
        ]
    },
    "fairtabgan": {
        "shape": [
            0.9451921279710189,
            0.9444377687090637,
            0.9458329995566701
        ],
        "trend": [
            0.9139239247239136,
            0.912263895378924,
            0.9141175817405442
        ],
        "quality": [
            0.9295580263474663,
            0.9283508320439939,
            0.9299752906486072
        ],
        "detection": [
            0.8678684048517954,
            0.8766565355126664,
            0.8618394412218932
        ]
    },
    "goggle": {
        "shape": [
            0.8356164383617155,
            0.8371251568855747,
            0.8357432775296505
        ],
        "trend": [
            0.6818157966603845,
            0.6853462008422356,
            0.6363300227092837
        ],
        "quality": [
            0.75871611751105,
            0.7612356788639052,
            0.7360366501194671
        ],
        "detection": [
            0.20273743885050644,
            0.20582192213999362,
            0.20752387630739444
        ]
    },
    "great": {
        "shape": [
            0.9061027505215962,
            0.9073205528986907,
            0.9063391869994474
        ],
        "trend": [
            0.8123164966432063,
            0.8454946801186535,
            0.8469226208536865
        ],
        "quality": [
            0.8592096235824012,
            0.876407616508672,
            0.876630903926567
        ],
        "detection": [
            0.4826045571273724,
            0.4878122743144163,
            0.4917362984751038
        ]
    },
    "smote": {
        "shape": [
            0.9796189484365405,
            0.9779433362706613,
            0.9781970146065314
        ],
        "trend": [
            0.9507299961498897,
            0.9600591829811722,
            0.9474821219210818
        ],
        "quality": [
            0.9651744722932152,
            0.9690012596259168,
            0.9628395682638067
        ],
        "detection": [
            0.9259406924635962,
            0.9200604819670831,
            0.9383884794206927
        ]
    },
    "stasy": {
        "shape": [
            0.8913455633218494,
            0.8930679056962698,
            0.8917127293230787
        ],
        "trend": [
            0.8610646558975694,
            0.8625449322250915,
            0.8620632633339951
        ],
        "quality": [
            0.8762051096097094,
            0.8778064189606807,
            0.8768879963285369
        ],
        "detection": [
            0.5759009181109236,
            0.5728047390305178,
            0.5883407346030978
        ]
    },
    "tabddpm": {
        "shape": [
            0.9427621565328848,
            0.9446981227803146,
            0.9429958076317124
        ],
        "trend": [
            0.9100463756096909,
            0.9113163933118421,
            0.9088745566800438
        ],
        "quality": [
            0.9264042660712879,
            0.9280072580460783,
            0.9259351821558781
        ],
        "detection": [
            0.7087737664969129,
            0.6984093897621457,
            0.7060553181454392
        ]
    },
    "tabsyn": {
        "shape": [
            0.9746455179098048,
            0.9727562818810882,
            0.9719218136665866
        ],
        "trend": [
            0.9462723056662263,
            0.9477701400705681,
            0.9449593606138298
        ],
        "quality": [
            0.9604589117880156,
            0.9602632109758282,
            0.9584405871402082
        ],
        "detection": [
            0.921496638456419,
            0.8981944644428029,
            0.8841144648863768
        ]
    }
}