{
    "CatBoost": {
        "AUC": {
            "Train": [
                0.6550901062179258,
                0.6005489915264351,
                0.6070533476548514
            ],
            "Validation": [
                0.6320777067045724,
                0.6403695806680881,
                0.6531627576403697
            ],
            "Test": [
                0.6265031265031266,
                0.5276575276575276,
                0.5418470418470419
            ]
        },
        "DPR": {
            "Train": {
                "Sex": [
                    0.9067628913979746,
                    0.9253132832080201,
                    0.9478818998716303
                ]
            },
            "Validation": {
                "Sex": [
                    0.8470588235294118,
                    0.8130252100840336,
                    0.9629629629629629
                ]
            },
            "Test": {
                "Sex": [
                    0.6470797720797721,
                    0.9830316742081447,
                    0.7757774140752866
                ]
            }
        },
        "EOR": {
            "Train": {
                "Sex": [
                    0.945887445887446,
                    0.7719298245614035,
                    0.8322368421052632
                ]
            },
            "Validation": {
                "Sex": [
                    0.7803571428571427,
                    0.7477124183006535,
                    0.9153318077803204
                ]
            },
            "Test": {
                "Sex": [
                    0.4135338345864661,
                    0.8484848484848485,
                    0.5714285714285714
                ]
            }
        }
    }
}