{
    "CatBoost": {
        "AUC": {
            "Train": [
                0.5157536698890082,
                0.5873314237975892,
                0.5504236782432271
            ],
            "Validation": [
                0.5087656953328596,
                0.5649135276000948,
                0.5399194503672116
            ],
            "Test": [
                0.4514189514189514,
                0.5183982683982684,
                0.5064935064935066
            ]
        },
        "DPR": {
            "Train": {
                "Sex": [
                    0.9252322445310159,
                    0.31580789082320004,
                    0.5767362797474501
                ]
            },
            "Validation": {
                "Sex": [
                    0.9866310160427808,
                    0.2905982905982906,
                    0.46258503401360546
                ]
            },
            "Test": {
                "Sex": [
                    0.9075924075924076,
                    0.26421404682274247,
                    0.7066189624329159
                ]
            }
        },
        "EOR": {
            "Train": {
                "Sex": [
                    0.9210526315789473,
                    0.2222222222222222,
                    0.5135135135135135
                ]
            },
            "Validation": {
                "Sex": [
                    0.9777777777777777,
                    0.239880059970015,
                    0.42319749216300934
                ]
            },
            "Test": {
                "Sex": [
                    0.8095238095238095,
                    0.24731182795698925,
                    0.5707196029776676
                ]
            }
        }
    }
}