{
    "CatBoost": {
        "AUC": {
            "Train": [
                0.45393245017305167,
                0.5034908700322234,
                0.3961988304093567
            ],
            "Validation": [
                0.4875621890547264,
                0.49490642027955467,
                0.3937455579246624
            ],
            "Test": [
                0.5196007696007696,
                0.5425685425685426,
                0.5242905242905244
            ]
        },
        "DPR": {
            "Train": {
                "Sex": [
                    0.2135338345864662,
                    0.09342105263157895,
                    0.23779904306220095
                ]
            },
            "Validation": {
                "Sex": [
                    0.35294117647058826,
                    0.17647058823529413,
                    0.4048442906574395
                ]
            },
            "Test": {
                "Sex": [
                    0.11615785554728221,
                    0.6582278481012658,
                    0.4050632911392405
                ]
            }
        },
        "EOR": {
            "Train": {
                "Sex": [
                    0.125,
                    0.0,
                    0.1818181818181818
                ]
            },
            "Validation": {
                "Sex": [
                    0.12777777777777777,
                    0.0,
                    0.22115384615384617
                ]
            },
            "Test": {
                "Sex": [
                    0.0,
                    NaN,
                    0.21212121212121213
                ]
            }
        }
    }
}