{
    "CatBoost": {
        "AUC": {
            "Train": [
                0.8840553765365795,
                0.9039861558658552,
                0.8857858933046903
            ],
            "Validation": [
                0.7216299455105426,
                0.7671167969675433,
                0.7273158019426677
            ],
            "Test": [
                0.6188071188071188,
                0.5856180856180857,
                0.5918710918710919
            ]
        },
        "DPR": {
            "Train": {
                "Sex": [
                    0.9175050301810864,
                    0.6690140845070423,
                    0.8836035078394898
                ]
            },
            "Validation": {
                "Sex": [
                    0.7373949579831932,
                    0.8755656108597285,
                    0.6228373702422145
                ]
            },
            "Test": {
                "Sex": [
                    0.8177982355197545,
                    0.8340874811463046,
                    0.7710669077757685
                ]
            }
        },
        "EOR": {
            "Train": {
                "Sex": [
                    0.75,
                    0.588235294117647,
                    0.875
                ]
            },
            "Validation": {
                "Sex": [
                    0.6229166666666667,
                    0.6325000000000001,
                    0.5339285714285714
                ]
            },
            "Test": {
                "Sex": [
                    0.6893939393939394,
                    0.8137356919875129,
                    0.7300724637681159
                ]
            }
        }
    }
}