{
    "CatBoost": {
        "AUC": {
            "Train": [
                0.5207662012173291,
                0.5328499820981024,
                0.50656402912042
            ],
            "Validation": [
                0.5486851457000711,
                0.5150438284766643,
                0.5197820421701018
            ],
            "Test": [
                0.502044252044252,
                0.5115440115440115,
                0.491943241943242
            ]
        },
        "DPR": {
            "Train": {
                "Sex": [
                    0.892018779342723,
                    0.8637007228556524,
                    0.8820520890707373
                ]
            },
            "Validation": {
                "Sex": [
                    0.9103078982597055,
                    0.9555555555555556,
                    0.8972222222222223
                ]
            },
            "Test": {
                "Sex": [
                    0.8484015984015983,
                    0.8846153846153846,
                    0.9115384615384616
                ]
            }
        },
        "EOR": {
            "Train": {
                "Sex": [
                    0.8874061718098416,
                    0.8421052631578947,
                    0.8648648648648648
                ]
            },
            "Validation": {
                "Sex": [
                    0.8695652173913043,
                    0.9545454545454546,
                    0.8260869565217391
                ]
            },
            "Test": {
                "Sex": [
                    0.7619047619047619,
                    0.8095238095238095,
                    0.8110599078341013
                ]
            }
        }
    }
}