{
    "CatBoost": {
        "AUC": {
            "Train": [
                0.6031746031746031,
                0.611170784103115,
                0.5028046306241796
            ],
            "Validation": [
                0.6183368869936036,
                0.6334991708126037,
                0.4811656005685856
            ],
            "Test": [
                0.5271765271765272,
                0.6012506012506013,
                0.5214045214045215
            ]
        },
        "DPR": {
            "Train": {
                "Sex": [
                    0.909339532339669,
                    0.9859154929577465,
                    0.7481447826745419
                ]
            },
            "Validation": {
                "Sex": [
                    0.7840670859538784,
                    1.0,
                    0.6570048309178744
                ]
            },
            "Test": {
                "Sex": [
                    0.8681318681318683,
                    0.8862179487179487,
                    0.33760683760683763
                ]
            }
        },
        "EOR": {
            "Train": {
                "Sex": [
                    0.8648648648648648,
                    0.925,
                    0.7
                ]
            },
            "Validation": {
                "Sex": [
                    0.525974025974026,
                    0.9472222222222222,
                    0.5727272727272726
                ]
            },
            "Test": {
                "Sex": [
                    0.7144563918757467,
                    0.8810483870967742,
                    0.336734693877551
                ]
            }
        }
    }
}