{
    "CatBoost": {
        "AUC": {
            "Train": [
                0.7572502685284641,
                0.7516410072801051,
                0.8121494211719775
            ],
            "Validation": [
                0.6640606491352761,
                0.7455579246624023,
                0.7436626391850273
            ],
            "Test": [
                0.5572390572390573,
                0.5656565656565656,
                0.5132275132275131
            ]
        },
        "DPR": {
            "Train": {
                "Sex": [
                    0.9134502923976608,
                    0.8200817810086324,
                    0.6861682918020946
                ]
            },
            "Validation": {
                "Sex": [
                    0.680672268907563,
                    0.8580121703853956,
                    0.997737556561086
                ]
            },
            "Test": {
                "Sex": [
                    0.8462929475587704,
                    0.8462929475587704,
                    0.9811698717948718
                ]
            }
        },
        "EOR": {
            "Train": {
                "Sex": [
                    0.8235294117647058,
                    0.8235294117647058,
                    0.5
                ]
            },
            "Validation": {
                "Sex": [
                    0.6516666666666666,
                    0.7822222222222223,
                    0.9202614379084968
                ]
            },
            "Test": {
                "Sex": [
                    0.8321678321678321,
                    0.8181818181818181,
                    0.9210233592880979
                ]
            }
        }
    }
}