{
    "CatBoost": {
        "AUC": {
            "Train": [
                0.8232485976846879,
                0.8512949039264829,
                0.8606038906790786
            ],
            "Validation": [
                0.7322909263207772,
                0.7642738687514807,
                0.7630893153281214
            ],
            "Test": [
                0.6077441077441077,
                0.5608465608465608,
                0.6034151034151034
            ]
        },
        "DPR": {
            "Train": {
                "Sex": [
                    0.7832360013740982,
                    0.6886909693454847,
                    0.7354047951833136
                ]
            },
            "Validation": {
                "Sex": [
                    0.926470588235294,
                    0.6702508960573477,
                    0.8360655737704917
                ]
            },
            "Test": {
                "Sex": [
                    0.9256329113924051,
                    0.7995951417004048,
                    0.9459361393323656
                ]
            }
        },
        "EOR": {
            "Train": {
                "Sex": [
                    0.7916666666666666,
                    0.6285714285714286,
                    0.5806451612903225
                ]
            },
            "Validation": {
                "Sex": [
                    0.7976608187134503,
                    0.5072463768115942,
                    0.6805293005671078
                ]
            },
            "Test": {
                "Sex": [
                    0.9189723320158102,
                    0.6547619047619047,
                    0.8231292517006803
                ]
            }
        }
    }
}