{
    "CatBoost": {
        "AUC": {
            "Train": [
                0.6142737796873136,
                0.5765604487408998,
                0.44662250865258385
            ],
            "Validation": [
                0.566453447050462,
                0.5844586590855247,
                0.40227434257285005
            ],
            "Test": [
                0.5818903318903319,
                0.5863395863395864,
                0.4609187109187109
            ]
        },
        "DPR": {
            "Train": {
                "Sex": [
                    0.7334376630151278,
                    0.9227780475959204,
                    0.9692802484196519
                ]
            },
            "Validation": {
                "Sex": [
                    0.7212121212121212,
                    0.7777777777777778,
                    0.92991452991453
                ]
            },
            "Test": {
                "Sex": [
                    0.8026124818577648,
                    0.33760683760683763,
                    0.9732572115384616
                ]
            }
        },
        "EOR": {
            "Train": {
                "Sex": [
                    0.6353187042842215,
                    0.8128342245989305,
                    0.8636363636363636
                ]
            },
            "Validation": {
                "Sex": [
                    0.6688963210702341,
                    0.5113636363636364,
                    0.8463949843260187
                ]
            },
            "Test": {
                "Sex": [
                    0.6285714285714286,
                    0.2967741935483871,
                    0.9224062772449869
                ]
            }
        }
    }
}