{
    "CatBoost": {
        "AUC": {
            "Train": [
                0.46986513903807137,
                0.5528404344193818,
                0.38873970640887934
            ],
            "Validation": [
                0.5316275764036958,
                0.5048566690357735,
                0.39824686093342815
            ],
            "Test": [
                0.5619288119288119,
                0.49783549783549785,
                0.49567099567099565
            ]
        },
        "DPR": {
            "Train": {
                "Sex": [
                    0.9253132832080201,
                    0.0,
                    0.9047091412742383
                ]
            },
            "Validation": {
                "Sex": [
                    0.7058823529411764,
                    0.2698412698412699,
                    0.6538461538461539
                ]
            },
            "Test": {
                "Sex": [
                    0.6582278481012658,
                    0.3291139240506329,
                    0.8795546558704453
                ]
            }
        },
        "EOR": {
            "Train": {
                "Sex": [
                    0.7307692307692307,
                    0.0,
                    0.7598684210526315
                ]
            },
            "Validation": {
                "Sex": [
                    0.5175000000000001,
                    0.0,
                    0.47202797202797203
                ]
            },
            "Test": {
                "Sex": [
                    0.38181818181818183,
                    0.0,
                    0.7419354838709677
                ]
            }
        }
    }
}