{
    "CatBoost": {
        "AUC": {
            "Train": [
                0.5167084377610693,
                0.5974161594462346,
                0.46795560329394914
            ],
            "Validation": [
                0.4774934849561715,
                0.6205875384979864,
                0.5202558635394456
            ],
            "Test": [
                0.4858104858104858,
                0.5818903318903319,
                0.5420875420875422
            ]
        },
        "DPR": {
            "Train": {
                "Sex": [
                    0.8773955206649734,
                    0.9263271939328277,
                    0.39284750337381913
                ]
            },
            "Validation": {
                "Sex": [
                    0.9264705882352942,
                    0.884160756501182,
                    0.32225063938618925
                ]
            },
            "Test": {
                "Sex": [
                    0.9075924075924076,
                    0.6775874906924795,
                    0.28463906944919604
                ]
            }
        },
        "EOR": {
            "Train": {
                "Sex": [
                    0.8533333333333333,
                    0.8888888888888888,
                    0.3504155124653739
                ]
            },
            "Validation": {
                "Sex": [
                    0.9079365079365079,
                    0.7758620689655172,
                    0.3111111111111111
                ]
            },
            "Test": {
                "Sex": [
                    0.7619047619047619,
                    0.6432806324110671,
                    0.19886363636363638
                ]
            }
        }
    }
}