{
    "CatBoost": {
        "AUC": {
            "Train": [
                0.8647213271273422,
                0.9099534550662369,
                0.8953335720253013
            ],
            "Validation": [
                0.7199715707178395,
                0.7474532101397773,
                0.7358445865908553
            ],
            "Test": [
                0.5993265993265993,
                0.5846560846560847,
                0.5868205868205868
            ]
        },
        "DPR": {
            "Train": {
                "Sex": [
                    0.8636257309941521,
                    0.8078660643103908,
                    0.993963782696177
                ]
            },
            "Validation": {
                "Sex": [
                    0.6148007590132827,
                    0.7849898580121702,
                    0.6121323529411764
                ]
            },
            "Test": {
                "Sex": [
                    0.7649674991447143,
                    0.9811698717948718,
                    0.7115976736229901
                ]
            }
        },
        "EOR": {
            "Train": {
                "Sex": [
                    0.43333333333333335,
                    0.8571428571428571,
                    0.6
                ]
            },
            "Validation": {
                "Sex": [
                    0.591812865497076,
                    0.6795454545454546,
                    0.48653846153846164
                ]
            },
            "Test": {
                "Sex": [
                    0.6363636363636364,
                    0.9721913236929922,
                    0.7019927536231884
                ]
            }
        }
    }
}