{
    "CatBoost": {
        "AUC": {
            "Train": [
                0.8353025420694593,
                0.8717030671917889,
                0.864781000119346
            ],
            "Validation": [
                0.7405828002842929,
                0.7709073679222933,
                0.746031746031746
            ],
            "Test": [
                0.5969215969215969,
                0.5858585858585859,
                0.6195286195286196
            ]
        },
        "DPR": {
            "Train": {
                "Sex": [
                    0.6361117524821057,
                    0.6145018257694314,
                    0.8848250795093139
                ]
            },
            "Validation": {
                "Sex": [
                    0.8354700854700854,
                    0.8354700854700854,
                    0.946524064171123
                ]
            },
            "Test": {
                "Sex": [
                    0.8256688963210702,
                    0.8472633136094675,
                    0.8660892738174552
                ]
            }
        },
        "EOR": {
            "Train": {
                "Sex": [
                    0.5384615384615384,
                    0.45161290322580644,
                    0.9615384615384616
                ]
            },
            "Validation": {
                "Sex": [
                    0.5491990846681922,
                    0.8522727272727272,
                    0.9044444444444444
                ]
            },
            "Test": {
                "Sex": [
                    0.7394957983193277,
                    0.673469387755102,
                    0.8086956521739131
                ]
            }
        }
    }
}