{
    "CatBoost": {
        "AUC": {
            "Train": [
                0.6373672275927915,
                0.5986991287743167,
                0.6297887576083064
            ],
            "Validation": [
                0.6216536365790097,
                0.634683724235963,
                0.689647003079839
            ],
            "Test": [
                0.5788840788840789,
                0.5295815295815296,
                0.5358345358345358
            ]
        },
        "DPR": {
            "Train": {
                "Sex": [
                    0.9667048054919908,
                    0.7319128445889009,
                    0.6568501920614597
                ]
            },
            "Validation": {
                "Sex": [
                    0.926470588235294,
                    0.874485596707819,
                    0.5782312925170068
                ]
            },
            "Test": {
                "Sex": [
                    0.815883190883191,
                    0.8262483130904184,
                    0.5248251748251748
                ]
            }
        },
        "EOR": {
            "Train": {
                "Sex": [
                    0.8906882591093117,
                    0.4444444444444445,
                    0.6818181818181819
                ]
            },
            "Validation": {
                "Sex": [
                    0.8624999999999999,
                    0.6805293005671078,
                    0.5797101449275363
                ]
            },
            "Test": {
                "Sex": [
                    0.673469387755102,
                    0.8198757763975154,
                    0.35714285714285715
                ]
            }
        }
    }
}