{
    "CatBoost": {
        "AUC": {
            "Train": [
                0.8256355173648405,
                0.8642439431913116,
                0.8560687432867883
            ],
            "Validation": [
                0.7505330490405119,
                0.7822790807865435,
                0.7495854063018244
            ],
            "Test": [
                0.6017316017316017,
                0.5670995670995671,
                0.6216931216931216
            ]
        },
        "DPR": {
            "Train": {
                "Sex": [
                    0.7238513045486031,
                    0.8474178403755869,
                    0.784708249496982
                ]
            },
            "Validation": {
                "Sex": [
                    0.9629629629629629,
                    0.8480725623582767,
                    0.96045197740113
                ]
            },
            "Test": {
                "Sex": [
                    0.8229166666666666,
                    0.8975834292289989,
                    0.9234539969834087
                ]
            }
        },
        "EOR": {
            "Train": {
                "Sex": [
                    0.7999999999999999,
                    0.75,
                    0.8666666666666667
                ]
            },
            "Validation": {
                "Sex": [
                    0.927536231884058,
                    0.7453416149068324,
                    0.9109730848861284
                ]
            },
            "Test": {
                "Sex": [
                    0.6111111111111112,
                    0.8664596273291927,
                    0.7071428571428571
                ]
            }
        }
    }
}