{
    "CatBoost": {
        "AUC": {
            "Train": [
                0.9214703425229741,
                0.9226041293710467,
                0.9207542666189283
            ],
            "Validation": [
                0.7692489931295902,
                0.7820421701018716,
                0.7683013503909026
            ],
            "Test": [
                0.5875420875420876,
                0.5798460798460798,
                0.5882635882635883
            ]
        },
        "DPR": {
            "Train": {
                "Sex": [
                    0.7610802429254425,
                    0.6630936058830861,
                    0.7578212638663843
                ]
            },
            "Validation": {
                "Sex": [
                    0.8623188405797102,
                    0.9444444444444443,
                    0.9741176470588234
                ]
            },
            "Test": {
                "Sex": [
                    0.9767251939567171,
                    0.8229166666666666,
                    0.9654008438818565
                ]
            }
        },
        "EOR": {
            "Train": {
                "Sex": [
                    0.7272727272727272,
                    0.42857142857142855,
                    0.6153846153846153
                ]
            },
            "Validation": {
                "Sex": [
                    0.8057851239669422,
                    0.7666666666666666,
                    0.7475
                ]
            },
            "Test": {
                "Sex": [
                    0.881118881118881,
                    0.7419354838709677,
                    0.9097826086956523
                ]
            }
        }
    }
}