{
    "CatBoost": {
        "AUC": {
            "Train": [
                0.9505907626208379,
                0.953514739229025,
                0.9529776823009906
            ],
            "Validation": [
                0.7744610281923715,
                0.7628524046434494,
                0.7794361525704809
            ],
            "Test": [
                0.5901875901875901,
                0.582010582010582,
                0.5860990860990861
            ]
        },
        "DPR": {
            "Train": {
                "Sex": [
                    0.6390582299768762,
                    0.6190876602900988,
                    0.6438631790744468
                ]
            },
            "Validation": {
                "Sex": [
                    0.704331450094162,
                    0.7290448343079923,
                    0.6925925925925925
                ]
            },
            "Test": {
                "Sex": [
                    0.7596153846153847,
                    0.7342948717948717,
                    0.7969735182849937
                ]
            }
        },
        "EOR": {
            "Train": {
                "Sex": [
                    0.3333333333333333,
                    0.25,
                    0.34782608695652173
                ]
            },
            "Validation": {
                "Sex": [
                    0.5797101449275363,
                    0.6086956521739131,
                    0.5533596837944664
                ]
            },
            "Test": {
                "Sex": [
                    0.6914285714285715,
                    0.6547619047619047,
                    0.7542857142857142
                ]
            }
        }
    }
}