{
    "CatBoost": {
        "AUC": {
            "Train": [
                0.5071010860484544,
                0.5110096670247046,
                0.4872896527031865
            ],
            "Validation": [
                0.550817341862118,
                0.5126747216299455,
                0.49680170575692967
            ],
            "Test": [
                0.509018759018759,
                0.5422077922077922,
                0.48232323232323226
            ]
        },
        "DPR": {
            "Train": {
                "Sex": [
                    0.9274967989756722,
                    0.9557344064386318,
                    0.9964912280701754
                ]
            },
            "Validation": {
                "Sex": [
                    0.980309423347398,
                    0.9986631016042781,
                    0.9866310160427808
                ]
            },
            "Test": {
                "Sex": [
                    0.9443866943866943,
                    0.9667832167832168,
                    0.9470529470529472
                ]
            }
        },
        "EOR": {
            "Train": {
                "Sex": [
                    0.8918918918918919,
                    0.9362786745964315,
                    0.9824854045037532
                ]
            },
            "Validation": {
                "Sex": [
                    0.9610983981693364,
                    0.9989429175475687,
                    0.9777777777777777
                ]
            },
            "Test": {
                "Sex": [
                    0.8617511520737327,
                    0.9047619047619048,
                    0.8571428571428571
                ]
            }
        }
    }
}