{
    "CatBoost": {
        "AUC": {
            "Train": [
                0.5699964196204798,
                0.6029657477025898,
                0.5763217567728846
            ],
            "Validation": [
                0.5567401089789149,
                0.5229803364131722,
                0.5862354892205639
            ],
            "Test": [
                0.48929773929773923,
                0.4601972101972102,
                0.4918229918229918
            ]
        },
        "DPR": {
            "Train": {
                "Sex": [
                    0.4339550818424058,
                    0.24327784891165172,
                    0.3509582082659894
                ]
            },
            "Validation": {
                "Sex": [
                    0.4323962516733601,
                    0.265625,
                    0.5085470085470085
                ]
            },
            "Test": {
                "Sex": [
                    0.40902366863905326,
                    0.3038461538461538,
                    0.35059171597633143
                ]
            }
        },
        "EOR": {
            "Train": {
                "Sex": [
                    0.33628318584070793,
                    0.1694915254237288,
                    0.2590909090909091
                ]
            },
            "Validation": {
                "Sex": [
                    0.4090909090909091,
                    0.052700922266139656,
                    0.2898550724637681
                ]
            },
            "Test": {
                "Sex": [
                    0.3548387096774194,
                    0.27334465195246177,
                    0.21198156682027647
                ]
            }
        }
    }
}