{
    "CatBoost": {
        "AUC": {
            "Train": [
                0.578828022437045,
                0.5812746151092016,
                0.412608903210407
            ],
            "Validation": [
                0.5204927742241174,
                0.5690594645818526,
                0.3347547974413646
            ],
            "Test": [
                0.5763588263588263,
                0.5262145262145261,
                0.43494468494468497
            ]
        },
        "DPR": {
            "Train": {
                "Sex": [
                    0.6712475633528265,
                    0.5461538461538462,
                    0.8683891428038428
                ]
            },
            "Validation": {
                "Sex": [
                    0.7219251336898397,
                    0.9705882352941178,
                    0.828006088280061
                ]
            },
            "Test": {
                "Sex": [
                    0.9027124773960217,
                    0.6076923076923076,
                    0.9115384615384615
                ]
            }
        },
        "EOR": {
            "Train": {
                "Sex": [
                    0.5172413793103449,
                    0.3333333333333333,
                    0.7230443974630021
                ]
            },
            "Validation": {
                "Sex": [
                    0.6764705882352942,
                    0.43125,
                    0.7012987012987012
                ]
            },
            "Test": {
                "Sex": [
                    0.881118881118881,
                    0.0,
                    0.8380952380952381
                ]
            }
        }
    }
}