{
    "CatBoost": {
        "AUC": {
            "Train": [
                0.9207542666189282,
                0.9234395512591002,
                0.9178302900107412
            ],
            "Validation": [
                0.7396351575456053,
                0.7389244254915898,
                0.7320540156361052
            ],
            "Test": [
                0.5651755651755652,
                0.5634920634920634,
                0.5675805675805676
            ]
        },
        "DPR": {
            "Train": {
                "Sex": [
                    0.7922105263157895,
                    0.7996842105263158,
                    0.8160042964554243
                ]
            },
            "Validation": {
                "Sex": [
                    0.5429864253393665,
                    0.5294117647058824,
                    0.5565610859728507
                ]
            },
            "Test": {
                "Sex": [
                    0.7734177215189872,
                    0.7240506329113924,
                    0.7706082124112381
                ]
            }
        },
        "EOR": {
            "Train": {
                "Sex": [
                    0.18421052631578946,
                    0.21052631578947367,
                    0.2222222222222222
                ]
            },
            "Validation": {
                "Sex": [
                    0.3382352941176471,
                    0.3382352941176471,
                    0.3382352941176471
                ]
            },
            "Test": {
                "Sex": [
                    0.7516722408026756,
                    0.6998327759197325,
                    0.748792270531401
                ]
            }
        }
    }
}