{
    "CatBoost": {
        "AUC": {
            "Train": [
                0.49999999999999994,
                0.5092791502565939,
                0.48567848191908336
            ],
            "Validation": [
                0.5489220563847428,
                0.5098317934138831,
                0.4991708126036484
            ],
            "Test": [
                0.5073352573352574,
                0.5292207792207793,
                0.4901394901394902
            ]
        },
        "DPR": {
            "Train": {
                "Sex": [
                    0.9274967989756722,
                    0.9704380126915338,
                    0.9744335578689528
                ]
            },
            "Validation": {
                "Sex": [
                    0.9957983193277311,
                    0.9986631016042781,
                    0.9647058823529412
                ]
            },
            "Test": {
                "Sex": [
                    0.9317948717948719,
                    0.9667832167832168,
                    0.9470529470529472
                ]
            }
        },
        "EOR": {
            "Train": {
                "Sex": [
                    0.8918918918918919,
                    0.9362786745964315,
                    0.96
                ]
            },
            "Validation": {
                "Sex": [
                    0.9544973544973544,
                    0.9989429175475687,
                    0.9333333333333333
                ]
            },
            "Test": {
                "Sex": [
                    0.8617511520737327,
                    0.9047619047619048,
                    0.8571428571428571
                ]
            }
        }
    }
}