{
    "CatBoost": {
        "AUC": {
            "Train": [
                0.7886382623224728,
                0.7820742332020527,
                0.8219357918606038
            ],
            "Validation": [
                0.6943852167732765,
                0.7502961383558397,
                0.7282634446813551
            ],
            "Test": [
                0.5416065416065416,
                0.5601250601250601,
                0.5153920153920154
            ]
        },
        "DPR": {
            "Train": {
                "Sex": [
                    0.8474178403755869,
                    0.9137753349364479,
                    0.5045024243823597
                ]
            },
            "Validation": {
                "Sex": [
                    0.9,
                    0.9033816425120773,
                    0.6689814814814815
                ]
            },
            "Test": {
                "Sex": [
                    0.7745098039215687,
                    0.9434599156118144,
                    0.620094191522763
                ]
            }
        },
        "EOR": {
            "Train": {
                "Sex": [
                    0.7741935483870968,
                    0.8235294117647058,
                    0.3333333333333333
                ]
            },
            "Validation": {
                "Sex": [
                    0.7519230769230769,
                    0.43478260869565216,
                    0.5115089514066496
                ]
            },
            "Test": {
                "Sex": [
                    0.7142857142857143,
                    0.8677685950413222,
                    0.5238095238095238
                ]
            }
        }
    }
}