{
    "CatBoost": {
        "AUC": {
            "Train": [
                0.5786490034610335,
                0.641186299081036,
                0.4958825635517365
            ],
            "Validation": [
                0.5811419095001186,
                0.6275764036958066,
                0.5058043117744611
            ],
            "Test": [
                0.49470899470899465,
                0.6108706108706108,
                0.49422799422799424
            ]
        },
        "DPR": {
            "Train": {
                "Sex": [
                    0.8968421052631579,
                    0.615917728593785,
                    0.9557344064386318
                ]
            },
            "Validation": {
                "Sex": [
                    0.9127789046653144,
                    0.68,
                    0.7727272727272727
                ]
            },
            "Test": {
                "Sex": [
                    0.8681318681318683,
                    0.6553544494720965,
                    0.8570019723865877
                ]
            }
        },
        "EOR": {
            "Train": {
                "Sex": [
                    0.7391304347826088,
                    0.5853658536585366,
                    0.8333333333333334
                ]
            },
            "Validation": {
                "Sex": [
                    0.5750000000000001,
                    0.43478260869565216,
                    0.49090909090909085
                ]
            },
            "Test": {
                "Sex": [
                    0.7990074441687345,
                    0.6295210166177908,
                    0.8319327731092436
                ]
            }
        }
    }
}