{
    "CatBoost": {
        "AUC": {
            "Train": [
                0.48454469507101083,
                0.5586287146437522,
                0.4995226160639694
            ],
            "Validation": [
                0.4545131485429993,
                0.5608860459606728,
                0.49727552712627343
            ],
            "Test": [
                0.3965848965848966,
                0.5643338143338144,
                0.5163540163540163
            ]
        },
        "DPR": {
            "Train": {
                "Sex": [
                    0.9822556390977444,
                    0.6874273161907223,
                    0.5467211873390883
                ]
            },
            "Validation": {
                "Sex": [
                    0.9680555555555556,
                    0.7635933806146572,
                    0.4607046070460704
                ]
            },
            "Test": {
                "Sex": [
                    0.9349112426035503,
                    0.7419499105545617,
                    0.7596153846153846
                ]
            }
        },
        "EOR": {
            "Train": {
                "Sex": [
                    0.9605263157894737,
                    0.6341463414634146,
                    0.4
                ]
            },
            "Validation": {
                "Sex": [
                    0.9478935698447893,
                    0.45368620037807184,
                    0.39525691699604737
                ]
            },
            "Test": {
                "Sex": [
                    0.8571428571428571,
                    0.49107142857142855,
                    0.7419354838709677
                ]
            }
        }
    }
}