{
    "CatBoost": {
        "AUC": {
            "Train": [
                0.49409237379162185,
                0.5398913951545531,
                0.41213151927437647
            ],
            "Validation": [
                0.4918265813788202,
                0.5167022032693674,
                0.4032219853115375
            ],
            "Test": [
                0.6004088504088504,
                0.5117845117845118,
                0.45815295815295815
            ]
        },
        "DPR": {
            "Train": {
                "Sex": [
                    0.9030701754385966,
                    0.0,
                    0.9098398169336384
                ]
            },
            "Validation": {
                "Sex": [
                    0.8272058823529411,
                    0.0,
                    0.6513409961685823
                ]
            },
            "Test": {
                "Sex": [
                    0.740506329113924,
                    0.7596153846153847,
                    0.7196356275303644
                ]
            }
        },
        "EOR": {
            "Train": {
                "Sex": [
                    0.8442982456140351,
                    0.0,
                    0.8636363636363638
                ]
            },
            "Validation": {
                "Sex": [
                    0.7906250000000001,
                    0.0,
                    0.43831168831168826
                ]
            },
            "Test": {
                "Sex": [
                    0.7257525083612041,
                    0.0,
                    0.5395894428152492
                ]
            }
        }
    }
}