{
    "CatBoost": {
        "AUC": {
            "Train": [
                0.456796753789235,
                0.469984485022079,
                0.5115168874567371
            ],
            "Validation": [
                0.48756218905472637,
                0.44894574745321014,
                0.5008291873963515
            ],
            "Test": [
                0.468975468975469,
                0.4372294372294372,
                0.46272246272246276
            ]
        },
        "DPR": {
            "Train": {
                "Sex": [
                    0.9166940789473684,
                    0.8291118421052631,
                    0.8721961398017736
                ]
            },
            "Validation": {
                "Sex": [
                    0.8949579831932774,
                    0.9230769230769231,
                    0.96045197740113
                ]
            },
            "Test": {
                "Sex": [
                    0.9908026755852843,
                    0.807825086306099,
                    0.9830316742081447
                ]
            }
        },
        "EOR": {
            "Train": {
                "Sex": [
                    0.9166666666666667,
                    0.7857142857142858,
                    0.8529741863075196
                ]
            },
            "Validation": {
                "Sex": [
                    0.8761904761904763,
                    0.8800000000000001,
                    0.9237536656891495
                ]
            },
            "Test": {
                "Sex": [
                    0.9645161290322581,
                    0.8035117056856187,
                    0.9210233592880979
                ]
            }
        }
    }
}