{
    "CatBoost": {
        "AUC": {
            "Train": [
                0.4656880295978041,
                0.5105024465926722,
                0.5456498388829216
            ],
            "Validation": [
                0.5072257758824923,
                0.4925373134328358,
                0.5138592750533049
            ],
            "Test": [
                0.49639249639249644,
                0.525012025012025,
                0.4543049543049542
            ]
        },
        "DPR": {
            "Train": {
                "Sex": [
                    0.9944821731748728,
                    0.7576786017308671,
                    0.9203703703703703
                ]
            },
            "Validation": {
                "Sex": [
                    0.8861454046639232,
                    0.7928669410150891,
                    0.9595588235294118
                ]
            },
            "Test": {
                "Sex": [
                    0.9365121180189673,
                    0.6847237269772481,
                    0.8141239173884077
                ]
            }
        },
        "EOR": {
            "Train": {
                "Sex": [
                    0.9855072463768115,
                    0.5992578849721707,
                    0.8793103448275861
                ]
            },
            "Validation": {
                "Sex": [
                    0.8636363636363636,
                    0.7134894091415831,
                    0.9202614379084968
                ]
            },
            "Test": {
                "Sex": [
                    0.8669950738916256,
                    0.6712749615975423,
                    0.7658102766798418
                ]
            }
        }
    }
}