{
    "CatBoost": {
        "AUC": {
            "Train": [
                0.6399331662489557,
                0.5293591120658789,
                0.49477861319966576
            ],
            "Validation": [
                0.5103056147832268,
                0.5496327884387586,
                0.42264866145463165
            ],
            "Test": [
                0.5847763347763348,
                0.5642135642135642,
                0.4452861952861953
            ]
        },
        "DPR": {
            "Train": {
                "Sex": [
                    0.5596980576268067,
                    0.5978947368421053,
                    0.6768848384424192
                ]
            },
            "Validation": {
                "Sex": [
                    0.5179211469534051,
                    0.33689839572192515,
                    0.6455696202531646
                ]
            },
            "Test": {
                "Sex": [
                    0.434065934065934,
                    0.789873417721519,
                    0.6867755532139093
                ]
            }
        },
        "EOR": {
            "Train": {
                "Sex": [
                    0.5454545454545454,
                    0.5789473684210525,
                    0.5872727272727273
                ]
            },
            "Validation": {
                "Sex": [
                    0.3804347826086957,
                    0.19166666666666668,
                    0.6293706293706293
                ]
            },
            "Test": {
                "Sex": [
                    0.4099378881987577,
                    0.0,
                    0.6514555468135327
                ]
            }
        }
    }
}