{
    "CatBoost": {
        "AUC": {
            "Train": [
                0.5852727055734575,
                0.6314596013844134,
                0.4791144527986634
            ],
            "Validation": [
                0.6230751006870411,
                0.6612177209192135,
                0.4761904761904762
            ],
            "Test": [
                0.5028860028860028,
                0.637085137085137,
                0.4925444925444926
            ]
        },
        "DPR": {
            "Train": {
                "Sex": [
                    0.8920187793427229,
                    0.9342105263157896,
                    0.758359133126935
                ]
            },
            "Validation": {
                "Sex": [
                    0.7345679012345679,
                    0.8909853249475891,
                    0.9529411764705883
                ]
            },
            "Test": {
                "Sex": [
                    0.8631993006993007,
                    0.9873417721518989,
                    0.789873417721519
                ]
            }
        },
        "EOR": {
            "Train": {
                "Sex": [
                    0.8402948402948403,
                    0.875,
                    0.7368421052631579
                ]
            },
            "Validation": {
                "Sex": [
                    0.5844155844155844,
                    0.5072463768115942,
                    0.7954545454545454
                ]
            },
            "Test": {
                "Sex": [
                    0.7990074441687345,
                    0.9545454545454546,
                    0.6739130434782608
                ]
            }
        }
    }
}