{
    "CatBoost": {
        "AUC": {
            "Train": [
                0.5171261487050961,
                0.5312984843060031,
                0.5549588256355173
            ],
            "Validation": [
                0.5209665955934614,
                0.5362473347547975,
                0.5684671878701729
            ],
            "Test": [
                0.47294372294372294,
                0.4876142376142376,
                0.5024050024050024
            ]
        },
        "DPR": {
            "Train": {
                "Sex": [
                    0.44346076458752515,
                    0.8144399460188934,
                    0.9109979023074618
                ]
            },
            "Validation": {
                "Sex": [
                    0.554074074074074,
                    0.5823529411764706,
                    0.9444444444444444
                ]
            },
            "Test": {
                "Sex": [
                    0.38515709642470203,
                    0.698120444955888,
                    0.6969471332836932
                ]
            }
        },
        "EOR": {
            "Train": {
                "Sex": [
                    0.2933104631217838,
                    0.6956521739130435,
                    0.8636363636363638
                ]
            },
            "Validation": {
                "Sex": [
                    0.546583850931677,
                    0.4345679012345679,
                    0.6956521739130435
                ]
            },
            "Test": {
                "Sex": [
                    0.3105776444111028,
                    0.5909090909090909,
                    0.6363636363636365
                ]
            }
        }
    }
}