{
    "CatBoost": {
        "AUC": {
            "Train": [
                0.47195369375820506,
                0.5384592433464614,
                0.5714882444205752
            ],
            "Validation": [
                0.5197820421701019,
                0.5106609808102346,
                0.5653873489694385
            ],
            "Test": [
                0.4991582491582492,
                0.4760702260702261,
                0.49013949013949015
            ]
        },
        "DPR": {
            "Train": {
                "Sex": [
                    0.9204270207230645,
                    0.7655969191270859,
                    0.1672535211267606
                ]
            },
            "Validation": {
                "Sex": [
                    0.96996996996997,
                    0.5294117647058824,
                    0.3238095238095238
                ]
            },
            "Test": {
                "Sex": [
                    0.8773022751895991,
                    0.6235842771485677,
                    0.17873303167420815
                ]
            }
        },
        "EOR": {
            "Train": {
                "Sex": [
                    0.7556818181818182,
                    0.6739130434782609,
                    0.14285714285714285
                ]
            },
            "Validation": {
                "Sex": [
                    0.8693181818181819,
                    0.4074074074074074,
                    0.09153318077803203
                ]
            },
            "Test": {
                "Sex": [
                    0.8669950738916256,
                    0.5820158102766798,
                    0.14838709677419354
                ]
            }
        }
    }
}