{
    "CatBoost": {
        "AUC": {
            "Train": [
                0.6340255400405777,
                0.6072323666308629,
                0.6018021243585153
            ],
            "Validation": [
                0.6327884387585879,
                0.6583747927031509,
                0.6173892442549159
            ],
            "Test": [
                0.5800865800865801,
                0.5242905242905243,
                0.5935545935545935
            ]
        },
        "DPR": {
            "Train": {
                "Sex": [
                    0.785499462943072,
                    0.8095632619244881,
                    0.5808494377115405
                ]
            },
            "Validation": {
                "Sex": [
                    0.7172675521821632,
                    0.8553459119496856,
                    0.5151515151515151
                ]
            },
            "Test": {
                "Sex": [
                    0.9766483516483518,
                    0.7858090185676392,
                    0.5697115384615385
                ]
            }
        },
        "EOR": {
            "Train": {
                "Sex": [
                    0.7045454545454545,
                    0.6818181818181818,
                    0.5531914893617021
                ]
            },
            "Validation": {
                "Sex": [
                    0.6634615384615385,
                    0.7114624505928854,
                    0.5113636363636364
                ]
            },
            "Test": {
                "Sex": [
                    0.873015873015873,
                    0.72073732718894,
                    0.4835164835164835
                ]
            }
        }
    }
}