{
    "Random Forest": {
        "AUC": {
            "Train": [
                0.5736961451247167,
                0.5971177944862156,
                0.5049230218403151
            ],
            "Validation": [
                0.5966595593461266,
                0.5707178393745558,
                0.5162283819000237
            ],
            "Test": [
                0.4873737373737374,
                0.5797258297258298,
                0.46777296777296773
            ]
        },
        "DPR": {
            "Train": {
                "Sex": [
                    0.9047091412742383,
                    0.7760563380281691,
                    0.9731113956466069
                ]
            },
            "Validation": {
                "Sex": [
                    0.8026565464895636,
                    0.9926470588235294,
                    0.9444444444444444
                ]
            },
            "Test": {
                "Sex": [
                    0.9751523675574308,
                    0.9452991452991452,
                    0.8871766648321409
                ]
            }
        },
        "EOR": {
            "Train": {
                "Sex": [
                    0.8421052631578947,
                    0.7440559440559441,
                    0.7878787878787878
                ]
            },
            "Validation": {
                "Sex": [
                    0.6516666666666666,
                    0.9025641025641025,
                    0.7159090909090909
                ]
            },
            "Test": {
                "Sex": [
                    0.9256198347107438,
                    0.9210233592880979,
                    0.6739130434782609
                ]
            }
        }
    },
    "SVM": {
        "AUC": {
            "Train": [
                0.5776047261009667,
                0.5811552691251939,
                0.5055495882563552
            ],
            "Validation": [
                0.605543710021322,
                0.6458185264155413,
                0.5005922767116797
            ],
            "Test": [
                0.49037999037999036,
                0.5012025012025012,
                0.44324194324194327
            ]
        },
        "DPR": {
            "Train": {
                "Sex": [
                    0.896842105263158,
                    0.9609022556390977,
                    0.9822556390977444
                ]
            },
            "Validation": {
                "Sex": [
                    0.8012718600953895,
                    0.9894179894179893,
                    1.0
                ]
            },
            "Test": {
                "Sex": [
                    0.9282700421940929,
                    0.9667832167832168,
                    0.9738658777120316
                ]
            }
        },
        "EOR": {
            "Train": {
                "Sex": [
                    0.8148148148148149,
                    0.8918918918918919,
                    0.9459459459459459
                ]
            },
            "Validation": {
                "Sex": [
                    0.7441176470588237,
                    0.9810479375696768,
                    1.0
                ]
            },
            "Test": {
                "Sex": [
                    0.8294314381270902,
                    0.8571428571428571,
                    0.9047619047619048
                ]
            }
        }
    },
    "MLP": {
        "AUC": {
            "Train": [
                0.5998329156223894,
                0.4344492182838047,
                0.47947249075068626
            ],
            "Validation": [
                0.6586117033878228,
                0.4143567874911158,
                0.5110163468372424
            ],
            "Test": [
                0.5115440115440115,
                0.5220057720057719,
                0.4911014911014911
            ]
        },
        "DPR": {
            "Train": {
                "Sex": [
                    NaN,
                    1.0,
                    1.0
                ]
            },
            "Validation": {
                "Sex": [
                    NaN,
                    1.0,
                    1.0
                ]
            },
            "Test": {
                "Sex": [
                    NaN,
                    1.0,
                    1.0
                ]
            }
        },
        "EOR": {
            "Train": {
                "Sex": [
                    NaN,
                    1.0,
                    1.0
                ]
            },
            "Validation": {
                "Sex": [
                    NaN,
                    1.0,
                    1.0
                ]
            },
            "Test": {
                "Sex": [
                    NaN,
                    1.0,
                    1.0
                ]
            }
        }
    },
    "XGBoost": {
        "AUC": {
            "Train": [
                0.4828141783029001,
                0.4940923737916219,
                0.4461749612125553
            ],
            "Validation": [
                0.5169391139540394,
                0.5065150438284767,
                0.4145936981757878
            ],
            "Test": [
                0.41029341029341027,
                0.5435305435305435,
                0.5209235209235209
            ]
        },
        "DPR": {
            "Train": {
                "Sex": [
                    0.8096491228070175,
                    0.9593409513685889,
                    0.8255813953488372
                ]
            },
            "Validation": {
                "Sex": [
                    0.8516624040920717,
                    0.8623188405797102,
                    0.9855072463768116
                ]
            },
            "Test": {
                "Sex": [
                    0.9157952669235003,
                    0.8126118067978533,
                    0.9751523675574308
                ]
            }
        },
        "EOR": {
            "Train": {
                "Sex": [
                    0.7662538699690403,
                    0.857142857142857,
                    0.7381578947368421
                ]
            },
            "Validation": {
                "Sex": [
                    0.7519230769230769,
                    0.5072463768115942,
                    0.7670454545454546
                ]
            },
            "Test": {
                "Sex": [
                    0.7954545454545455,
                    0.7144563918757467,
                    0.7857142857142857
                ]
            }
        }
    },
    "CatBoost": {
        "AUC": {
            "Train": [
                0.5786490034610335,
                0.641186299081036,
                0.4958825635517365
            ],
            "Validation": [
                0.5811419095001186,
                0.6275764036958066,
                0.5058043117744611
            ],
            "Test": [
                0.49470899470899465,
                0.6108706108706108,
                0.49422799422799424
            ]
        },
        "DPR": {
            "Train": {
                "Sex": [
                    0.8968421052631579,
                    0.615917728593785,
                    0.9557344064386318
                ]
            },
            "Validation": {
                "Sex": [
                    0.9127789046653144,
                    0.68,
                    0.7727272727272727
                ]
            },
            "Test": {
                "Sex": [
                    0.8681318681318683,
                    0.6553544494720965,
                    0.8570019723865877
                ]
            }
        },