{
    "Random Forest": {
        "AUC": {
            "Train": [
                0.8308867406611767,
                0.8765067430480964,
                0.8439849624060151
            ],
            "Validation": [
                0.717128642501777,
                0.7621416725894339,
                0.7242359630419334
            ],
            "Test": [
                0.6126743626743627,
                0.5829725829725829,
                0.6256613756613757
            ]
        },
        "DPR": {
            "Train": {
                "Sex": [
                    0.6867755203789107,
                    0.6343244653103808,
                    0.9894662090188188
                ]
            },
            "Validation": {
                "Sex": [
                    0.8894117647058823,
                    0.8095238095238095,
                    0.786096256684492
                ]
            },
            "Test": {
                "Sex": [
                    0.9634146341463414,
                    0.9933431952662722,
                    0.9462025316455696
                ]
            }
        },
        "EOR": {
            "Train": {
                "Sex": [
                    0.6363636363636364,
                    0.5333333333333333,
                    0.7999999999999999
                ]
            },
            "Validation": {
                "Sex": [
                    0.8555555555555555,
                    0.7729468599033816,
                    0.575
                ]
            },
            "Test": {
                "Sex": [
                    0.6285714285714286,
                    0.8231292517006803,
                    0.7857142857142857
                ]
            }
        }
    },
    "SVM": {
        "AUC": {
            "Train": [
                0.5885547201336676,
                0.5857799260054899,
                0.6237021124239169
            ],
            "Validation": [
                0.6593224354418383,
                0.5913290689410093,
                0.592039800995025
            ],
            "Test": [
                0.5278980278980279,
                0.5262145262145261,
                0.529100529100529
            ]
        },
        "DPR": {
            "Train": {
                "Sex": [
                    0.9617773943054357,
                    0.9996762182289137,
                    0.9888259109311741
                ]
            },
            "Validation": {
                "Sex": [
                    0.878048780487805,
                    0.9357045143638851,
                    0.8987688098495211
                ]
            },
            "Test": {
                "Sex": [
                    0.9574223245109321,
                    0.9917200854700855,
                    0.9842903575297941
                ]
            }
        },
        "EOR": {
            "Train": {
                "Sex": [
                    0.9032258064516129,
                    0.9264705882352942,
                    0.9117647058823529
                ]
            },
            "Validation": {
                "Sex": [
                    0.83375,
                    0.930952380952381,
                    0.8761904761904763
                ]
            },
            "Test": {
                "Sex": [
                    0.8905279503105591,
                    0.9753694581280787,
                    0.9211822660098522
                ]
            }
        }
    },
    "MLP": {
        "AUC": {
            "Train": [
                0.459750566893424,
                0.4377610693400167,
                0.6551497792099296
            ],
            "Validation": [
                0.425965411040038,
                0.41542288557213936,
                0.7538497986259179
            ],
            "Test": [
                0.5348725348725348,
                0.5215247715247715,
                0.5784030784030784
            ]
        },
        "DPR": {
            "Train": {
                "Sex": [
                    1.0,
                    1.0,
                    0.8787050662182048
                ]
            },
            "Validation": {
                "Sex": [
                    1.0,
                    1.0,
                    0.926470588235294
                ]
            },
            "Test": {
                "Sex": [
                    1.0,
                    1.0,
                    0.9873417721518988
                ]
            }
        },
        "EOR": {
            "Train": {
                "Sex": [
                    1.0,
                    1.0,
                    0.9110889110889111
                ]
            },
            "Validation": {
                "Sex": [
                    1.0,
                    1.0,
                    0.7519230769230769
                ]
            },
            "Test": {
                "Sex": [
                    1.0,
                    1.0,
                    0.7542857142857142
                ]
            }
        }
    },
    "XGBoost": {
        "AUC": {
            "Train": [
                0.7728845924334646,
                0.859828141783029,
                0.8297529538131041
            ],
            "Validation": [
                0.7119166074389955,
                0.7493484956171523,
                0.6979388770433547
            ],
            "Test": [
                0.6048581048581049,
                0.5824915824915825,
                0.6284271284271284
            ]
        },
        "DPR": {
            "Train": {
                "Sex": [
                    0.7252862972225879,
                    0.7707042253521126,
                    0.9495683780099954
                ]
            },
            "Validation": {
                "Sex": [
                    0.9485294117647058,
                    0.8197064989517819,
                    0.926470588235294
                ]
            },
            "Test": {
                "Sex": [
                    0.7912660256410257,
                    0.9611459968602826,
                    0.8518242740134028
                ]
            }
        },
        "EOR": {
            "Train": {
                "Sex": [
                    0.754440961337513,
                    0.7999999999999999,
                    0.7352941176470589
                ]
            },
            "Validation": {
                "Sex": [
                    0.8339869281045752,
                    0.7161125319693096,
                    0.8624999999999999
                ]
            },
            "Test": {
                "Sex": [
                    0.4365079365079365,
                    0.7857142857142857,
                    0.8204158790170133
                ]
            }
        }
    },
    "CatBoost": {
        "AUC": {
            "Train": [
                0.8232485976846878,
                0.8701515693996896,
                0.8545172454946891
            ],
            "Validation": [
                0.7301587301587302,
                0.7699597251836058,
                0.7552712627339494
            ],
            "Test": [
                0.613035113035113,
                0.5740740740740741,
                0.6034151034151034
            ]
        },
        "DPR": {
            "Train": {
                "Sex": [
                    0.7832360013740982,
                    0.7243460764587526,
                    0.9847887323943662
                ]
            },
            "Validation": {
                "Sex": [
                    0.9642857142857142,
                    0.8197064989517819,
                    0.9176470588235295
                ]
            },
            "Test": {
                "Sex": [
                    0.9811698717948718,
                    0.9973149213655544,
                    0.9292628443782577
                ]
            }
        },