{
    "Random Forest": {
        "AUC": {
            "Train": [
                0.4889604964792934,
                0.5076978159684926,
                0.5676990094283327
            ],
            "Validation": [
                0.5953565505804312,
                0.4397062307510069,
                0.5451314854299929
            ],
            "Test": [
                0.4915824915824916,
                0.5241702741702742,
                0.4921837421837422
            ]
        },
        "DPR": {
            "Train": {
                "Sex": [
                    0.8499484004127966,
                    0.9059011164274322,
                    0.9342105263157895
                ]
            },
            "Validation": {
                "Sex": [
                    0.9264705882352942,
                    0.6776470588235294,
                    0.8823529411764706
                ]
            },
            "Test": {
                "Sex": [
                    0.8608974358974358,
                    0.7679324894514769,
                    0.8462929475587704
                ]
            }
        },
        "EOR": {
            "Train": {
                "Sex": [
                    0.7419354838709677,
                    0.7368421052631579,
                    0.8684210526315789
                ]
            },
            "Validation": {
                "Sex": [
                    0.8305555555555556,
                    0.4539682539682539,
                    0.55
                ]
            },
            "Test": {
                "Sex": [
                    0.7831541218637993,
                    0.7448512585812357,
                    0.8181818181818181
                ]
            }
        }
    },
    "SVM": {
        "AUC": {
            "Train": [
                0.3861439312567132,
                0.512232963360783,
                0.4184270199307793
            ],
            "Validation": [
                0.32551528073916136,
                0.5076995972518361,
                0.39256100450130305
            ],
            "Test": [
                0.43482443482443484,
                0.4641654641654642,
                0.5098605098605098
            ]
        },
        "DPR": {
            "Train": {
                "Sex": [
                    1.0,
                    NaN,
                    0.9694126620900076
                ]
            },
            "Validation": {
                "Sex": [
                    1.0,
                    NaN,
                    0.9385026737967914
                ]
            },
            "Test": {
                "Sex": [
                    1.0,
                    NaN,
                    0.9854469854469855
                ]
            }
        },
        "EOR": {
            "Train": {
                "Sex": [
                    1.0,
                    NaN,
                    0.9027777777777778
                ]
            },
            "Validation": {
                "Sex": [
                    1.0,
                    NaN,
                    0.9147727272727273
                ]
            },
            "Test": {
                "Sex": [
                    1.0,
                    NaN,
                    0.912442396313364
                ]
            }
        }
    },
    "MLP": {
        "AUC": {
            "Train": [
                0.5909416398138203,
                0.5936269244539921,
                0.6035923141186299
            ],
            "Validation": [
                0.6380004738213694,
                0.6460554371002133,
                0.6560056858564322
            ],
            "Test": [
                0.5014430014430015,
                0.5040885040885041,
                0.5074555074555074
            ]
        },
        "DPR": {
            "Train": {
                "Sex": [
                    NaN,
                    NaN,
                    0.09342105263157895
                ]
            },
            "Validation": {
                "Sex": [
                    NaN,
                    NaN,
                    0.9444444444444445
                ]
            },
            "Test": {
                "Sex": [
                    NaN,
                    NaN,
                    0.0
                ]
            }
        },
        "EOR": {
            "Train": {
                "Sex": [
                    NaN,
                    NaN,
                    0.07236842105263157
                ]
            },
            "Validation": {
                "Sex": [
                    NaN,
                    NaN,
                    0.9777777777777777
                ]
            },
            "Test": {
                "Sex": [
                    NaN,
                    NaN,
                    0.0
                ]
            }
        }
    },
    "XGBoost": {
        "AUC": {
            "Train": [
                0.42323069578708683,
                0.5122926363527868,
                0.5581214942117199
            ],
            "Validation": [
                0.5005922767116797,
                0.5220326936744848,
                0.535181236673774
            ],
            "Test": [
                0.5428090428090427,
                0.5361952861952861,
                0.5013227513227513
            ]
        },
        "DPR": {
            "Train": {
                "Sex": [
                    0.9843388960205391,
                    0.5795918367346939,
                    0.6147696992767415
                ]
            },
            "Validation": {
                "Sex": [
                    0.8197343453510436,
                    0.43865546218487395,
                    0.826388888888889
                ]
            },
            "Test": {
                "Sex": [
                    0.8717071501881628,
                    0.5594936708860759,
                    0.7596153846153846
                ]
            }
        },
        "EOR": {
            "Train": {
                "Sex": [
                    0.8773448773448773,
                    0.5,
                    0.5418894830659536
                ]
            },
            "Validation": {
                "Sex": [
                    0.6069444444444444,
                    0.38024691358024687,
                    0.7219251336898396
                ]
            },
            "Test": {
                "Sex": [
                    0.857707509881423,
                    0.5240641711229946,
                    0.5395894428152492
                ]
            }
        }
    },
    "CatBoost": {
        "AUC": {
            "Train": [
                0.4465329991645781,
                0.5736066356367109,
                0.5531686358754028
            ],
            "Validation": [
                0.5176498460080551,
                0.5461975835110163,
                0.5710732054015637
            ],
            "Test": [
                0.5236892736892736,
                0.44769119769119764,
                0.47955747955747957
            ]
        },
        "DPR": {
            "Train": {
                "Sex": [
                    0.8492822966507177,
                    0.8155600268276324,
                    0.30869565217391304
                ]
            },
            "Validation": {
                "Sex": [
                    0.7194570135746606,
                    0.8037825059101654,
                    0.2786377708978328
                ]
            },
            "Test": {
                "Sex": [
                    0.9861673414304994,
                    0.8727495908346974,
                    0.2094361334867664
                ]
            }
        },
        "EOR": {
            "Train": {
                "Sex": [
                    0.796875,
                    0.7906976744186047,
                    0.20833333333333334
                ]
            },