{
    "Random Forest": {
        "AUC": {
            "Train": [
                0.7748836376655925,
                0.7767036639217091,
                0.801766320563313
            ],
            "Validation": [
                0.6807628524046435,
                0.7379767827529022,
                0.7110874200426439
            ],
            "Test": [
                0.5423280423280422,
                0.5588023088023087,
                0.5080567580567581
            ]
        },
        "DPR": {
            "Train": {
                "Sex": [
                    0.8349295774647888,
                    0.8288670073538578,
                    0.5566197183098591
                ]
            },
            "Validation": {
                "Sex": [
                    0.905123339658444,
                    0.9105882352941176,
                    0.6938775510204083
                ]
            },
            "Test": {
                "Sex": [
                    0.9301412872841444,
                    0.9532955041466608,
                    0.8229166666666666
                ]
            }
        },
        "EOR": {
            "Train": {
                "Sex": [
                    0.875,
                    0.8571428571428571,
                    0.3636363636363636
                ]
            },
            "Validation": {
                "Sex": [
                    0.7577777777777778,
                    0.6956521739130435,
                    0.5491990846681922
                ]
            },
            "Test": {
                "Sex": [
                    0.8231292517006803,
                    0.9359903381642511,
                    0.5986394557823129
                ]
            }
        }
    },
    "SVM": {
        "AUC": {
            "Train": [
                0.5920754266618928,
                0.6092015753669889,
                0.5833034968373314
            ],
            "Validation": [
                0.6282871357498224,
                0.6247334754797441,
                0.6491352760009477
            ],
            "Test": [
                0.5396825396825397,
                0.5404040404040404,
                0.5283790283790283
            ]
        },
        "DPR": {
            "Train": {
                "Sex": [
                    0.9556514236410699,
                    0.9617773943054357,
                    0.9404385964912281
                ]
            },
            "Validation": {
                "Sex": [
                    0.878048780487805,
                    0.878048780487805,
                    0.9000000000000001
                ]
            },
            "Test": {
                "Sex": [
                    0.9574223245109321,
                    0.9574223245109321,
                    0.9424626006904488
                ]
            }
        },
        "EOR": {
            "Train": {
                "Sex": [
                    0.9032258064516129,
                    0.9032258064516129,
                    0.8833333333333333
                ]
            },
            "Validation": {
                "Sex": [
                    0.83375,
                    0.83375,
                    0.8776315789473684
                ]
            },
            "Test": {
                "Sex": [
                    0.8905279503105591,
                    0.8905279503105591,
                    0.8664596273291926
                ]
            }
        }
    },
    "MLP": {
        "AUC": {
            "Train": [
                0.6488841150495286,
                0.43477741973982575,
                0.6065759637188208
            ],
            "Validation": [
                0.7299218194740582,
                0.42880833925610046,
                0.6775645581615731
            ],
            "Test": [
                0.5683020683020683,
                0.5236892736892738,
                0.5235690235690236
            ]
        },
        "DPR": {
            "Train": {
                "Sex": [
                    0.9146015332501337,
                    0.9947368421052631,
                    NaN
                ]
            },
            "Validation": {
                "Sex": [
                    0.9714285714285715,
                    0.9882352941176471,
                    NaN
                ]
            },
            "Test": {
                "Sex": [
                    0.8545673076923077,
                    0.9933431952662721,
                    NaN
                ]
            }
        },
        "EOR": {
            "Train": {
                "Sex": [
                    0.8636363636363638,
                    0.9912280701754386,
                    NaN
                ]
            },
            "Validation": {
                "Sex": [
                    0.966183574879227,
                    0.9777777777777777,
                    NaN
                ]
            },
            "Test": {
                "Sex": [
                    0.4835164835164835,
                    0.989247311827957,
                    NaN
                ]
            }
        }
    },
    "XGBoost": {
        "AUC": {
            "Train": [
                0.7324263038548753,
                0.7093328559493973,
                0.757906671440506
            ],
            "Validation": [
                0.6034115138592752,
                0.7114427860696517,
                0.7104951433309642
            ],
            "Test": [
                0.5028860028860029,
                0.5793650793650794,
                0.5012025012025012
            ]
        },
        "DPR": {
            "Train": {
                "Sex": [
                    0.7707042253521126,
                    0.9624413145539906,
                    0.7382224380767363
                ]
            },
            "Validation": {
                "Sex": [
                    0.8538899430740038,
                    0.9162895927601811,
                    0.965432098765432
                ]
            },
            "Test": {
                "Sex": [
                    0.8681318681318682,
                    0.8177982355197545,
                    0.8229166666666666
                ]
            }
        },
        "EOR": {
            "Train": {
                "Sex": [
                    0.631578947368421,
                    0.9263157894736842,
                    0.7333333333333334
                ]
            },
            "Validation": {
                "Sex": [
                    0.7333333333333333,
                    0.7876543209876543,
                    0.8695652173913043
                ]
            },
            "Test": {
                "Sex": [
                    0.7142857142857143,
                    0.7832167832167832,
                    0.7694145758661887
                ]
            }
        }
    },
    "CatBoost": {
        "AUC": {
            "Train": [
                0.7886382623224728,
                0.7820742332020527,
                0.8219357918606038
            ],
            "Validation": [
                0.6943852167732765,
                0.7502961383558397,
                0.7282634446813551
            ],
            "Test": [
                0.5416065416065416,
                0.5601250601250601,
                0.5153920153920154
            ]
        },
        "DPR": {
            "Train": {
                "Sex": [
                    0.8474178403755869,
                    0.9137753349364479,
                    0.5045024243823597
                ]
            },
            "Validation": {
                "Sex": [
                    0.9,
                    0.9033816425120773,
                    0.6689814814814815
                ]
            },
            "Test": {
                "Sex": [
                    0.7745098039215687,
                    0.9434599156118144,
                    0.620094191522763
                ]
            }
        },