{
    "Random Forest": {
        "AUC": {
            "Train": [
                0.6123045709511876,
                0.5425170068027211,
                0.520766201217329
            ],
            "Validation": [
                0.6017531390665718,
                0.6082681828950487,
                0.4859038142620232
            ],
            "Test": [
                0.5814093314093314,
                0.5420875420875422,
                0.4923039923039923
            ]
        },
        "DPR": {
            "Train": {
                "Sex": [
                    0.8506669153996829,
                    0.7034055727554179,
                    0.5415828303152247
                ]
            },
            "Validation": {
                "Sex": [
                    0.9852941176470588,
                    0.9926470588235294,
                    0.5569800569800569
                ]
            },
            "Test": {
                "Sex": [
                    0.8163030998851895,
                    0.6582278481012659,
                    0.5777356446370532
                ]
            }
        },
        "EOR": {
            "Train": {
                "Sex": [
                    0.8191190253045924,
                    0.65,
                    0.4985941893158388
                ]
            },
            "Validation": {
                "Sex": [
                    0.8944444444444444,
                    0.71875,
                    0.4090909090909091
                ]
            },
            "Test": {
                "Sex": [
                    0.7566137566137566,
                    0.6363636363636365,
                    0.5299539170506913
                ]
            }
        }
    },
    "SVM": {
        "AUC": {
            "Train": [
                0.5427258622747344,
                0.5815729800692206,
                0.45536460198114337
            ],
            "Validation": [
                0.4690831556503198,
                0.607202084814025,
                0.3956408434020374
            ],
            "Test": [
                0.5735930735930737,
                0.49013949013949015,
                0.5264550264550264
            ]
        },
        "DPR": {
            "Train": {
                "Sex": [
                    1.0,
                    0.9703735144312394,
                    1.0
                ]
            },
            "Validation": {
                "Sex": [
                    1.0,
                    0.8697478991596639,
                    1.0
                ]
            },
            "Test": {
                "Sex": [
                    1.0,
                    0.9654008438818565,
                    1.0
                ]
            }
        },
        "EOR": {
            "Train": {
                "Sex": [
                    1.0,
                    0.9193548387096775,
                    1.0
                ]
            },
            "Validation": {
                "Sex": [
                    1.0,
                    0.8625,
                    1.0
                ]
            },
            "Test": {
                "Sex": [
                    1.0,
                    0.9386645962732919,
                    1.0
                ]
            }
        }
    },
    "MLP": {
        "AUC": {
            "Train": [
                0.5189760114572145,
                0.5908819668218164,
                0.4264828738512949
            ],
            "Validation": [
                0.6173892442549159,
                0.6846718787017294,
                0.42158256337360817
            ],
            "Test": [
                0.51010101010101,
                0.5194805194805194,
                0.5134680134680134
            ]
        },
        "DPR": {
            "Train": {
                "Sex": [
                    0.8101821940819227,
                    0.6779342723004694,
                    1.0
                ]
            },
            "Validation": {
                "Sex": [
                    0.8197064989517819,
                    0.7420634920634921,
                    1.0
                ]
            },
            "Test": {
                "Sex": [
                    0.7596153846153846,
                    0.5390818858560794,
                    1.0
                ]
            }
        },
        "EOR": {
            "Train": {
                "Sex": [
                    0.8095238095238094,
                    0.6773618538324421,
                    1.0
                ]
            },
            "Validation": {
                "Sex": [
                    0.743801652892562,
                    0.6956521739130435,
                    1.0
                ]
            },
            "Test": {
                "Sex": [
                    0.6889400921658986,
                    0.44897959183673464,
                    1.0
                ]
            }
        }
    },
    "XGBoost": {
        "AUC": {
            "Train": [
                0.6259696861200622,
                0.5394736842105263,
                0.4605859887814775
            ],
            "Validation": [
                0.6409618573797679,
                0.6058990760483298,
                0.4240701255626629
            ],
            "Test": [
                0.5841750841750841,
                0.5802068302068303,
                0.46392496392496385
            ]
        },
        "DPR": {
            "Train": {
                "Sex": [
                    0.7501067008109261,
                    0.9109979023074618,
                    0.9606356085229324
                ]
            },
            "Validation": {
                "Sex": [
                    0.7898989898989898,
                    0.2982456140350877,
                    0.9880341880341881
                ]
            },
            "Test": {
                "Sex": [
                    0.678228021978022,
                    0.7779056386651323,
                    0.9643803355902267
                ]
            }
        },
        "EOR": {
            "Train": {
                "Sex": [
                    0.6673553719008265,
                    0.8421052631578947,
                    0.9387351778656127
                ]
            },
            "Validation": {
                "Sex": [
                    0.7597402597402597,
                    0.21739130434782608,
                    0.8422459893048129
                ]
            },
            "Test": {
                "Sex": [
                    0.47826086956521735,
                    0.5896739130434783,
                    0.9545454545454547
                ]
            }
        }
    },
    "CatBoost": {
        "AUC": {
            "Train": [
                0.632951426184509,
                0.5670127700202888,
                0.40318057047380357
            ],
            "Validation": [
                0.5304430229803365,
                0.5557924662402274,
                0.3541814735844587
            ],
            "Test": [
                0.5535113035113035,
                0.6005291005291004,
                0.41883116883116883
            ]
        },
        "DPR": {
            "Train": {
                "Sex": [
                    0.6487409304310713,
                    0.6454545454545455,
                    0.8304093567251462
                ]
            },
            "Validation": {
                "Sex": [
                    0.6071428571428572,
                    0.5294117647058824,
                    0.922689075630252
                ]
            },
            "Test": {
                "Sex": [
                    0.5345441595441596,
                    0.8440170940170941,
                    0.9451476793248945
                ]
            }
        },