{
    "Random Forest": {
        "AUC": {
            "Train": [
                0.49767275331185096,
                0.5595536460198114,
                0.36895810955961333
            ],
            "Validation": [
                0.5086472399905236,
                0.5544894574745322,
                0.34020374318881785
            ],
            "Test": [
                0.512025012025012,
                0.47005772005772006,
                0.5057720057720059
            ]
        },
        "DPR": {
            "Train": {
                "Sex": [
                    0.3935376967688484,
                    0.3736842105263158,
                    0.3469924812030075
                ]
            },
            "Validation": {
                "Sex": [
                    0.49707602339181284,
                    0.0,
                    0.5042016806722689
                ]
            },
            "Test": {
                "Sex": [
                    0.6646634615384616,
                    0.0,
                    0.7816455696202531
                ]
            }
        },
        "EOR": {
            "Train": {
                "Sex": [
                    0.34545454545454546,
                    0.0,
                    0.3235294117647059
                ]
            },
            "Validation": {
                "Sex": [
                    0.4090909090909091,
                    NaN,
                    0.48888888888888893
                ]
            },
            "Test": {
                "Sex": [
                    0.6285714285714286,
                    NaN,
                    0.6363636363636365
                ]
            }
        }
    },
    "SVM": {
        "AUC": {
            "Train": [
                0.5826470939252895,
                0.581453634085213,
                0.5763814297648884
            ],
            "Validation": [
                0.6090973702914001,
                0.6064913527600094,
                0.6124141198768064
            ],
            "Test": [
                0.4880952380952381,
                0.4896584896584897,
                0.48412698412698413
            ]
        },
        "DPR": {
            "Train": {
                "Sex": [
                    0.9679033649698017,
                    0.9888259109311741,
                    0.9927729772191674
                ]
            },
            "Validation": {
                "Sex": [
                    0.8571428571428572,
                    0.8987688098495211,
                    0.9357045143638851
                ]
            },
            "Test": {
                "Sex": [
                    0.9723820483314155,
                    0.9983516483516484,
                    0.9989462592202318
                ]
            }
        },
        "EOR": {
            "Train": {
                "Sex": [
                    0.9193548387096775,
                    0.9117647058823529,
                    0.9142857142857143
                ]
            },
            "Validation": {
                "Sex": [
                    0.83375,
                    0.8761904761904763,
                    0.930952380952381
                ]
            },
            "Test": {
                "Sex": [
                    0.9145962732919255,
                    0.9211822660098522,
                    0.9428571428571428
                ]
            }
        }
    },
    "MLP": {
        "AUC": {
            "Train": [
                0.5663563671082468,
                0.42105263157894735,
                0.5607471058598879
            ],
            "Validation": [
                0.6090973702914001,
                0.4752428334517887,
                0.5989102108505093
            ],
            "Test": [
                0.48893698893698895,
                0.4826839826839827,
                0.48773448773448774
            ]
        },
        "DPR": {
            "Train": {
                "Sex": [
                    NaN,
                    0.0,
                    NaN
                ]
            },
            "Validation": {
                "Sex": [
                    NaN,
                    NaN,
                    NaN
                ]
            },
            "Test": {
                "Sex": [
                    NaN,
                    NaN,
                    NaN
                ]
            }
        },
        "EOR": {
            "Train": {
                "Sex": [
                    NaN,
                    NaN,
                    NaN
                ]
            },
            "Validation": {
                "Sex": [
                    NaN,
                    NaN,
                    NaN
                ]
            },
            "Test": {
                "Sex": [
                    NaN,
                    NaN,
                    NaN
                ]
            }
        }
    },
    "XGBoost": {
        "AUC": {
            "Train": [
                0.550483351235231,
                0.5758443728368541,
                0.36922663802363054
            ],
            "Validation": [
                0.5367211561241412,
                0.6139540393271736,
                0.37017294479981055
            ],
            "Test": [
                0.6024531024531025,
                0.5185185185185186,
                0.49110149110149104
            ]
        },
        "DPR": {
            "Train": {
                "Sex": [
                    0.7090418353576248,
                    0.3029497741163965,
                    0.3846749226006192
                ]
            },
            "Validation": {
                "Sex": [
                    0.5625,
                    0.26053639846743293,
                    0.3970588235294118
                ]
            },
            "Test": {
                "Sex": [
                    0.6787974683544303,
                    0.2848557692307693,
                    0.6195085629188384
                ]
            }
        },
        "EOR": {
            "Train": {
                "Sex": [
                    0.619047619047619,
                    0.304812834224599,
                    0.24812030075187969
                ]
            },
            "Validation": {
                "Sex": [
                    0.40588235294117647,
                    0.0,
                    0.2716049382716049
                ]
            },
            "Test": {
                "Sex": [
                    0.5785123966942148,
                    0.2697947214076246,
                    0.4772727272727273
                ]
            }
        }
    },
    "CatBoost": {
        "AUC": {
            "Train": [
                0.5588375701157655,
                0.5580319847237141,
                0.397750328201456
            ],
            "Validation": [
                0.5610045013030087,
                0.5600568585643213,
                0.4051172707889126
            ],
            "Test": [
                0.5309042809042809,
                0.5226070226070226,
                0.48556998556998554
            ]
        },
        "DPR": {
            "Train": {
                "Sex": [
                    0.05498745900057882,
                    0.7473684210526316,
                    0.5934984520123839
                ]
            },
            "Validation": {
                "Sex": [
                    0.05475040257648953,
                    0.6296296296296297,
                    0.5396825396825398
                ]
            },
            "Test": {
                "Sex": [
                    0.09495192307692309,
                    0.0,
                    0.7089743589743589
                ]
            }
        },
        "EOR": {
            "Train": {
                "Sex": [
                    0.03389830508474576,
                    0.0,
                    0.55
                ]
            },