{
    "Random Forest": {
        "AUC": {
            "Train": [
                0.5760532283088674,
                0.6228965270318654,
                0.5169769662250865
            ],
            "Validation": [
                0.5675195451314855,
                0.576048329779673,
                0.5184790334044066
            ],
            "Test": [
                0.4831649831649832,
                0.5826118326118327,
                0.4351851851851852
            ]
        },
        "DPR": {
            "Train": {
                "Sex": [
                    0.8920187793427229,
                    0.9342105263157894,
                    0.8450704225352113
                ]
            },
            "Validation": {
                "Sex": [
                    0.8657407407407407,
                    0.8697478991596638,
                    0.6780626780626781
                ]
            },
            "Test": {
                "Sex": [
                    0.9020159399906235,
                    0.782757440985289,
                    0.5762599469496021
                ]
            }
        },
        "EOR": {
            "Train": {
                "Sex": [
                    0.9090909090909091,
                    0.7777777777777778,
                    0.8275862068965516
                ]
            },
            "Validation": {
                "Sex": [
                    0.6598240469208211,
                    0.763888888888889,
                    0.38961038961038963
                ]
            },
            "Test": {
                "Sex": [
                    0.842391304347826,
                    0.6818181818181819,
                    0.41904761904761906
                ]
            }
        }
    },
    "SVM": {
        "AUC": {
            "Train": [
                0.5776047261009667,
                0.5812149421171977,
                0.5053705692803437
            ],
            "Validation": [
                0.605543710021322,
                0.6455816157308695,
                0.5017768301350392
            ],
            "Test": [
                0.49037999037999036,
                0.5012025012025012,
                0.4434824434824435
            ]
        },
        "DPR": {
            "Train": {
                "Sex": [
                    0.896842105263158,
                    0.9609022556390977,
                    0.9822556390977444
                ]
            },
            "Validation": {
                "Sex": [
                    0.8012718600953895,
                    0.9894179894179893,
                    1.0
                ]
            },
            "Test": {
                "Sex": [
                    0.9282700421940929,
                    0.9667832167832168,
                    0.9738658777120316
                ]
            }
        },
        "EOR": {
            "Train": {
                "Sex": [
                    0.8148148148148149,
                    0.8918918918918919,
                    0.9459459459459459
                ]
            },
            "Validation": {
                "Sex": [
                    0.7441176470588237,
                    0.9810479375696768,
                    1.0
                ]
            },
            "Test": {
                "Sex": [
                    0.8294314381270902,
                    0.8571428571428571,
                    0.9047619047619048
                ]
            }
        }
    },
    "MLP": {
        "AUC": {
            "Train": [
                0.5995942236543741,
                0.4345088912758085,
                0.5947607113020648
            ],
            "Validation": [
                0.6586117033878228,
                0.41459369817578773,
                0.638948116560057
            ],
            "Test": [
                0.5115440115440115,
                0.5220057720057719,
                0.4983164983164983
            ]
        },
        "DPR": {
            "Train": {
                "Sex": [
                    NaN,
                    1.0,
                    0.07473684210526316
                ]
            },
            "Validation": {
                "Sex": [
                    NaN,
                    1.0,
                    0.7941176470588235
                ]
            },
            "Test": {
                "Sex": [
                    NaN,
                    1.0,
                    0.0
                ]
            }
        },
        "EOR": {
            "Train": {
                "Sex": [
                    NaN,
                    1.0,
                    0.057894736842105256
                ]
            },
            "Validation": {
                "Sex": [
                    NaN,
                    1.0,
                    0.0
                ]
            },
            "Test": {
                "Sex": [
                    NaN,
                    1.0,
                    0.0
                ]
            }
        }
    },
    "XGBoost": {
        "AUC": {
            "Train": [
                0.5334765485141425,
                0.5562716314596013,
                0.4407447189402076
            ],
            "Validation": [
                0.4842454394693201,
                0.496090973702914,
                0.41506751954513144
            ],
            "Test": [
                0.4509379509379509,
                0.5254930254930255,
                0.5105820105820106
            ]
        },
        "DPR": {
            "Train": {
                "Sex": [
                    0.9395488721804511,
                    0.4813050967676562,
                    0.9390013495276653
                ]
            },
            "Validation": {
                "Sex": [
                    0.9705882352941178,
                    0.512241054613936,
                    0.8688888888888888
                ]
            },
            "Test": {
                "Sex": [
                    0.8570019723865877,
                    0.5064102564102564,
                    0.5944816053511706
                ]
            }
        },
        "EOR": {
            "Train": {
                "Sex": [
                    0.9166666666666667,
                    0.3928571428571429,
                    0.8531855955678669
                ]
            },
            "Validation": {
                "Sex": [
                    0.8624999999999999,
                    0.4488078541374474,
                    0.7080419580419581
                ]
            },
            "Test": {
                "Sex": [
                    0.6744868035190615,
                    0.4663594470046083,
                    0.42857142857142855
                ]
            }
        }
    },
    "CatBoost": {
        "AUC": {
            "Train": [
                0.5528702709153838,
                0.6389187253848909,
                0.5241675617615467
            ],
            "Validation": [
                0.5588723051409619,
                0.6619284529732291,
                0.49443259891021085
            ],
            "Test": [
                0.4992784992784993,
                0.5937950937950938,
                0.4898989898989899
            ]
        },
        "DPR": {
            "Train": {
                "Sex": [
                    0.7639766081871344,
                    0.9796277665995977,
                    0.43869776033248675
                ]
            },
            "Validation": {
                "Sex": [
                    0.9773755656108598,
                    0.8688888888888888,
                    0.48971193415637865
                ]
            },
            "Test": {
                "Sex": [
                    0.8337552742616035,
                    0.9186046511627907,
                    0.4388888888888889
                ]
            }
        },