{
    "Random Forest": {
        "AUC": {
            "Train": [
                0.9434300035803794,
                0.950531089628834,
                0.9506504356128416
            ],
            "Validation": [
                0.7511253257521915,
                0.8076285240464346,
                0.7628524046434493
            ],
            "Test": [
                0.5740740740740741,
                0.5781625781625783,
                0.5977633477633478
            ]
        },
        "DPR": {
            "Train": {
                "Sex": [
                    0.5734406438631791,
                    0.8920187793427229,
                    0.955734406438632
                ]
            },
            "Validation": {
                "Sex": [
                    0.8354700854700854,
                    0.8319327731092437,
                    0.8130252100840336
                ]
            },
            "Test": {
                "Sex": [
                    0.7596153846153847,
                    0.8844936708860759,
                    0.7743857036485481
                ]
            }
        },
        "EOR": {
            "Train": {
                "Sex": [
                    0.3529411764705882,
                    0.4375,
                    0.5625
                ]
            },
            "Validation": {
                "Sex": [
                    0.8184143222506394,
                    0.7577777777777778,
                    0.69
                ]
            },
            "Test": {
                "Sex": [
                    0.6285714285714286,
                    0.8343685300207039,
                    0.7658102766798418
                ]
            }
        }
    },
    "SVM": {
        "AUC": {
            "Train": [
                0.576500775748896,
                0.5810657596371882,
                0.5772765246449456
            ],
            "Validation": [
                0.6382373845060413,
                0.6247334754797442,
                0.6125325752191424
            ],
            "Test": [
                0.5048100048100048,
                0.5257335257335257,
                0.48244348244348245
            ]
        },
        "DPR": {
            "Train": {
                "Sex": [
                    0.9311475409836066,
                    0.9679033649698017,
                    0.9310437109723461
                ]
            },
            "Validation": {
                "Sex": [
                    0.878048780487805,
                    0.878048780487805,
                    0.8959276018099548
                ]
            },
            "Test": {
                "Sex": [
                    0.9424626006904488,
                    0.9574223245109321,
                    0.9125431530494822
                ]
            }
        },
        "EOR": {
            "Train": {
                "Sex": [
                    0.8548387096774193,
                    0.9193548387096775,
                    0.8793103448275861
                ]
            },
            "Validation": {
                "Sex": [
                    0.83375,
                    0.83375,
                    0.8473684210526315
                ]
            },
            "Test": {
                "Sex": [
                    0.8664596273291926,
                    0.8905279503105591,
                    0.8664596273291926
                ]
            }
        }
    },
    "MLP": {
        "AUC": {
            "Train": [
                0.6540756653538609,
                0.47469865139038075,
                0.6403508771929824
            ],
            "Validation": [
                0.7367922293295427,
                0.5112532575219142,
                0.7161809997630892
            ],
            "Test": [
                0.5675805675805675,
                0.5376382876382876,
                0.5514670514670515
            ]
        },
        "DPR": {
            "Train": {
                "Sex": [
                    0.9175050301810865,
                    0.9822556390977444,
                    0.8653739612188366
                ]
            },
            "Validation": {
                "Sex": [
                    0.9595588235294118,
                    0.9529411764705882,
                    0.8552036199095023
                ]
            },
            "Test": {
                "Sex": [
                    0.5968406593406593,
                    0.9865134865134866,
                    0.6510989010989011
                ]
            }
        },
        "EOR": {
            "Train": {
                "Sex": [
                    0.8981818181818182,
                    0.956140350877193,
                    0.7894736842105263
                ]
            },
            "Validation": {
                "Sex": [
                    0.69,
                    0.925,
                    0.46
                ]
            },
            "Test": {
                "Sex": [
                    0.3492063492063492,
                    0.9821428571428571,
                    0.26190476190476186
                ]
            }
        }
    },
    "XGBoost": {
        "AUC": {
            "Train": [
                0.9304809643155507,
                0.9300035803795201,
                0.9377610693400167
            ],
            "Validation": [
                0.7334754797441365,
                0.7924662402274343,
                0.7330016583747927
            ],
            "Test": [
                0.6202501202501203,
                0.6070226070226069,
                0.6224146224146223
            ]
        },
        "DPR": {
            "Train": {
                "Sex": [
                    0.8525489218496822,
                    0.9263271939328277,
                    0.9167970787689097
                ]
            },
            "Validation": {
                "Sex": [
                    0.9215686274509804,
                    0.8319327731092437,
                    0.7941176470588236
                ]
            },
            "Test": {
                "Sex": [
                    0.9746008708272859,
                    0.8975834292289989,
                    0.8274864376130198
                ]
            }
        },
        "EOR": {
            "Train": {
                "Sex": [
                    0.9166666666666667,
                    0.375,
                    0.6666666666666666
                ]
            },
            "Validation": {
                "Sex": [
                    0.8944444444444444,
                    0.7027777777777778,
                    0.5750000000000001
                ]
            },
            "Test": {
                "Sex": [
                    0.8484848484848485,
                    0.8497164461247637,
                    0.8099173553719008
                ]
            }
        }
    },
    "CatBoost": {
        "AUC": {
            "Train": [
                0.8795799021362931,
                0.9057763456259696,
                0.8666308628714644
            ],
            "Validation": [
                0.7429519071310117,
                0.787254205164653,
                0.7270788912579957
            ],
            "Test": [
                0.6156806156806156,
                0.5942760942760943,
                0.5521885521885521
            ]
        },
        "DPR": {
            "Train": {
                "Sex": [
                    0.5478540534545858,
                    0.8583576933297901,
                    0.8601609657947686
                ]
            },
            "Validation": {
                "Sex": [
                    0.7212121212121212,
                    0.8894117647058823,
                    0.7444852941176471
                ]
            },
            "Test": {
                "Sex": [
                    0.7858090185676392,
                    0.9979583503470804,
                    0.969057665260197
                ]
            }
        },