{
    "Random Forest": {
        "AUC": {
            "Train": [
                0.9460854517245495,
                0.918844730874806,
                0.9484126984126984
            ],
            "Validation": [
                0.7674721629945511,
                0.7222222222222222,
                0.7744610281923716
            ],
            "Test": [
                0.6183261183261184,
                0.6018518518518519,
                0.6102693602693603
            ]
        },
        "DPR": {
            "Train": {
                "Sex": [
                    0.9613017913305072,
                    0.980337470366755,
                    0.892018779342723
                ]
            },
            "Validation": {
                "Sex": [
                    0.6705882352941177,
                    0.9264705882352942,
                    0.8508403361344538
                ]
            },
            "Test": {
                "Sex": [
                    0.7219273172723562,
                    0.8433544303797468,
                    0.7313642756680732
                ]
            }
        },
        "EOR": {
            "Train": {
                "Sex": [
                    0.5714285714285714,
                    0.4,
                    0.7142857142857143
                ]
            },
            "Validation": {
                "Sex": [
                    0.43125,
                    0.8555555555555555,
                    0.5750000000000001
                ]
            },
            "Test": {
                "Sex": [
                    0.6942148760330579,
                    0.8270750988142292,
                    0.6363636363636365
                ]
            }
        }
    },
    "SVM": {
        "AUC": {
            "Train": [
                0.576500775748896,
                0.5811851056211959,
                0.5772168516529419
            ],
            "Validation": [
                0.6382373845060413,
                0.624970386164416,
                0.6125325752191424
            ],
            "Test": [
                0.5048100048100048,
                0.5254930254930255,
                0.4829244829244829
            ]
        },
        "DPR": {
            "Train": {
                "Sex": [
                    0.9311475409836066,
                    0.9679033649698017,
                    0.9310437109723461
                ]
            },
            "Validation": {
                "Sex": [
                    0.878048780487805,
                    0.878048780487805,
                    0.8959276018099548
                ]
            },
            "Test": {
                "Sex": [
                    0.9424626006904488,
                    0.9574223245109321,
                    0.9125431530494822
                ]
            }
        },
        "EOR": {
            "Train": {
                "Sex": [
                    0.8548387096774193,
                    0.9193548387096775,
                    0.8793103448275861
                ]
            },
            "Validation": {
                "Sex": [
                    0.83375,
                    0.83375,
                    0.8473684210526315
                ]
            },
            "Test": {
                "Sex": [
                    0.8664596273291926,
                    0.8905279503105591,
                    0.8664596273291926
                ]
            }
        }
    },
    "MLP": {
        "AUC": {
            "Train": [
                0.6401121852249672,
                0.4741615944623464,
                0.6294903926482873
            ],
            "Validation": [
                0.7564558161573087,
                0.5105425254678986,
                0.7467424780857618
            ],
            "Test": [
                0.5772005772005772,
                0.5376382876382877,
                0.56998556998557
            ]
        },
        "DPR": {
            "Train": {
                "Sex": [
                    0.8462742265559167,
                    0.9929323308270677,
                    0.8248118850086823
                ]
            },
            "Validation": {
                "Sex": [
                    1.0,
                    0.9529411764705882,
                    0.907563025210084
                ]
            },
            "Test": {
                "Sex": [
                    0.8545673076923077,
                    0.9865134865134866,
                    0.9784876140808344
                ]
            }
        },
        "EOR": {
            "Train": {
                "Sex": [
                    0.8717948717948717,
                    0.9736842105263158,
                    0.7999999999999999
                ]
            },
            "Validation": {
                "Sex": [
                    0.8625,
                    0.925,
                    0.7283333333333333
                ]
            },
            "Test": {
                "Sex": [
                    0.5714285714285714,
                    0.9821428571428571,
                    0.7542857142857142
                ]
            }
        }
    },
    "XGBoost": {
        "AUC": {
            "Train": [
                0.9347177467478218,
                0.9255877789712376,
                0.9372240124119824
            ],
            "Validation": [
                0.730395640843402,
                0.7611940298507462,
                0.7436626391850273
            ],
            "Test": [
                0.6154401154401155,
                0.626022126022126,
                0.6000481000481
            ]
        },
        "DPR": {
            "Train": {
                "Sex": [
                    0.8051850928580332,
                    0.8753455311307096,
                    0.8347331696601628
                ]
            },
            "Validation": {
                "Sex": [
                    0.9444444444444444,
                    0.8431372549019608,
                    0.8823529411764707
                ]
            },
            "Test": {
                "Sex": [
                    0.9486224869694713,
                    0.8705594120049,
                    0.9532428355957768
                ]
            }
        },
        "EOR": {
            "Train": {
                "Sex": [
                    0.75,
                    0.5833333333333334,
                    0.8888888888888888
                ]
            },
            "Validation": {
                "Sex": [
                    0.9207161125319694,
                    0.7666666666666666,
                    0.69
                ]
            },
            "Test": {
                "Sex": [
                    0.9015151515151515,
                    0.6942148760330579,
                    0.9442815249266862
                ]
            }
        }
    },
    "CatBoost": {
        "AUC": {
            "Train": [
                0.8763575605680869,
                0.9008234872896527,
                0.8842940685045948
            ],
            "Validation": [
                0.7254205164652926,
                0.7664060649135276,
                0.7346600331674958
            ],
            "Test": [
                0.5822510822510822,
                0.6026936026936027,
                0.5627705627705628
            ]
        },
        "DPR": {
            "Train": {
                "Sex": [
                    0.9102564102564101,
                    0.7321286207812916,
                    0.6746360516037402
                ]
            },
            "Validation": {
                "Sex": [
                    0.5635673624288425,
                    0.803921568627451,
                    0.9444444444444444
                ]
            },
            "Test": {
                "Sex": [
                    0.7380130418105102,
                    0.979059829059829,
                    0.9767251939567171
                ]
            }
        },