{
    "Random Forest": {
        "AUC": {
            "Train": [
                0.4134741615944624,
                0.5925826470939253,
                0.44441460794844256
            ],
            "Validation": [
                0.4181473584458659,
                0.6035299692016111,
                0.4680170575692964
            ],
            "Test": [
                0.38167388167388167,
                0.5612073112073113,
                0.5258537758537759
            ]
        },
        "DPR": {
            "Train": {
                "Sex": [
                    0.9922456084823548,
                    0.8057565789473684,
                    0.5365721997300944
                ]
            },
            "Validation": {
                "Sex": [
                    0.9686609686609686,
                    0.7058823529411764,
                    0.6016042780748664
                ]
            },
            "Test": {
                "Sex": [
                    0.9706196581196581,
                    0.850210970464135,
                    0.3573236889692586
                ]
            }
        },
        "EOR": {
            "Train": {
                "Sex": [
                    0.9863013698630136,
                    0.6657894736842105,
                    0.3815789473684211
                ]
            },
            "Validation": {
                "Sex": [
                    0.8918617614269788,
                    0.5750000000000001,
                    0.4481481481481482
                ]
            },
            "Test": {
                "Sex": [
                    0.8571428571428571,
                    0.7070707070707072,
                    0.2272727272727273
                ]
            }
        }
    },
    "SVM": {
        "AUC": {
            "Train": [
                0.41959064327485374,
                0.5815133070772168,
                0.5198711063372717
            ],
            "Validation": [
                0.48258706467661683,
                0.6069651741293532,
                0.5136223643686331
            ],
            "Test": [
                0.4367484367484368,
                0.49013949013949015,
                0.517075517075517
            ]
        },
        "DPR": {
            "Train": {
                "Sex": [
                    1.0,
                    0.9888259109311741,
                    1.0
                ]
            },
            "Validation": {
                "Sex": [
                    1.0,
                    0.8987688098495211,
                    1.0
                ]
            },
            "Test": {
                "Sex": [
                    1.0,
                    0.9983516483516484,
                    1.0
                ]
            }
        },
        "EOR": {
            "Train": {
                "Sex": [
                    1.0,
                    0.9117647058823529,
                    1.0
                ]
            },
            "Validation": {
                "Sex": [
                    1.0,
                    0.8761904761904763,
                    1.0
                ]
            },
            "Test": {
                "Sex": [
                    1.0,
                    0.9211822660098522,
                    1.0
                ]
            }
        }
    },
    "MLP": {
        "AUC": {
            "Train": [
                0.5867645303735529,
                0.44298245614035087,
                0.5282253252178064
            ],
            "Validation": [
                0.6422648661454632,
                0.41625207296849087,
                0.6259180289031036
            ],
            "Test": [
                0.49543049543049544,
                0.5313852813852813,
                0.5151515151515151
            ]
        },
        "DPR": {
            "Train": {
                "Sex": [
                    0.3736842105263158,
                    1.0,
                    0.594679186228482
                ]
            },
            "Validation": {
                "Sex": [
                    NaN,
                    1.0,
                    0.3434343434343434
                ]
            },
            "Test": {
                "Sex": [
                    NaN,
                    1.0,
                    0.5697115384615385
                ]
            }
        },
        "EOR": {
            "Train": {
                "Sex": [
                    0.28947368421052627,
                    1.0,
                    0.5
                ]
            },
            "Validation": {
                "Sex": [
                    NaN,
                    1.0,
                    0.22727272727272727
                ]
            },
            "Test": {
                "Sex": [
                    NaN,
                    1.0,
                    0.4946236559139785
                ]
            }
        }
    },
    "XGBoost": {
        "AUC": {
            "Train": [
                0.461063372717508,
                0.5693996897004415,
                0.5672216254923022
            ],
            "Validation": [
                0.4917081260364842,
                0.586235489220564,
                0.5999763089315329
            ],
            "Test": [
                0.49182299182299183,
                0.5196007696007696,
                0.5626503126503126
            ]
        },
        "DPR": {
            "Train": {
                "Sex": [
                    0.9809210526315789,
                    0.8532353541539088,
                    0.6614970723215698
                ]
            },
            "Validation": {
                "Sex": [
                    0.9794117647058824,
                    0.45791245791245794,
                    0.5666666666666667
                ]
            },
            "Test": {
                "Sex": [
                    0.9983516483516484,
                    0.9620253164556962,
                    0.5697115384615383
                ]
            }
        },
        "EOR": {
            "Train": {
                "Sex": [
                    0.9682395644283122,
                    0.5833333333333334,
                    0.588235294117647
                ]
            },
            "Validation": {
                "Sex": [
                    0.9263157894736842,
                    0.4013377926421404,
                    0.49090909090909085
                ]
            },
            "Test": {
                "Sex": [
                    0.912442396313364,
                    0.9266304347826088,
                    0.4396654719235364
                ]
            }
        }
    },
    "CatBoost": {
        "AUC": {
            "Train": [
                0.4979114452798663,
                0.5645363408521303,
                0.43555316863587545
            ],
            "Validation": [
                0.5142146410803128,
                0.5843402037431888,
                0.5024875621890548
            ],
            "Test": [
                0.45165945165945165,
                0.5535113035113034,
                0.4971139971139971
            ]
        },
        "DPR": {
            "Train": {
                "Sex": [
                    0.9397058823529413,
                    0.6498855835240274,
                    0.3840643274853801
                ]
            },
            "Validation": {
                "Sex": [
                    0.8903743315508021,
                    0.6389452332657201,
                    0.23823529411764707
                ]
            },
            "Test": {
                "Sex": [
                    0.9292628443782577,
                    0.509595753368722,
                    0.2760310330747244
                ]
            }
        },
        "EOR": {
            "Train": {
                "Sex": [
                    0.9226973684210527,
                    0.5434782608695653,
                    0.22654462242562926
                ]
            },