{
    "Random Forest": {
        "AUC": {
            "Train": [
                1.0,
                0.9999999999999999,
                1.0
            ],
            "Validation": [
                0.7903340440653873,
                0.7754086709310589,
                0.8017057569296375
            ],
            "Test": [
                0.5931938431938432,
                0.6018518518518519,
                0.6002886002886003
            ]
        },
        "DPR": {
            "Train": {
                "Sex": [
                    0.7746478873239436,
                    0.7746478873239436,
                    0.7746478873239436
                ]
            },
            "Validation": {
                "Sex": [
                    0.9444444444444444,
                    0.9741176470588234,
                    0.9081196581196581
                ]
            },
            "Test": {
                "Sex": [
                    0.979059829059829,
                    0.9577759197324415,
                    0.8545673076923077
                ]
            }
        },
        "EOR": {
            "Train": {
                "Sex": [
                    1.0,
                    1.0,
                    1.0
                ]
            },
            "Validation": {
                "Sex": [
                    0.8695652173913043,
                    0.7666666666666666,
                    0.927536231884058
                ]
            },
            "Test": {
                "Sex": [
                    0.7394957983193277,
                    0.7857142857142857,
                    0.6616541353383458
                ]
            }
        }
    },
    "SVM": {
        "AUC": {
            "Train": [
                0.6079484425349087,
                0.6079484425349087,
                0.6078887695429048
            ],
            "Validation": [
                0.5951196398957593,
                0.5951196398957593,
                0.5951196398957593
            ],
            "Test": [
                0.5283790283790284,
                0.5283790283790284,
                0.5283790283790284
            ]
        },
        "DPR": {
            "Train": {
                "Sex": [
                    0.981618224666143,
                    0.981618224666143,
                    0.981618224666143
                ]
            },
            "Validation": {
                "Sex": [
                    0.9357045143638851,
                    0.9357045143638851,
                    0.9357045143638851
                ]
            },
            "Test": {
                "Sex": [
                    0.9917200854700855,
                    0.9917200854700855,
                    0.9917200854700855
                ]
            }
        },
        "EOR": {
            "Train": {
                "Sex": [
                    0.9,
                    0.9,
                    0.9
                ]
            },
            "Validation": {
                "Sex": [
                    0.930952380952381,
                    0.930952380952381,
                    0.930952380952381
                ]
            },
            "Test": {
                "Sex": [
                    0.9753694581280787,
                    0.9753694581280787,
                    0.9753694581280787
                ]
            }
        }
    },
    "MLP": {
        "AUC": {
            "Train": [
                0.6042487170306718,
                0.6069936746628477,
                0.6667263396586703
            ],
            "Validation": [
                0.6529258469556978,
                0.6436863302534944,
                0.7540867093105899
            ],
            "Test": [
                0.5012025012025012,
                0.47330447330447334,
                0.5781625781625782
            ]
        },
        "DPR": {
            "Train": {
                "Sex": [
                    0.523157894736842,
                    0.9435526315789473,
                    0.7815031783622087
                ]
            },
            "Validation": {
                "Sex": [
                    0.8823529411764706,
                    0.9162895927601811,
                    0.9044117647058824
                ]
            },
            "Test": {
                "Sex": [
                    0.21940928270042193,
                    0.6414529914529914,
                    0.7596153846153846
                ]
            }
        },
        "EOR": {
            "Train": {
                "Sex": [
                    0.0,
                    0.7619047619047618,
                    0.7999999999999999
                ]
            },
            "Validation": {
                "Sex": [
                    0.5750000000000001,
                    0.71875,
                    0.8625
                ]
            },
            "Test": {
                "Sex": [
                    0.0,
                    0.5238095238095238,
                    0.5499999999999999
                ]
            }
        }
    },
    "XGBoost": {
        "AUC": {
            "Train": [
                1.0,
                1.0,
                1.0
            ],
            "Validation": [
                0.802653399668325,
                0.802653399668325,
                0.802653399668325
            ],
            "Test": [
                0.5974025974025974,
                0.5974025974025974,
                0.5974025974025974
            ]
        },
        "DPR": {
            "Train": {
                "Sex": [
                    0.7746478873239436,
                    0.7746478873239436,
                    0.7746478873239436
                ]
            },
            "Validation": {
                "Sex": [
                    0.9081196581196581,
                    0.9081196581196581,
                    0.9081196581196581
                ]
            },
            "Test": {
                "Sex": [
                    0.9830316742081447,
                    0.9830316742081447,
                    0.9830316742081447
                ]
            }
        },
        "EOR": {
            "Train": {
                "Sex": [
                    1.0,
                    1.0,
                    1.0
                ]
            },
            "Validation": {
                "Sex": [
                    0.9090909090909091,
                    0.9090909090909091,
                    0.9090909090909091
                ]
            },
            "Test": {
                "Sex": [
                    0.673469387755102,
                    0.673469387755102,
                    0.673469387755102
                ]
            }
        }
    },
    "CatBoost": {
        "AUC": {
            "Train": [
                0.9893782074233203,
                0.9890201694712972,
                0.9887814775032819
            ],
            "Validation": [
                0.8071547026770908,
                0.8005212035062781,
                0.8019426676143094
            ],
            "Test": [
                0.5832130832130832,
                0.5868205868205869,
                0.5894660894660895
            ]
        },
        "DPR": {
            "Train": {
                "Sex": [
                    0.7077173786520778,
                    0.7077173786520778,
                    0.7077173786520778
                ]
            },
            "Validation": {
                "Sex": [
                    0.8518518518518519,
                    0.8354700854700854,
                    0.8518518518518519
                ]
            },
            "Test": {
                "Sex": [
                    0.7739477503628447,
                    0.8936651583710407,
                    0.8599419448476051
                ]
            }
        },