{
    "Random Forest": {
        "AUC": {
            "Train": [
                0.5631638620360425,
                0.5561522854755938,
                0.6173767752715122
            ],
            "Validation": [
                0.5875384979862592,
                0.47287372660506993,
                0.5907367922293295
            ],
            "Test": [
                0.5353535353535354,
                0.4511784511784512,
                0.5057720057720058
            ]
        },
        "DPR": {
            "Train": {
                "Sex": [
                    0.35288655006964864,
                    0.30962635316028403,
                    0.4316219900045434
                ]
            },
            "Validation": {
                "Sex": [
                    0.34552845528455284,
                    0.47222222222222215,
                    0.5811965811965811
                ]
            },
            "Test": {
                "Sex": [
                    0.38487179487179485,
                    0.35059171597633143,
                    0.525887573964497
                ]
            }
        },
        "EOR": {
            "Train": {
                "Sex": [
                    0.2826446280991735,
                    0.2040816326530612,
                    0.38383838383838387
                ]
            },
            "Validation": {
                "Sex": [
                    0.32036613272311215,
                    0.2484472049689441,
                    0.43478260869565216
                ]
            },
            "Test": {
                "Sex": [
                    0.3793103448275862,
                    0.3179723502304147,
                    0.42396313364055294
                ]
            }
        }
    },
    "SVM": {
        "AUC": {
            "Train": [
                0.3857858933046903,
                0.5125313283208021,
                0.4184270199307793
            ],
            "Validation": [
                0.32551528073916136,
                0.5088841506751955,
                0.39256100450130305
            ],
            "Test": [
                0.43530543530543525,
                0.4648869648869649,
                0.5098605098605098
            ]
        },
        "DPR": {
            "Train": {
                "Sex": [
                    1.0,
                    NaN,
                    0.9694126620900076
                ]
            },
            "Validation": {
                "Sex": [
                    1.0,
                    NaN,
                    0.9385026737967914
                ]
            },
            "Test": {
                "Sex": [
                    1.0,
                    NaN,
                    0.9854469854469855
                ]
            }
        },
        "EOR": {
            "Train": {
                "Sex": [
                    1.0,
                    NaN,
                    0.9027777777777778
                ]
            },
            "Validation": {
                "Sex": [
                    1.0,
                    NaN,
                    0.9147727272727273
                ]
            },
            "Test": {
                "Sex": [
                    1.0,
                    NaN,
                    0.912442396313364
                ]
            }
        }
    },
    "MLP": {
        "AUC": {
            "Train": [
                0.6023988542785536,
                0.5945816923260532,
                0.6042487170306718
            ],
            "Validation": [
                0.7026770907367923,
                0.6465292584695571,
                0.6569533285951197
            ],
            "Test": [
                0.5514670514670514,
                0.5036075036075036,
                0.5093795093795093
            ]
        },
        "DPR": {
            "Train": {
                "Sex": [
                    0.3211267605633803,
                    NaN,
                    0.09342105263157895
                ]
            },
            "Validation": {
                "Sex": [
                    0.4722222222222222,
                    NaN,
                    0.9444444444444445
                ]
            },
            "Test": {
                "Sex": [
                    0.7596153846153847,
                    NaN,
                    0.0
                ]
            }
        },
        "EOR": {
            "Train": {
                "Sex": [
                    0.3333333333333333,
                    NaN,
                    0.07236842105263157
                ]
            },
            "Validation": {
                "Sex": [
                    0.37190082644628103,
                    NaN,
                    0.9777777777777777
                ]
            },
            "Test": {
                "Sex": [
                    0.5238095238095237,
                    NaN,
                    0.0
                ]
            }
        }
    },
    "XGBoost": {
        "AUC": {
            "Train": [
                0.5438298126268051,
                0.549170545411147,
                0.5584496956677408
            ],
            "Validation": [
                0.48116560056858565,
                0.5023691068467189,
                0.5563847429519071
            ],
            "Test": [
                0.4831649831649832,
                0.46404521404521404,
                0.49506974506974505
            ]
        },
        "DPR": {
            "Train": {
                "Sex": [
                    0.42176974892835273,
                    0.19701028255422104,
                    0.428169014084507
                ]
            },
            "Validation": {
                "Sex": [
                    0.43037974683544306,
                    0.1888888888888889,
                    0.6868686868686869
                ]
            },
            "Test": {
                "Sex": [
                    0.4735264735264736,
                    0.13811188811188813,
                    0.6646634615384616
                ]
            }
        },
        "EOR": {
            "Train": {
                "Sex": [
                    0.37012987012987014,
                    0.17142857142857143,
                    0.3003952569169961
                ]
            },
            "Validation": {
                "Sex": [
                    0.3068181818181818,
                    0.052700922266139656,
                    0.6459330143540669
                ]
            },
            "Test": {
                "Sex": [
                    0.3956989247311828,
                    0.1141439205955335,
                    0.6594982078853047
                ]
            }
        }
    },
    "CatBoost": {
        "AUC": {
            "Train": [
                0.5699964196204798,
                0.6029657477025898,
                0.5763217567728846
            ],
            "Validation": [
                0.5567401089789149,
                0.5229803364131722,
                0.5862354892205639
            ],
            "Test": [
                0.48929773929773923,
                0.4601972101972102,
                0.4918229918229918
            ]
        },
        "DPR": {
            "Train": {
                "Sex": [
                    0.4339550818424058,
                    0.24327784891165172,
                    0.3509582082659894
                ]
            },
            "Validation": {
                "Sex": [
                    0.4323962516733601,
                    0.265625,
                    0.5085470085470085
                ]
            },
            "Test": {
                "Sex": [
                    0.40902366863905326,
                    0.3038461538461538,
                    0.35059171597633143
                ]
            }
        },