{
    "Random Forest": {
        "AUC": {
            "Train": [
                0.42343955125910016,
                0.5663265306122449,
                0.5197815968492661
            ],
            "Validation": [
                0.42276711679696755,
                0.5707178393745558,
                0.4519071310116086
            ],
            "Test": [
                0.4093314093314093,
                0.5892255892255892,
                0.5295815295815296
            ]
        },
        "DPR": {
            "Train": {
                "Sex": [
                    0.959049092241309,
                    0.6594427244582043,
                    0.6252468079505068
                ]
            },
            "Validation": {
                "Sex": [
                    0.9529411764705883,
                    0.6408668730650154,
                    0.6910569105691057
                ]
            },
            "Test": {
                "Sex": [
                    0.9994939271255061,
                    0.7479861910241657,
                    0.9349112426035503
                ]
            }
        },
        "EOR": {
            "Train": {
                "Sex": [
                    0.948306595365419,
                    0.6246537396121883,
                    0.4
                ]
            },
            "Validation": {
                "Sex": [
                    0.9263157894736842,
                    0.5031249999999999,
                    0.5533596837944664
                ]
            },
            "Test": {
                "Sex": [
                    0.9523809523809523,
                    0.7135549872122763,
                    0.8903225806451613
                ]
            }
        }
    },
    "SVM": {
        "AUC": {
            "Train": [
                0.41788996300274495,
                0.5815133070772168,
                0.5199904523212794
            ],
            "Validation": [
                0.4809286898839138,
                0.6069651741293532,
                0.5131485429992892
            ],
            "Test": [
                0.4298941798941799,
                0.49013949013949015,
                0.5173160173160174
            ]
        },
        "DPR": {
            "Train": {
                "Sex": [
                    1.0,
                    0.9888259109311741,
                    1.0
                ]
            },
            "Validation": {
                "Sex": [
                    1.0,
                    0.8987688098495211,
                    1.0
                ]
            },
            "Test": {
                "Sex": [
                    1.0,
                    0.9983516483516484,
                    1.0
                ]
            }
        },
        "EOR": {
            "Train": {
                "Sex": [
                    1.0,
                    0.9117647058823529,
                    1.0
                ]
            },
            "Validation": {
                "Sex": [
                    1.0,
                    0.8761904761904763,
                    1.0
                ]
            },
            "Test": {
                "Sex": [
                    1.0,
                    0.9211822660098522,
                    1.0
                ]
            }
        }
    },
    "MLP": {
        "AUC": {
            "Train": [
                0.43447905477980664,
                0.44298245614035087,
                0.5820503640052512
            ],
            "Validation": [
                0.44847192608386643,
                0.41625207296849087,
                0.6351575456053069
            ],
            "Test": [
                0.494949494949495,
                0.5313852813852813,
                0.4942279942279942
            ]
        },
        "DPR": {
            "Train": {
                "Sex": [
                    0.9350076361785169,
                    1.0,
                    NaN
                ]
            },
            "Validation": {
                "Sex": [
                    0.9822222222222223,
                    1.0,
                    NaN
                ]
            },
            "Test": {
                "Sex": [
                    0.9573234984193888,
                    1.0,
                    NaN
                ]
            }
        },
        "EOR": {
            "Train": {
                "Sex": [
                    0.9142857142857143,
                    1.0,
                    NaN
                ]
            },
            "Validation": {
                "Sex": [
                    0.966183574879227,
                    1.0,
                    NaN
                ]
            },
            "Test": {
                "Sex": [
                    0.9317329332333083,
                    1.0,
                    NaN
                ]
            }
        }
    },
    "XGBoost": {
        "AUC": {
            "Train": [
                0.48048693161475114,
                0.5511994271392767,
                0.5855412340374746
            ],
            "Validation": [
                0.45226249703861643,
                0.5010660980810234,
                0.5765221511490168
            ],
            "Test": [
                0.44853294853294856,
                0.5601250601250601,
                0.5373977873977874
            ]
        },
        "DPR": {
            "Train": {
                "Sex": [
                    0.9170754866276309,
                    0.8572755417956657,
                    0.8665325285043594
                ]
            },
            "Validation": {
                "Sex": [
                    0.9567099567099567,
                    0.9444444444444445,
                    0.7709750566893424
                ]
            },
            "Test": {
                "Sex": [
                    0.9033264033264033,
                    0.47871116225546606,
                    0.9634146341463414
                ]
            }
        },
        "EOR": {
            "Train": {
                "Sex": [
                    0.8636363636363638,
                    0.6578947368421053,
                    0.6842105263157895
                ]
            },
            "Validation": {
                "Sex": [
                    0.8980044345898005,
                    0.5797101449275363,
                    0.7758620689655172
                ]
            },
            "Test": {
                "Sex": [
                    0.8617511520737327,
                    0.15909090909090912,
                    0.9603174603174605
                ]
            }
        }
    },
    "CatBoost": {
        "AUC": {
            "Train": [
                0.48454469507101083,
                0.5586287146437522,
                0.4995226160639694
            ],
            "Validation": [
                0.4545131485429993,
                0.5608860459606728,
                0.49727552712627343
            ],
            "Test": [
                0.3965848965848966,
                0.5643338143338144,
                0.5163540163540163
            ]
        },
        "DPR": {
            "Train": {
                "Sex": [
                    0.9822556390977444,
                    0.6874273161907223,
                    0.5467211873390883
                ]
            },
            "Validation": {
                "Sex": [
                    0.9680555555555556,
                    0.7635933806146572,
                    0.4607046070460704
                ]
            },
            "Test": {
                "Sex": [
                    0.9349112426035503,
                    0.7419499105545617,
                    0.7596153846153846
                ]
            }
        },
        "EOR": {
            "Train": {
                "Sex": [
                    0.9605263157894737,
                    0.6341463414634146,
                    0.4
                ]
            },