{
    "Random Forest": {
        "AUC": {
            "Train": [
                0.996359947487767,
                0.997702589807853,
                0.9957930540637308
            ],
            "Validation": [
                0.7723288320303247,
                0.7611940298507464,
                0.7878464818763325
            ],
            "Test": [
                0.5939153439153438,
                0.5833333333333334,
                0.5787638287638287
            ]
        },
        "DPR": {
            "Train": {
                "Sex": [
                    0.7815031783622087,
                    0.8123742454728371,
                    0.8123742454728371
                ]
            },
            "Validation": {
                "Sex": [
                    0.7514231499051234,
                    0.7685009487666035,
                    0.8470588235294118
                ]
            },
            "Test": {
                "Sex": [
                    0.9256329113924051,
                    0.8324646314221892,
                    0.9462025316455696
                ]
            }
        },
        "EOR": {
            "Train": {
                "Sex": [
                    0.0,
                    0.5,
                    0.5
                ]
            },
            "Validation": {
                "Sex": [
                    0.575,
                    0.6708333333333333,
                    0.8049999999999999
                ]
            },
            "Test": {
                "Sex": [
                    0.857707509881423,
                    0.7911153119092629,
                    0.9306418219461698
                ]
            }
        }
    },
    "SVM": {
        "AUC": {
            "Train": [
                0.608843537414966,
                0.608843537414966,
                0.6087838644229622
            ],
            "Validation": [
                0.5941719971570717,
                0.5941719971570717,
                0.5941719971570717
            ],
            "Test": [
                0.5339105339105339,
                0.5339105339105339,
                0.5339105339105339
            ]
        },
        "DPR": {
            "Train": {
                "Sex": [
                    0.981618224666143,
                    0.981618224666143,
                    0.981618224666143
                ]
            },
            "Validation": {
                "Sex": [
                    0.9357045143638851,
                    0.9357045143638851,
                    0.9357045143638851
                ]
            },
            "Test": {
                "Sex": [
                    0.9917200854700855,
                    0.9917200854700855,
                    0.9917200854700855
                ]
            }
        },
        "EOR": {
            "Train": {
                "Sex": [
                    0.9,
                    0.9,
                    0.9
                ]
            },
            "Validation": {
                "Sex": [
                    0.930952380952381,
                    0.930952380952381,
                    0.930952380952381
                ]
            },
            "Test": {
                "Sex": [
                    0.9753694581280787,
                    0.9753694581280787,
                    0.9753694581280787
                ]
            }
        }
    },
    "MLP": {
        "AUC": {
            "Train": [
                0.6281179138321995,
                0.41657715717866095,
                0.6678601265067431
            ],
            "Validation": [
                0.6886993603411515,
                0.38663823738450603,
                0.7640369580668087
            ],
            "Test": [
                0.5144300144300145,
                0.4807599807599808,
                0.5834535834535834
            ]
        },
        "DPR": {
            "Train": {
                "Sex": [
                    0.9511961722488038,
                    1.0,
                    0.8234019501625136
                ]
            },
            "Validation": {
                "Sex": [
                    0.9882352941176471,
                    1.0,
                    0.997737556561086
                ]
            },
            "Test": {
                "Sex": [
                    0.7596153846153846,
                    1.0,
                    0.959132007233273
                ]
            }
        },
        "EOR": {
            "Train": {
                "Sex": [
                    0.8925438596491229,
                    1.0,
                    0.8351648351648351
                ]
            },
            "Validation": {
                "Sex": [
                    0.92,
                    1.0,
                    0.8695652173913043
                ]
            },
            "Test": {
                "Sex": [
                    0.26190476190476186,
                    1.0,
                    0.8497164461247637
                ]
            }
        }
    },
    "XGBoost": {
        "AUC": {
            "Train": [
                0.9958825635517364,
                0.9958825635517364,
                0.9958825635517364
            ],
            "Validation": [
                0.7927031509121063,
                0.7927031509121063,
                0.7927031509121063
            ],
            "Test": [
                0.5810485810485811,
                0.5810485810485811,
                0.5810485810485811
            ]
        },
        "DPR": {
            "Train": {
                "Sex": [
                    0.7784891165172855,
                    0.7784891165172855,
                    0.7784891165172855
                ]
            },
            "Validation": {
                "Sex": [
                    0.8117647058823529,
                    0.8117647058823529,
                    0.8117647058823529
                ]
            },
            "Test": {
                "Sex": [
                    0.9532428355957768,
                    0.9532428355957768,
                    0.9532428355957768
                ]
            }
        },
        "EOR": {
            "Train": {
                "Sex": [
                    0.0,
                    0.0,
                    0.0
                ]
            },
            "Validation": {
                "Sex": [
                    0.5270833333333333,
                    0.5270833333333333,
                    0.5270833333333333
                ]
            },
            "Test": {
                "Sex": [
                    0.7482993197278911,
                    0.7482993197278911,
                    0.7482993197278911
                ]
            }
        }
    },
    "CatBoost": {
        "AUC": {
            "Train": [
                0.9542904881250746,
                0.9514858575008952,
                0.9573934837092731
            ],
            "Validation": [
                0.7697228144989339,
                0.7716180999763089,
                0.7784885098317934
            ],
            "Test": [
                0.5704665704665705,
                0.5738335738335738,
                0.5646945646945647
            ]
        },
        "DPR": {
            "Train": {
                "Sex": [
                    0.7645875251509054,
                    0.7776573973757072,
                    0.7420996567641142
                ]
            },
            "Validation": {
                "Sex": [
                    0.9607843137254901,
                    0.9,
                    0.894523326572008
                ]
            },
            "Test": {
                "Sex": [
                    0.9459361393323656,
                    0.9115384615384614,
                    0.9284188034188035
                ]
            }
        },