{
    "Random Forest": {
        "AUC": {
            "Train": [
                0.6575963718820862,
                0.573576799140709,
                0.4414906313402553
            ],
            "Validation": [
                0.6149016820658612,
                0.5867093105899077,
                0.41044776119402987
            ],
            "Test": [
                0.6031746031746033,
                0.5365560365560366,
                0.4527417027417027
            ]
        },
        "DPR": {
            "Train": {
                "Sex": [
                    0.5824357912178956,
                    0.892018779342723,
                    0.9315385986806917
                ]
            },
            "Validation": {
                "Sex": [
                    0.6126126126126126,
                    0.787037037037037,
                    0.8168168168168168
                ]
            },
            "Test": {
                "Sex": [
                    0.6076923076923078,
                    0.5697115384615385,
                    0.7819570135746606
                ]
            }
        },
        "EOR": {
            "Train": {
                "Sex": [
                    0.5625,
                    0.3636363636363636,
                    0.8543499511241448
                ]
            },
            "Validation": {
                "Sex": [
                    0.5115089514066496,
                    0.6818181818181819,
                    0.802675585284281
                ]
            },
            "Test": {
                "Sex": [
                    0.5238095238095237,
                    0.4946236559139785,
                    0.6359447004608296
                ]
            }
        }
    },
    "SVM": {
        "AUC": {
            "Train": [
                0.5430242272347536,
                0.5815729800692206,
                0.45536460198114337
            ],
            "Validation": [
                0.4690831556503198,
                0.607202084814025,
                0.3956408434020374
            ],
            "Test": [
                0.5738335738335739,
                0.49013949013949015,
                0.5264550264550264
            ]
        },
        "DPR": {
            "Train": {
                "Sex": [
                    1.0,
                    0.9703735144312394,
                    1.0
                ]
            },
            "Validation": {
                "Sex": [
                    1.0,
                    0.8697478991596639,
                    1.0
                ]
            },
            "Test": {
                "Sex": [
                    1.0,
                    0.9654008438818565,
                    1.0
                ]
            }
        },
        "EOR": {
            "Train": {
                "Sex": [
                    1.0,
                    0.9193548387096775,
                    1.0
                ]
            },
            "Validation": {
                "Sex": [
                    1.0,
                    0.8625,
                    1.0
                ]
            },
            "Test": {
                "Sex": [
                    1.0,
                    0.9386645962732919,
                    1.0
                ]
            }
        }
    },
    "MLP": {
        "AUC": {
            "Train": [
                0.5260174245136651,
                0.4266618928273064,
                0.42654254684329873
            ],
            "Validation": [
                0.6233120113717129,
                0.4228855721393035,
                0.4213456526889363
            ],
            "Test": [
                0.5086580086580086,
                0.5144300144300145,
                0.5134680134680134
            ]
        },
        "DPR": {
            "Train": {
                "Sex": [
                    0.754785120982304,
                    0.9568022661106302,
                    1.0
                ]
            },
            "Validation": {
                "Sex": [
                    0.7621832358674464,
                    0.9866310160427808,
                    1.0
                ]
            },
            "Test": {
                "Sex": [
                    0.6427514792899409,
                    0.9795040485829959,
                    1.0
                ]
            }
        },
        "EOR": {
            "Train": {
                "Sex": [
                    0.7234042553191489,
                    0.9362786745964315,
                    1.0
                ]
            },
            "Validation": {
                "Sex": [
                    0.7012987012987012,
                    0.9555555555555556,
                    1.0
                ]
            },
            "Test": {
                "Sex": [
                    0.6140155728587319,
                    0.9780058651026392,
                    1.0
                ]
            }
        }
    },
    "XGBoost": {
        "AUC": {
            "Train": [
                0.6382026494808449,
                0.5451127819548872,
                0.4863647213271273
            ],
            "Validation": [
                0.6654821132433073,
                0.5610045013030087,
                0.42087183131959255
            ],
            "Test": [
                0.54004329004329,
                0.5704665704665703,
                0.4742664742664742
            ]
        },
        "DPR": {
            "Train": {
                "Sex": [
                    0.5084507042253521,
                    0.7785087719298245,
                    0.9774816564054989
                ]
            },
            "Validation": {
                "Sex": [
                    0.671604938271605,
                    0.6296296296296297,
                    0.8814814814814815
                ]
            },
            "Test": {
                "Sex": [
                    0.39499999999999996,
                    0.9403254972875227,
                    0.9842903575297941
                ]
            }
        },
        "EOR": {
            "Train": {
                "Sex": [
                    0.4935064935064935,
                    0.537593984962406,
                    0.9705882352941176
                ]
            },
            "Validation": {
                "Sex": [
                    0.6136363636363638,
                    0.34782608695652173,
                    0.8522727272727272
                ]
            },
            "Test": {
                "Sex": [
                    0.39285714285714285,
                    0.7857142857142857,
                    0.9539170506912443
                ]
            }
        }
    },
    "CatBoost": {
        "AUC": {
            "Train": [
                0.6042487170306718,
                0.5341329514261844,
                0.4216195250029836
            ],
            "Validation": [
                0.5652688936271026,
                0.5124378109452736,
                0.38118929163705284
            ],
            "Test": [
                0.6319143819143819,
                0.55002405002405,
                0.47558922558922556
            ]
        },
        "DPR": {
            "Train": {
                "Sex": [
                    0.9102564102564101,
                    0.8832535885167465,
                    0.5978947368421053
                ]
            },
            "Validation": {
                "Sex": [
                    0.9741176470588234,
                    0.7555555555555555,
                    0.7383900928792569
                ]
            },
            "Test": {
                "Sex": [
                    0.9404761904761906,
                    0.5064102564102564,
                    0.6162133046054403
                ]
            }
        },