{
    "Random Forest": {
        "AUC": {
            "Train": [
                0.6511218522496719,
                0.6149301825993555,
                0.6149600190953575
            ],
            "Validation": [
                0.6462923477848852,
                0.6177446102819237,
                0.6834873252783701
            ],
            "Test": [
                0.5835738335738336,
                0.5354737854737854,
                0.567941317941318
            ]
        },
        "DPR": {
            "Train": {
                "Sex": [
                    0.932937071973123,
                    0.7359154929577465,
                    0.9964039556487864
                ]
            },
            "Validation": {
                "Sex": [
                    0.8585858585858586,
                    0.9444444444444444,
                    0.9162895927601811
                ]
            },
            "Test": {
                "Sex": [
                    0.6879535558780842,
                    0.9115384615384614,
                    0.844017094017094
                ]
            }
        },
        "EOR": {
            "Train": {
                "Sex": [
                    0.9545454545454546,
                    0.4897959183673469,
                    0.875
                ]
            },
            "Validation": {
                "Sex": [
                    0.7246376811594203,
                    0.782608695652174,
                    0.6229166666666667
                ]
            },
            "Test": {
                "Sex": [
                    0.4135338345864661,
                    0.8292220113851994,
                    0.6984126984126984
                ]
            }
        }
    },
    "SVM": {
        "AUC": {
            "Train": [
                0.5724131757966344,
                0.5440386680988185,
                0.5895691609977324
            ],
            "Validation": [
                0.6222459132906895,
                0.4577114427860697,
                0.5908552475716655
            ],
            "Test": [
                0.47811447811447816,
                0.5853775853775854,
                0.5372775372775372
            ]
        },
        "DPR": {
            "Train": {
                "Sex": [
                    0.9085655314757481,
                    1.0,
                    0.9342105263157895
                ]
            },
            "Validation": {
                "Sex": [
                    0.7941176470588235,
                    1.0,
                    0.9000000000000001
                ]
            },
            "Test": {
                "Sex": [
                    0.9172714078374455,
                    1.0,
                    0.9424626006904488
                ]
            }
        },
        "EOR": {
            "Train": {
                "Sex": [
                    0.8076923076923077,
                    1.0,
                    0.8666666666666667
                ]
            },
            "Validation": {
                "Sex": [
                    0.7441176470588237,
                    1.0,
                    0.8776315789473684
                ]
            },
            "Test": {
                "Sex": [
                    0.8198757763975154,
                    1.0,
                    0.8664596273291926
                ]
            }
        }
    },
    "MLP": {
        "AUC": {
            "Train": [
                0.5994748776703663,
                0.6553884711779449,
                0.5726817042606516
            ],
            "Validation": [
                0.6616915422885572,
                0.7514806917791993,
                0.6865671641791045
            ],
            "Test": [
                0.5151515151515151,
                0.5834535834535834,
                0.55002405002405
            ]
        },
        "DPR": {
            "Train": {
                "Sex": [
                    NaN,
                    0.8007518796992481,
                    0.96579476861167
                ]
            },
            "Validation": {
                "Sex": [
                    NaN,
                    0.8585858585858585,
                    0.912962962962963
                ]
            },
            "Test": {
                "Sex": [
                    NaN,
                    0.6582278481012658,
                    0.8529014844804319
                ]
            }
        },
        "EOR": {
            "Train": {
                "Sex": [
                    NaN,
                    0.5,
                    0.88
                ]
            },
            "Validation": {
                "Sex": [
                    NaN,
                    0.0,
                    0.9150717703349283
                ]
            },
            "Test": {
                "Sex": [
                    NaN,
                    0.6363636363636365,
                    0.6043956043956044
                ]
            }
        }
    },
    "XGBoost": {
        "AUC": {
            "Train": [
                0.6283566058002148,
                0.5938656164220074,
                0.6341448860245852
            ],
            "Validation": [
                0.6285240464344942,
                0.6413172234067757,
                0.6593224354418384
            ],
            "Test": [
                0.5824915824915825,
                0.5478595478595478,
                0.5137085137085137
            ]
        },
        "DPR": {
            "Train": {
                "Sex": [
                    0.9478818998716303,
                    0.8503356588126892,
                    0.980337470366755
                ]
            },
            "Validation": {
                "Sex": [
                    0.8272058823529411,
                    0.9215686274509804,
                    0.965432098765432
                ]
            },
            "Test": {
                "Sex": [
                    0.7745098039215687,
                    0.9507735583684951,
                    0.8532583216127518
                ]
            }
        },
        "EOR": {
            "Train": {
                "Sex": [
                    0.8611111111111112,
                    0.65,
                    0.8611111111111112
                ]
            },
            "Validation": {
                "Sex": [
                    0.7876543209876543,
                    0.8861111111111112,
                    0.9207161125319694
                ]
            },
            "Test": {
                "Sex": [
                    0.5789473684210525,
                    0.7556818181818182,
                    0.7928388746803069
                ]
            }
        }
    },
    "CatBoost": {
        "AUC": {
            "Train": [
                0.6413056450650436,
                0.6238214584079246,
                0.6089032104069698
            ],
            "Validation": [
                0.6439232409381663,
                0.6477138118929163,
                0.6664297559819948
            ],
            "Test": [
                0.581048581048581,
                0.5464165464165465,
                0.5772005772005772
            ]
        },
        "DPR": {
            "Train": {
                "Sex": [
                    0.7629385964912282,
                    0.8462742265559167,
                    0.5641898864809081
                ]
            },
            "Validation": {
                "Sex": [
                    0.6470588235294118,
                    0.8717948717948717,
                    0.5977229601518026
                ]
            },
            "Test": {
                "Sex": [
                    0.9215189873417722,
                    0.7596153846153846,
                    0.6969471332836932
                ]
            }
        },