{
    "Random Forest": {
        "AUC": {
            "Train": [
                0.512232963360783,
                0.5137546246568803,
                0.5190356844492183
            ],
            "Validation": [
                0.5884861407249468,
                0.47133380715470263,
                0.4774934849561715
            ],
            "Test": [
                0.48857623857623855,
                0.512025012025012,
                0.46512746512746506
            ]
        },
        "DPR": {
            "Train": {
                "Sex": [
                    0.7573744352909912,
                    0.7993415035668557,
                    0.9941410129096325
                ]
            },
            "Validation": {
                "Sex": [
                    0.7715179968701096,
                    0.9056316590563167,
                    0.9444444444444445
                ]
            },
            "Test": {
                "Sex": [
                    0.8042986425339366,
                    0.7596153846153846,
                    0.9953580901856763
                ]
            }
        },
        "EOR": {
            "Train": {
                "Sex": [
                    0.7057673509286413,
                    0.6982591876208898,
                    0.8833333333333333
                ]
            },
            "Validation": {
                "Sex": [
                    0.753623188405797,
                    0.7729468599033816,
                    0.927536231884058
                ]
            },
            "Test": {
                "Sex": [
                    0.7295918367346939,
                    0.6514555468135327,
                    0.967032967032967
                ]
            }
        }
    },
    "SVM": {
        "AUC": {
            "Train": [
                0.5901658909177706,
                0.45691609977324266,
                0.46127222818952146
            ],
            "Validation": [
                0.5932243544183843,
                0.4070125562662876,
                0.48448235015399194
            ],
            "Test": [
                0.557960557960558,
                0.4829244829244829,
                0.49302549302549303
            ]
        },
        "DPR": {
            "Train": {
                "Sex": [
                    1.0,
                    1.0,
                    1.0
                ]
            },
            "Validation": {
                "Sex": [
                    1.0,
                    1.0,
                    1.0
                ]
            },
            "Test": {
                "Sex": [
                    1.0,
                    1.0,
                    1.0
                ]
            }
        },
        "EOR": {
            "Train": {
                "Sex": [
                    1.0,
                    1.0,
                    1.0
                ]
            },
            "Validation": {
                "Sex": [
                    1.0,
                    1.0,
                    1.0
                ]
            },
            "Test": {
                "Sex": [
                    1.0,
                    1.0,
                    1.0
                ]
            }
        }
    },
    "MLP": {
        "AUC": {
            "Train": [
                0.446891037116601,
                0.6062179257667979,
                0.5104427736006684
            ],
            "Validation": [
                0.45889599620942906,
                0.6590855247571666,
                0.5955934612651032
            ],
            "Test": [
                0.5098605098605099,
                0.49639249639249633,
                0.5663780663780663
            ]
        },
        "DPR": {
            "Train": {
                "Sex": [
                    1.0,
                    0.948582995951417,
                    0.41170097508125675
                ]
            },
            "Validation": {
                "Sex": [
                    1.0,
                    0.8602941176470589,
                    0.4722222222222222
                ]
            },
            "Test": {
                "Sex": [
                    0.9873417721518988,
                    0.7596153846153847,
                    0.6510989010989011
                ]
            }
        },
        "EOR": {
            "Train": {
                "Sex": [
                    1.0,
                    0.6153846153846153,
                    0.0
                ]
            },
            "Validation": {
                "Sex": [
                    1.0,
                    0.7333333333333334,
                    0.34090909090909094
                ]
            },
            "Test": {
                "Sex": [
                    0.9782608695652174,
                    0.7419354838709677,
                    0.44516129032258067
                ]
            }
        }
    },
    "XGBoost": {
        "AUC": {
            "Train": [
                0.4994032700799618,
                0.49456975772765244,
                0.5035505430242272
            ],
            "Validation": [
                0.5413409144752428,
                0.4669509594882729,
                0.4851930822080076
            ],
            "Test": [
                0.48725348725348727,
                0.5093795093795094,
                0.49543049543049544
            ]
        },
        "DPR": {
            "Train": {
                "Sex": [
                    0.9543977149610953,
                    0.7859745887914902,
                    0.9785579146520916
                ]
            },
            "Validation": {
                "Sex": [
                    0.9739583333333333,
                    0.9139784946236559,
                    0.9127789046653144
                ]
            },
            "Test": {
                "Sex": [
                    0.8616532721010333,
                    0.7458041958041958,
                    0.9223901098901099
                ]
            }
        },
        "EOR": {
            "Train": {
                "Sex": [
                    0.8941176470588235,
                    0.602536997885835,
                    0.832420591456736
                ]
            },
            "Validation": {
                "Sex": [
                    0.9090909090909091,
                    0.8695652173913043,
                    0.8380952380952381
                ]
            },
            "Test": {
                "Sex": [
                    0.812807881773399,
                    0.6295210166177908,
                    0.8543499511241447
                ]
            }
        }
    },
    "CatBoost": {
        "AUC": {
            "Train": [
                0.4656880295978041,
                0.5105024465926722,
                0.5456498388829216
            ],
            "Validation": [
                0.5072257758824923,
                0.4925373134328358,
                0.5138592750533049
            ],
            "Test": [
                0.49639249639249644,
                0.525012025012025,
                0.4543049543049542
            ]
        },
        "DPR": {
            "Train": {
                "Sex": [
                    0.9944821731748728,
                    0.7576786017308671,
                    0.9203703703703703
                ]
            },
            "Validation": {
                "Sex": [
                    0.8861454046639232,
                    0.7928669410150891,
                    0.9595588235294118
                ]
            },
            "Test": {
                "Sex": [
                    0.9365121180189673,
                    0.6847237269772481,
                    0.8141239173884077
                ]
            }
        },
        "EOR": {
            "Train": {
                "Sex": [
                    0.9855072463768115,
                    0.5992578849721707,
                    0.8793103448275861
                ]
            },