{
    "Random Forest": {
        "AUC": {
            "Train": [
                0.9690595536460198,
                0.9628237259816207,
                0.9645244062537296
            ],
            "Validation": [
                0.7966121772091921,
                0.800876569533286,
                0.78121298270552
            ],
            "Test": [
                0.5915103415103414,
                0.582130832130832,
                0.5947570947570947
            ]
        },
        "DPR": {
            "Train": {
                "Sex": [
                    0.7341393493705597,
                    0.6807511737089202,
                    0.8450704225352113
                ]
            },
            "Validation": {
                "Sex": [
                    0.8623188405797102,
                    0.7975308641975308,
                    0.8508403361344538
                ]
            },
            "Test": {
                "Sex": [
                    0.9168173598553346,
                    0.9050736497545009,
                    0.8227848101265823
                ]
            }
        },
        "EOR": {
            "Train": {
                "Sex": [
                    0.8571428571428571,
                    0.8147512864493996,
                    0.75
                ]
            },
            "Validation": {
                "Sex": [
                    0.8677685950413223,
                    0.7246376811594203,
                    0.6272727272727272
                ]
            },
            "Test": {
                "Sex": [
                    0.861111111111111,
                    0.6616541353383458,
                    0.8099173553719008
                ]
            }
        }
    },
    "SVM": {
        "AUC": {
            "Train": [
                0.576500775748896,
                0.5811851056211959,
                0.5772765246449456
            ],
            "Validation": [
                0.6382373845060413,
                0.624970386164416,
                0.6125325752191424
            ],
            "Test": [
                0.5048100048100048,
                0.5254930254930255,
                0.48244348244348245
            ]
        },
        "DPR": {
            "Train": {
                "Sex": [
                    0.9311475409836066,
                    0.9679033649698017,
                    0.9310437109723461
                ]
            },
            "Validation": {
                "Sex": [
                    0.878048780487805,
                    0.878048780487805,
                    0.8959276018099548
                ]
            },
            "Test": {
                "Sex": [
                    0.9424626006904488,
                    0.9574223245109321,
                    0.9125431530494822
                ]
            }
        },
        "EOR": {
            "Train": {
                "Sex": [
                    0.8548387096774193,
                    0.9193548387096775,
                    0.8793103448275861
                ]
            },
            "Validation": {
                "Sex": [
                    0.83375,
                    0.83375,
                    0.8473684210526315
                ]
            },
            "Test": {
                "Sex": [
                    0.8664596273291926,
                    0.8905279503105591,
                    0.8664596273291926
                ]
            }
        }
    },
    "MLP": {
        "AUC": {
            "Train": [
                0.6535386084258265,
                0.4785177228786251,
                0.6404702231769901
            ],
            "Validation": [
                0.736318407960199,
                0.515517649846008,
                0.7145226249703862
            ],
            "Test": [
                0.5678210678210678,
                0.5370370370370371,
                0.5485810485810486
            ]
        },
        "DPR": {
            "Train": {
                "Sex": [
                    0.9175050301810865,
                    0.9964912280701754,
                    0.9134502923976608
                ]
            },
            "Validation": {
                "Sex": [
                    0.926470588235294,
                    0.9745989304812834,
                    0.9894179894179893
                ]
            },
            "Test": {
                "Sex": [
                    0.5968406593406593,
                    0.9667832167832168,
                    0.6510989010989011
                ]
            }
        },
        "EOR": {
            "Train": {
                "Sex": [
                    0.8981818181818182,
                    0.9860197368421052,
                    0.7894736842105263
                ]
            },
            "Validation": {
                "Sex": [
                    0.69,
                    0.925,
                    0.46
                ]
            },
            "Test": {
                "Sex": [
                    0.3492063492063492,
                    0.9562724014336916,
                    0.26190476190476186
                ]
            }
        }
    },
    "XGBoost": {
        "AUC": {
            "Train": [
                0.9397302780761427,
                0.9382384532760472,
                0.9423558897243107
            ],
            "Validation": [
                0.7623785832741057,
                0.7694859038142622,
                0.769722814498934
            ],
            "Test": [
                0.6118326118326117,
                0.594035594035594,
                0.5942760942760943
            ]
        },
        "DPR": {
            "Train": {
                "Sex": [
                    0.883835120816643,
                    0.7929055816379761,
                    0.8592841452384029
                ]
            },
            "Validation": {
                "Sex": [
                    0.7849898580121702,
                    0.8823529411764707,
                    0.9607843137254901
                ]
            },
            "Test": {
                "Sex": [
                    0.9215189873417721,
                    0.9403254972875226,
                    0.8593530239099859
                ]
            }
        },
        "EOR": {
            "Train": {
                "Sex": [
                    0.5,
                    0.8571428571428571,
                    0.8
                ]
            },
            "Validation": {
                "Sex": [
                    0.69,
                    0.7475,
                    0.8625
                ]
            },
            "Test": {
                "Sex": [
                    0.8985507246376812,
                    0.9165217391304348,
                    0.8086956521739131
                ]
            }
        }
    },
    "CatBoost": {
        "AUC": {
            "Train": [
                0.9214703425229741,
                0.9226041293710467,
                0.9207542666189283
            ],
            "Validation": [
                0.7692489931295902,
                0.7820421701018716,
                0.7683013503909026
            ],
            "Test": [
                0.5875420875420876,
                0.5798460798460798,
                0.5882635882635883
            ]
        },
        "DPR": {
            "Train": {
                "Sex": [
                    0.7610802429254425,
                    0.6630936058830861,
                    0.7578212638663843
                ]
            },
            "Validation": {
                "Sex": [
                    0.8623188405797102,
                    0.9444444444444443,
                    0.9741176470588234
                ]
            },
            "Test": {
                "Sex": [
                    0.9767251939567171,
                    0.8229166666666666,
                    0.9654008438818565
                ]
            }
        },