{
    "Random Forest": {
        "AUC": {
            "Train": [
                0.4894080439193221,
                0.5194832318892469,
                0.49749373433583965
            ],
            "Validation": [
                0.5027244728737267,
                0.5315091210613598,
                0.5204927742241175
            ],
            "Test": [
                0.4706589706589706,
                0.4974747474747475,
                0.48388648388648386
            ]
        },
        "DPR": {
            "Train": {
                "Sex": [
                    0.9175050301810865,
                    0.856338028169014,
                    0.8557156894857516
                ]
            },
            "Validation": {
                "Sex": [
                    0.9085794655414908,
                    0.8717948717948719,
                    0.9076479076479076
                ]
            },
            "Test": {
                "Sex": [
                    0.9238565488565489,
                    0.9238565488565489,
                    0.9238565488565489
                ]
            }
        },
        "EOR": {
            "Train": {
                "Sex": [
                    0.8767123287671232,
                    0.8108108108108107,
                    0.8025711662075299
                ]
            },
            "Validation": {
                "Sex": [
                    0.8980044345898005,
                    0.8237986270022885,
                    0.8930669800235017
                ]
            },
            "Test": {
                "Sex": [
                    0.8110599078341013,
                    0.8110599078341013,
                    0.8110599078341013
                ]
            }
        }
    },
    "SVM": {
        "AUC": {
            "Train": [
                0.5469029717150018,
                0.5451724549468909,
                0.552452559971357
            ],
            "Validation": [
                0.5005922767116797,
                0.4977493484956172,
                0.506041222459133
            ],
            "Test": [
                0.5865800865800865,
                0.5824915824915824,
                0.5827320827320828
            ]
        },
        "DPR": {
            "Train": {
                "Sex": [
                    1.0,
                    1.0,
                    1.0
                ]
            },
            "Validation": {
                "Sex": [
                    1.0,
                    1.0,
                    1.0
                ]
            },
            "Test": {
                "Sex": [
                    1.0,
                    1.0,
                    1.0
                ]
            }
        },
        "EOR": {
            "Train": {
                "Sex": [
                    1.0,
                    1.0,
                    1.0
                ]
            },
            "Validation": {
                "Sex": [
                    1.0,
                    1.0,
                    1.0
                ]
            },
            "Test": {
                "Sex": [
                    1.0,
                    1.0,
                    1.0
                ]
            }
        }
    },
    "MLP": {
        "AUC": {
            "Train": [
                0.46965628356605804,
                0.492749731471536,
                0.42663205633130447
            ],
            "Validation": [
                0.43757403458896,
                0.47026770907367926,
                0.3988391376451078
            ],
            "Test": [
                0.5512265512265513,
                0.4973544973544973,
                0.5265752765752766
            ]
        },
        "DPR": {
            "Train": {
                "Sex": [
                    1.0,
                    1.0,
                    0.9082373026034997
                ]
            },
            "Validation": {
                "Sex": [
                    1.0,
                    1.0,
                    0.9832572298325724
                ]
            },
            "Test": {
                "Sex": [
                    1.0,
                    1.0,
                    0.9284188034188035
                ]
            }
        },
        "EOR": {
            "Train": {
                "Sex": [
                    1.0,
                    1.0,
                    0.8025711662075299
                ]
            },
            "Validation": {
                "Sex": [
                    1.0,
                    1.0,
                    0.9150717703349283
                ]
            },
            "Test": {
                "Sex": [
                    1.0,
                    1.0,
                    0.9211822660098522
                ]
            }
        }
    },
    "XGBoost": {
        "AUC": {
            "Train": [
                0.5145900465449338,
                0.516827783745077,
                0.5145900465449338
            ],
            "Validation": [
                0.5729684908789386,
                0.5791281686804075,
                0.5729684908789386
            ],
            "Test": [
                0.49230399230399224,
                0.5,
                0.49230399230399224
            ]
        },
        "DPR": {
            "Train": {
                "Sex": [
                    0.7368850785874668,
                    0.7775028549676437,
                    0.7368850785874668
                ]
            },
            "Validation": {
                "Sex": [
                    0.8284600389863549,
                    0.7795414462081127,
                    0.8284600389863549
                ]
            },
            "Test": {
                "Sex": [
                    0.6076923076923076,
                    0.634902411021814,
                    0.6076923076923076
                ]
            }
        },
        "EOR": {
            "Train": {
                "Sex": [
                    0.7272727272727272,
                    0.7457627118644068,
                    0.7272727272727272
                ]
            },
            "Validation": {
                "Sex": [
                    0.6020066889632107,
                    0.6211180124223603,
                    0.6020066889632107
                ]
            },
            "Test": {
                "Sex": [
                    0.48768472906403937,
                    0.48768472906403937,
                    0.48768472906403937
                ]
            }
        }
    },
    "CatBoost": {
        "AUC": {
            "Train": [
                0.5207662012173291,
                0.5328499820981024,
                0.50656402912042
            ],
            "Validation": [
                0.5486851457000711,
                0.5150438284766643,
                0.5197820421701018
            ],
            "Test": [
                0.502044252044252,
                0.5115440115440115,
                0.491943241943242
            ]
        },
        "DPR": {
            "Train": {
                "Sex": [
                    0.892018779342723,
                    0.8637007228556524,
                    0.8820520890707373
                ]
            },
            "Validation": {
                "Sex": [
                    0.9103078982597055,
                    0.9555555555555556,
                    0.8972222222222223
                ]
            },
            "Test": {
                "Sex": [
                    0.8484015984015983,
                    0.8846153846153846,
                    0.9115384615384616
                ]
            }
        },
        "EOR": {
            "Train": {
                "Sex": [
                    0.8874061718098416,
                    0.8421052631578947,
                    0.8648648648648648
                ]
            },