{
    "Random Forest": {
        "AUC": {
            "Train": [
                0.7551915503043323,
                0.7791502565938656,
                0.7926363527867288
            ],
            "Validation": [
                0.6556503198294242,
                0.7475716654821132,
                0.7115612414119877
            ],
            "Test": [
                0.554112554112554,
                0.5603655603655604,
                0.5241702741702742
            ]
        },
        "DPR": {
            "Train": {
                "Sex": [
                    0.8007097704336253,
                    0.9318410462776662,
                    0.761646803900325
                ]
            },
            "Validation": {
                "Sex": [
                    0.9529411764705882,
                    0.9162895927601811,
                    0.9050925925925926
                ]
            },
            "Test": {
                "Sex": [
                    0.801048951048951,
                    0.8086799276672694,
                    0.831277213352685
                ]
            }
        },
        "EOR": {
            "Train": {
                "Sex": [
                    0.7777777777777778,
                    0.9726315789473684,
                    0.7999999999999999
                ]
            },
            "Validation": {
                "Sex": [
                    0.8691358024691358,
                    0.7976608187134503,
                    0.8184143222506394
                ]
            },
            "Test": {
                "Sex": [
                    0.7202380952380952,
                    0.7832167832167832,
                    0.8231292517006803
                ]
            }
        }
    },
    "SVM": {
        "AUC": {
            "Train": [
                0.5915383697338584,
                0.6105143811910729,
                0.583482515813343
            ],
            "Validation": [
                0.6285240464344942,
                0.6256811182184316,
                0.6443970623075101
            ],
            "Test": [
                0.5396825396825397,
                0.5408850408850409,
                0.5298220298220299
            ]
        },
        "DPR": {
            "Train": {
                "Sex": [
                    0.9556514236410699,
                    0.9617773943054357,
                    0.9404385964912281
                ]
            },
            "Validation": {
                "Sex": [
                    0.878048780487805,
                    0.878048780487805,
                    0.9000000000000001
                ]
            },
            "Test": {
                "Sex": [
                    0.9574223245109321,
                    0.9574223245109321,
                    0.9424626006904488
                ]
            }
        },
        "EOR": {
            "Train": {
                "Sex": [
                    0.9032258064516129,
                    0.9032258064516129,
                    0.8833333333333333
                ]
            },
            "Validation": {
                "Sex": [
                    0.83375,
                    0.83375,
                    0.8776315789473684
                ]
            },
            "Test": {
                "Sex": [
                    0.8905279503105591,
                    0.8905279503105591,
                    0.8664596273291926
                ]
            }
        }
    },
    "MLP": {
        "AUC": {
            "Train": [
                0.617078410311493,
                0.43459840076381434,
                0.6060985797827904
            ],
            "Validation": [
                0.6733001658374793,
                0.4285714285714286,
                0.6766169154228856
            ],
            "Test": [
                0.5141895141895142,
                0.5236892736892738,
                0.5233285233285234
            ]
        },
        "DPR": {
            "Train": {
                "Sex": [
                    0.6794258373205742,
                    0.9947368421052631,
                    NaN
                ]
            },
            "Validation": {
                "Sex": [
                    0.5955882352941176,
                    0.9882352941176471,
                    NaN
                ]
            },
            "Test": {
                "Sex": [
                    0.8776371308016877,
                    0.9933431952662721,
                    NaN
                ]
            }
        },
        "EOR": {
            "Train": {
                "Sex": [
                    0.43421052631578944,
                    0.9912280701754386,
                    NaN
                ]
            },
            "Validation": {
                "Sex": [
                    0.5703703703703704,
                    0.9777777777777777,
                    NaN
                ]
            },
            "Test": {
                "Sex": [
                    0.6363636363636365,
                    0.989247311827957,
                    NaN
                ]
            }
        }
    },
    "XGBoost": {
        "AUC": {
            "Train": [
                0.7077216851652942,
                0.718999880654016,
                0.7460914190237498
            ],
            "Validation": [
                0.6126510305614783,
                0.724946695095949,
                0.7289741767353708
            ],
            "Test": [
                0.5028860028860029,
                0.5567580567580568,
                0.5156325156325157
            ]
        },
        "DPR": {
            "Train": {
                "Sex": [
                    0.8846467233150973,
                    0.8251173708920188,
                    0.9715789473684211
                ]
            },
            "Validation": {
                "Sex": [
                    0.786096256684492,
                    0.9105882352941176,
                    0.8823529411764706
                ]
            },
            "Test": {
                "Sex": [
                    0.9419230769230769,
                    0.9667832167832168,
                    0.7937453462397617
                ]
            }
        },
        "EOR": {
            "Train": {
                "Sex": [
                    0.8823529411764706,
                    0.875,
                    0.8571428571428571
                ]
            },
            "Validation": {
                "Sex": [
                    0.7461988304093568,
                    0.7453416149068324,
                    0.8305555555555556
                ]
            },
            "Test": {
                "Sex": [
                    0.9285714285714286,
                    0.8479262672811059,
                    0.7803203661327232
                ]
            }
        }
    },
    "CatBoost": {
        "AUC": {
            "Train": [
                0.7670366392170903,
                0.7771810478577397,
                0.8179377013963479
            ],
            "Validation": [
                0.6984126984126984,
                0.7571665482113243,
                0.7448471926083867
            ],
            "Test": [
                0.5692640692640691,
                0.5401635401635402,
                0.5384800384800386
            ]
        },
        "DPR": {
            "Train": {
                "Sex": [
                    0.7707042253521126,
                    0.6905951840072694,
                    0.7553384825079509
                ]
            },
            "Validation": {
                "Sex": [
                    0.9882352941176471,
                    0.8354700854700854,
                    0.9366515837104072
                ]
            },
            "Test": {
                "Sex": [
                    0.8599419448476051,
                    0.9349112426035504,
                    0.9611459968602826
                ]
            }
        },