{
    "Random Forest": {
        "AUC": {
            "Train": [
                0.6650853323785655,
                0.6314894378804153,
                0.6070831841508533
            ],
            "Validation": [
                0.6464108031272211,
                0.6709310589907606,
                0.6734186211798152
            ],
            "Test": [
                0.5999278499278499,
                0.5348725348725348,
                0.5708273208273208
            ]
        },
        "DPR": {
            "Train": {
                "Sex": [
                    0.908732057416268,
                    0.7884808853118713,
                    0.9340951368588892
                ]
            },
            "Validation": {
                "Sex": [
                    0.9444444444444443,
                    0.7635933806146572,
                    0.9837962962962964
                ]
            },
            "Test": {
                "Sex": [
                    0.83712715855573,
                    0.8026124818577648,
                    0.6851432880844646
                ]
            }
        },
        "EOR": {
            "Train": {
                "Sex": [
                    0.7631578947368421,
                    0.5238095238095238,
                    0.9464508094645081
                ]
            },
            "Validation": {
                "Sex": [
                    0.9237536656891495,
                    0.6763285024154589,
                    0.9777777777777777
                ]
            },
            "Test": {
                "Sex": [
                    0.6984126984126984,
                    0.7482993197278911,
                    0.47142857142857136
                ]
            }
        }
    },
    "SVM": {
        "AUC": {
            "Train": [
                0.5724131757966345,
                0.5434419381787803,
                0.5893304690297171
            ],
            "Validation": [
                0.6220090026060175,
                0.4584221748400853,
                0.5908552475716655
            ],
            "Test": [
                0.4778739778739779,
                0.5865800865800865,
                0.5370370370370371
            ]
        },
        "DPR": {
            "Train": {
                "Sex": [
                    0.9085655314757481,
                    1.0,
                    0.9342105263157895
                ]
            },
            "Validation": {
                "Sex": [
                    0.7941176470588235,
                    1.0,
                    0.9000000000000001
                ]
            },
            "Test": {
                "Sex": [
                    0.9172714078374455,
                    1.0,
                    0.9424626006904488
                ]
            }
        },
        "EOR": {
            "Train": {
                "Sex": [
                    0.8076923076923077,
                    1.0,
                    0.8666666666666667
                ]
            },
            "Validation": {
                "Sex": [
                    0.7441176470588237,
                    1.0,
                    0.8776315789473684
                ]
            },
            "Test": {
                "Sex": [
                    0.8198757763975154,
                    1.0,
                    0.8664596273291926
                ]
            }
        }
    },
    "MLP": {
        "AUC": {
            "Train": [
                0.5990571667263397,
                0.6663683017066475,
                0.6346819429526196
            ],
            "Validation": [
                0.6616915422885573,
                0.7543236199952618,
                0.7173655531864487
            ],
            "Test": [
                0.5156325156325157,
                0.573112073112073,
                0.5456950456950457
            ]
        },
        "DPR": {
            "Train": {
                "Sex": [
                    NaN,
                    0.810926163038839,
                    0.8407894736842105
                ]
            },
            "Validation": {
                "Sex": [
                    NaN,
                    1.0,
                    0.5666666666666667
                ]
            },
            "Test": {
                "Sex": [
                    NaN,
                    0.9667832167832168,
                    0.43881856540084385
                ]
            }
        },
        "EOR": {
            "Train": {
                "Sex": [
                    NaN,
                    0.75,
                    0.5789473684210525
                ]
            },
            "Validation": {
                "Sex": [
                    NaN,
                    0.5750000000000001,
                    0.45454545454545453
                ]
            },
            "Test": {
                "Sex": [
                    NaN,
                    0.5238095238095237,
                    0.33695652173913043
                ]
            }
        }
    },
    "XGBoost": {
        "AUC": {
            "Train": [
                0.6364124597207305,
                0.6201814058956916,
                0.6262083780880773
            ],
            "Validation": [
                0.6515043828476664,
                0.6102819237147595,
                0.6273394930111348
            ],
            "Test": [
                0.5981240981240982,
                0.525012025012025,
                0.5079365079365079
            ]
        },
        "DPR": {
            "Train": {
                "Sex": [
                    0.8762308363455067,
                    0.7582159624413145,
                    0.8514724711907811
                ]
            },
            "Validation": {
                "Sex": [
                    0.9,
                    0.9803921568627452,
                    0.6538461538461539
                ]
            },
            "Test": {
                "Sex": [
                    0.6719674556213018,
                    0.7324862637362638,
                    0.80810147299509
                ]
            }
        },
        "EOR": {
            "Train": {
                "Sex": [
                    0.9068181818181819,
                    0.5333333333333333,
                    0.7369696969696969
                ]
            },
            "Validation": {
                "Sex": [
                    0.7461988304093568,
                    0.9583333333333334,
                    0.5414438502673797
                ]
            },
            "Test": {
                "Sex": [
                    0.35714285714285715,
                    0.6359447004608295,
                    0.7071428571428571
                ]
            }
        }
    },
    "CatBoost": {
        "AUC": {
            "Train": [
                0.6342642320085929,
                0.6152882205513783,
                0.6132593388232486
            ],
            "Validation": [
                0.6751954513148544,
                0.6462923477848851,
                0.6541104003790571
            ],
            "Test": [
                0.5851370851370852,
                0.5555555555555556,
                0.5185185185185185
            ]
        },
        "DPR": {
            "Train": {
                "Sex": [
                    0.8138011695906433,
                    0.8391024110766292,
                    0.7870753935376968
                ]
            },
            "Validation": {
                "Sex": [
                    0.6898395721925134,
                    0.7991452991452991,
                    0.7345679012345679
                ]
            },
            "Test": {
                "Sex": [
                    0.8045007032348804,
                    0.7858090185676392,
                    0.7033475783475784
                ]
            }
        },