{
    "Random Forest": {
        "AUC": {
            "Train": [
                0.4846640410550185,
                0.6157656044874089,
                0.5188865019692088
            ],
            "Validation": [
                0.4605543710021322,
                0.6647713811892917,
                0.5011845534233594
            ],
            "Test": [
                0.4166666666666667,
                0.5957190957190956,
                0.4549062049062049
            ]
        },
        "DPR": {
            "Train": {
                "Sex": [
                    0.9557344064386318,
                    0.7028026746336606,
                    0.7204767063921993
                ]
            },
            "Validation": {
                "Sex": [
                    0.8846694796061884,
                    0.7264957264957265,
                    0.5037037037037037
                ]
            },
            "Test": {
                "Sex": [
                    0.9317948717948719,
                    0.9115384615384615,
                    0.7462887989203779
                ]
            }
        },
        "EOR": {
            "Train": {
                "Sex": [
                    0.950792326939116,
                    0.6451612903225806,
                    0.5769230769230769
                ]
            },
            "Validation": {
                "Sex": [
                    0.8693181818181819,
                    0.4772727272727273,
                    0.463768115942029
                ]
            },
            "Test": {
                "Sex": [
                    0.8571428571428571,
                    0.8793309438470728,
                    0.6744868035190617
                ]
            }
        }
    },
    "SVM": {
        "AUC": {
            "Train": [
                0.4208736126029359,
                0.5815133070772168,
                0.5197517603532641
            ],
            "Validation": [
                0.47619047619047616,
                0.6069651741293532,
                0.5131485429992894
            ],
            "Test": [
                0.44684944684944683,
                0.49013949013949015,
                0.5173160173160173
            ]
        },
        "DPR": {
            "Train": {
                "Sex": [
                    1.0,
                    0.9888259109311741,
                    1.0
                ]
            },
            "Validation": {
                "Sex": [
                    1.0,
                    0.8987688098495211,
                    1.0
                ]
            },
            "Test": {
                "Sex": [
                    1.0,
                    0.9983516483516484,
                    1.0
                ]
            }
        },
        "EOR": {
            "Train": {
                "Sex": [
                    1.0,
                    0.9117647058823529,
                    1.0
                ]
            },
            "Validation": {
                "Sex": [
                    1.0,
                    0.8761904761904763,
                    1.0
                ]
            },
            "Test": {
                "Sex": [
                    1.0,
                    0.9211822660098522,
                    1.0
                ]
            }
        }
    },
    "MLP": {
        "AUC": {
            "Train": [
                0.584437283685404,
                0.4430421291323547,
                0.5810359231411864
            ],
            "Validation": [
                0.63681592039801,
                0.41625207296849087,
                0.6299455105425255
            ],
            "Test": [
                0.4942279942279942,
                0.5313852813852813,
                0.49302549302549303
            ]
        },
        "DPR": {
            "Train": {
                "Sex": [
                    0.3736842105263158,
                    1.0,
                    NaN
                ]
            },
            "Validation": {
                "Sex": [
                    NaN,
                    1.0,
                    NaN
                ]
            },
            "Test": {
                "Sex": [
                    NaN,
                    1.0,
                    NaN
                ]
            }
        },
        "EOR": {
            "Train": {
                "Sex": [
                    0.28947368421052627,
                    1.0,
                    NaN
                ]
            },
            "Validation": {
                "Sex": [
                    NaN,
                    1.0,
                    NaN
                ]
            },
            "Test": {
                "Sex": [
                    NaN,
                    1.0,
                    NaN
                ]
            }
        }
    },
    "XGBoost": {
        "AUC": {
            "Train": [
                0.44572741377252656,
                0.5652524167561762,
                0.5198412698412699
            ],
            "Validation": [
                0.49111584932480457,
                0.5626628760957121,
                0.5819710968964701
            ],
            "Test": [
                0.42592592592592593,
                0.5838143338143338,
                0.544131794131794
            ]
        },
        "DPR": {
            "Train": {
                "Sex": [
                    0.9964912280701753,
                    0.7073308270676691,
                    0.6981016533986527
                ]
            },
            "Validation": {
                "Sex": [
                    0.9327731092436975,
                    0.7244582043343654,
                    0.45169082125603865
                ]
            },
            "Test": {
                "Sex": [
                    0.9925641025641025,
                    0.3949367088607595,
                    0.6076923076923076
                ]
            }
        },
        "EOR": {
            "Train": {
                "Sex": [
                    0.9705882352941176,
                    0.5666666666666667,
                    0.6486486486486486
                ]
            },
            "Validation": {
                "Sex": [
                    0.9044444444444444,
                    0.6325000000000001,
                    0.36525974025974023
                ]
            },
            "Test": {
                "Sex": [
                    0.9330357142857143,
                    0.35677749360613814,
                    0.5564516129032259
                ]
            }
        }
    },
    "CatBoost": {
        "AUC": {
            "Train": [
                0.4218880534670008,
                0.608515335958945,
                0.5437999761308032
            ],
            "Validation": [
                0.41802890310353,
                0.5480928689883914,
                0.5785358919687278
            ],
            "Test": [
                0.38023088023088025,
                0.524891774891775,
                0.5141895141895142
            ]
        },
        "DPR": {
            "Train": {
                "Sex": [
                    0.9802440884820747,
                    0.6217100583297768,
                    0.3237164925034075
                ]
            },
            "Validation": {
                "Sex": [
                    0.9385026737967914,
                    0.611111111111111,
                    0.3285024154589372
                ]
            },
            "Test": {
                "Sex": [
                    0.9667832167832168,
                    0.7841191066997519,
                    0.42021276595744683
                ]
            }
        },
        "EOR": {
            "Train": {
                "Sex": [
                    0.956140350877193,
                    0.606060606060606,
                    0.23999999999999996
                ]
            },