{
    "Random Forest": {
        "AUC": {
            "Train": [
                0.8296037713330947,
                0.8869196801527629,
                0.855203484902733
            ],
            "Validation": [
                0.7069414830608861,
                0.7686567164179106,
                0.6836057806207059
            ],
            "Test": [
                0.5963203463203463,
                0.6014911014911015,
                0.6216931216931216
            ]
        },
        "DPR": {
            "Train": {
                "Sex": [
                    0.8331118788200904,
                    0.76755104269025,
                    0.9054325955734408
                ]
            },
            "Validation": {
                "Sex": [
                    0.7302231237322515,
                    0.9453781512605042,
                    0.9675456389452333
                ]
            },
            "Test": {
                "Sex": [
                    0.9892665474060822,
                    0.91752972765631,
                    0.9779385171790234
                ]
            }
        },
        "EOR": {
            "Train": {
                "Sex": [
                    0.8421052631578947,
                    0.8461538461538461,
                    0.9062500000000001
                ]
            },
            "Validation": {
                "Sex": [
                    0.6795454545454546,
                    0.7840909090909091,
                    0.9409090909090909
                ]
            },
            "Test": {
                "Sex": [
                    0.7333333333333333,
                    0.857707509881423,
                    0.8270676691729322
                ]
            }
        }
    },
    "SVM": {
        "AUC": {
            "Train": [
                0.5885547201336676,
                0.5841389187253849,
                0.6221506146318176
            ],
            "Validation": [
                0.6593224354418383,
                0.5785358919687278,
                0.59772565742715
            ],
            "Test": [
                0.5278980278980279,
                0.5252525252525252,
                0.5379990379990379
            ]
        },
        "DPR": {
            "Train": {
                "Sex": [
                    0.9617773943054357,
                    0.9996762182289137,
                    0.9888259109311741
                ]
            },
            "Validation": {
                "Sex": [
                    0.878048780487805,
                    0.9357045143638851,
                    0.8987688098495211
                ]
            },
            "Test": {
                "Sex": [
                    0.9574223245109321,
                    0.9917200854700855,
                    0.9842903575297941
                ]
            }
        },
        "EOR": {
            "Train": {
                "Sex": [
                    0.9032258064516129,
                    0.9264705882352942,
                    0.9117647058823529
                ]
            },
            "Validation": {
                "Sex": [
                    0.83375,
                    0.930952380952381,
                    0.8761904761904763
                ]
            },
            "Test": {
                "Sex": [
                    0.8905279503105591,
                    0.9753694581280787,
                    0.9211822660098522
                ]
            }
        }
    },
    "MLP": {
        "AUC": {
            "Train": [
                0.45954171142141065,
                0.43770139634801286,
                0.6499582289055973
            ],
            "Validation": [
                0.4262023217247098,
                0.41518597488746745,
                0.7517176024638711
            ],
            "Test": [
                0.5348725348725348,
                0.5215247715247715,
                0.5755170755170755
            ]
        },
        "DPR": {
            "Train": {
                "Sex": [
                    1.0,
                    1.0,
                    0.8601609657947688
                ]
            },
            "Validation": {
                "Sex": [
                    1.0,
                    1.0,
                    0.8983957219251337
                ]
            },
            "Test": {
                "Sex": [
                    1.0,
                    1.0,
                    0.9595141700404859
                ]
            }
        },
        "EOR": {
            "Train": {
                "Sex": [
                    1.0,
                    1.0,
                    0.8727272727272727
                ]
            },
            "Validation": {
                "Sex": [
                    1.0,
                    1.0,
                    0.6982142857142857
                ]
            },
            "Test": {
                "Sex": [
                    1.0,
                    1.0,
                    0.7542857142857142
                ]
            }
        }
    },
    "XGBoost": {
        "AUC": {
            "Train": [
                0.7687671559852011,
                0.8541592075426663,
                0.8193101802124357
            ],
            "Validation": [
                0.7194977493484956,
                0.7566927268419805,
                0.7114427860696517
            ],
            "Test": [
                0.6108706108706108,
                0.5870610870610871,
                0.6366041366041366
            ]
        },
        "DPR": {
            "Train": {
                "Sex": [
                    0.9366197183098592,
                    0.8283031522468144,
                    0.892018779342723
                ]
            },
            "Validation": {
                "Sex": [
                    0.6572008113590263,
                    0.9629629629629629,
                    0.9118773946360154
                ]
            },
            "Test": {
                "Sex": [
                    0.8433544303797468,
                    0.9486224869694713,
                    0.9574223245109322
                ]
            }
        },
        "EOR": {
            "Train": {
                "Sex": [
                    0.7307692307692307,
                    0.9072543617998162,
                    0.9333333333333332
                ]
            },
            "Validation": {
                "Sex": [
                    0.591812865497076,
                    0.8184143222506394,
                    0.6805293005671078
                ]
            },
            "Test": {
                "Sex": [
                    0.7325141776937618,
                    0.8704710144927537,
                    0.8270676691729322
                ]
            }
        }
    },
    "CatBoost": {
        "AUC": {
            "Train": [
                0.8206826590285236,
                0.8697935314476667,
                0.8399570354457573
            ],
            "Validation": [
                0.7479270315091212,
                0.7728026533996684,
                0.7126273394930113
            ],
            "Test": [
                0.6077441077441077,
                0.5762385762385762,
                0.6000481000480999
            ]
        },
        "DPR": {
            "Train": {
                "Sex": [
                    0.7710670804487944,
                    0.770379854886897,
                    0.9396839049564563
                ]
            },
            "Validation": {
                "Sex": [
                    0.997737556561086,
                    0.9444444444444443,
                    0.9392789373814042
                ]
            },
            "Test": {
                "Sex": [
                    0.9247491638795986,
                    0.9679821295606851,
                    0.959132007233273
                ]
            }
        },