{
    "Random Forest": {
        "AUC": {
            "Train": [
                0.6552691251939372,
                0.5890022675736962,
                0.6393364363289177
            ],
            "Validation": [
                0.6336176261549397,
                0.6397773039564085,
                0.6813551291163231
            ],
            "Test": [
                0.6088263588263588,
                0.5262145262145262,
                0.5212842712842712
            ]
        },
        "DPR": {
            "Train": {
                "Sex": [
                    0.9964912280701753,
                    0.8305002428363283,
                    0.693792383933229
                ]
            },
            "Validation": {
                "Sex": [
                    0.894523326572008,
                    0.9251700680272109,
                    0.7476851851851852
                ]
            },
            "Test": {
                "Sex": [
                    0.83712715855573,
                    0.7995951417004048,
                    0.6560314685314685
                ]
            }
        },
        "EOR": {
            "Train": {
                "Sex": [
                    0.8947368421052632,
                    0.5652173913043479,
                    0.6875000000000001
                ]
            },
            "Validation": {
                "Sex": [
                    0.7803571428571427,
                    0.9237536656891495,
                    0.6392045454545454
                ]
            },
            "Test": {
                "Sex": [
                    0.6984126984126984,
                    0.7202380952380952,
                    0.4962406015037593
                ]
            }
        }
    },
    "SVM": {
        "AUC": {
            "Train": [
                0.5724131757966344,
                0.54421768707483,
                0.5895094880057286
            ],
            "Validation": [
                0.6222459132906895,
                0.4593698175787729,
                0.5906183368869936
            ],
            "Test": [
                0.47811447811447816,
                0.5856180856180856,
                0.5375180375180375
            ]
        },
        "DPR": {
            "Train": {
                "Sex": [
                    0.9085655314757481,
                    1.0,
                    0.9342105263157895
                ]
            },
            "Validation": {
                "Sex": [
                    0.7941176470588235,
                    1.0,
                    0.9000000000000001
                ]
            },
            "Test": {
                "Sex": [
                    0.9172714078374455,
                    1.0,
                    0.9424626006904488
                ]
            }
        },
        "EOR": {
            "Train": {
                "Sex": [
                    0.8076923076923077,
                    1.0,
                    0.8666666666666667
                ]
            },
            "Validation": {
                "Sex": [
                    0.7441176470588237,
                    1.0,
                    0.8776315789473684
                ]
            },
            "Test": {
                "Sex": [
                    0.8198757763975154,
                    1.0,
                    0.8664596273291926
                ]
            }
        }
    },
    "MLP": {
        "AUC": {
            "Train": [
                0.5992361857023512,
                0.6423797589211122,
                0.5563313044516053
            ],
            "Validation": [
                0.6614546316038853,
                0.7285003553660271,
                0.6609808102345416
            ],
            "Test": [
                0.5156325156325157,
                0.5464165464165464,
                0.55002405002405
            ]
        },
        "DPR": {
            "Train": {
                "Sex": [
                    NaN,
                    0.8221052631578947,
                    0.9924447346329632
                ]
            },
            "Validation": {
                "Sex": [
                    NaN,
                    0.7555555555555556,
                    0.9444444444444443
                ]
            },
            "Test": {
                "Sex": [
                    NaN,
                    0.6582278481012658,
                    0.9559975889089813
                ]
            }
        },
        "EOR": {
            "Train": {
                "Sex": [
                    NaN,
                    0.75,
                    0.9491525423728814
                ]
            },
            "Validation": {
                "Sex": [
                    NaN,
                    0.0,
                    0.9364548494983278
                ]
            },
            "Test": {
                "Sex": [
                    NaN,
                    0.6363636363636365,
                    0.907190635451505
                ]
            }
        }
    },
    "XGBoost": {
        "AUC": {
            "Train": [
                0.6281775868242033,
                0.603532641126626,
                0.6485857500895096
            ],
            "Validation": [
                0.6076759061833689,
                0.621179815209666,
                0.6391850272447287
            ],
            "Test": [
                0.5858585858585857,
                0.5432900432900433,
                0.5163540163540163
            ]
        },
        "DPR": {
            "Train": {
                "Sex": [
                    0.9217543859649123,
                    0.7679118187385181,
                    0.8133112399889533
                ]
            },
            "Validation": {
                "Sex": [
                    0.8197343453510436,
                    0.925925925925926,
                    0.6430260047281324
                ]
            },
            "Test": {
                "Sex": [
                    0.7739477503628447,
                    0.7734265734265733,
                    0.7089743589743589
                ]
            }
        },
        "EOR": {
            "Train": {
                "Sex": [
                    0.7857142857142857,
                    0.5217391304347826,
                    0.7999999999999999
                ]
            },
            "Validation": {
                "Sex": [
                    0.8052287581699347,
                    0.7453416149068323,
                    0.6347962382445141
                ]
            },
            "Test": {
                "Sex": [
                    0.5499999999999999,
                    0.6546489563567363,
                    0.6616541353383458
                ]
            }
        }
    },
    "CatBoost": {
        "AUC": {
            "Train": [
                0.6373672275927915,
                0.5986991287743167,
                0.6297887576083064
            ],
            "Validation": [
                0.6216536365790097,
                0.634683724235963,
                0.689647003079839
            ],
            "Test": [
                0.5788840788840789,
                0.5295815295815296,
                0.5358345358345358
            ]
        },
        "DPR": {
            "Train": {
                "Sex": [
                    0.9667048054919908,
                    0.7319128445889009,
                    0.6568501920614597
                ]
            },
            "Validation": {
                "Sex": [
                    0.926470588235294,
                    0.874485596707819,
                    0.5782312925170068
                ]
            },
            "Test": {
                "Sex": [
                    0.815883190883191,
                    0.8262483130904184,
                    0.5248251748251748
                ]
            }
        },