{
    "Random Forest": {
        "AUC": {
            "Train": [
                0.9992540875999522,
                0.9992839240959541,
                0.9994032700799618
            ],
            "Validation": [
                0.7975598199478797,
                0.7941246150201374,
                0.8069177919924189
            ],
            "Test": [
                0.6161616161616161,
                0.5965608465608466,
                0.6028138528138528
            ]
        },
        "DPR": {
            "Train": {
                "Sex": [
                    0.814451928965095,
                    0.7911818738518065,
                    0.7612918892666343
                ]
            },
            "Validation": {
                "Sex": [
                    0.8580121703853956,
                    0.8117647058823529,
                    0.9807692307692306
                ]
            },
            "Test": {
                "Sex": [
                    0.8839059674502711,
                    0.8975834292289989,
                    0.966772151898734
                ]
            }
        },
        "EOR": {
            "Train": {
                "Sex": [
                    0.5,
                    0.9912280701754386,
                    0.0
                ]
            },
            "Validation": {
                "Sex": [
                    0.8305555555555556,
                    0.7682539682539682,
                    0.9777777777777777
                ]
            },
            "Test": {
                "Sex": [
                    0.7817391304347827,
                    0.7862318840579711,
                    0.673469387755102
                ]
            }
        }
    },
    "SVM": {
        "AUC": {
            "Train": [
                0.60687432867884,
                0.60687432867884,
                0.6068146556868362
            ],
            "Validation": [
                0.5970149253731343,
                0.5970149253731343,
                0.5970149253731343
            ],
            "Test": [
                0.5238095238095238,
                0.5238095238095238,
                0.5238095238095238
            ]
        },
        "DPR": {
            "Train": {
                "Sex": [
                    0.981618224666143,
                    0.981618224666143,
                    0.981618224666143
                ]
            },
            "Validation": {
                "Sex": [
                    0.9357045143638851,
                    0.9357045143638851,
                    0.9357045143638851
                ]
            },
            "Test": {
                "Sex": [
                    0.9917200854700855,
                    0.9917200854700855,
                    0.9917200854700855
                ]
            }
        },
        "EOR": {
            "Train": {
                "Sex": [
                    0.9,
                    0.9,
                    0.9
                ]
            },
            "Validation": {
                "Sex": [
                    0.930952380952381,
                    0.930952380952381,
                    0.930952380952381
                ]
            },
            "Test": {
                "Sex": [
                    0.9753694581280787,
                    0.9753694581280787,
                    0.9753694581280787
                ]
            }
        }
    },
    "MLP": {
        "AUC": {
            "Train": [
                0.4857381549110873,
                0.6177944862155389,
                0.6333094641365318
            ],
            "Validation": [
                0.5261786306562426,
                0.6730632551528074,
                0.7003079838900734
            ],
            "Test": [
                0.522126022126022,
                0.4908609908609909,
                0.5305435305435305
            ]
        },
        "DPR": {
            "Train": {
                "Sex": [
                    1.0,
                    0.9812206572769953,
                    0.948582995951417
                ]
            },
            "Validation": {
                "Sex": [
                    1.0,
                    0.7555555555555555,
                    0.8823529411764706
                ]
            },
            "Test": {
                "Sex": [
                    1.0,
                    0.5284280936454849,
                    0.5064102564102565
                ]
            }
        },
        "EOR": {
            "Train": {
                "Sex": [
                    1.0,
                    0.9500000000000001,
                    0.6666666666666666
                ]
            },
            "Validation": {
                "Sex": [
                    1.0,
                    0.7729468599033816,
                    0.575
                ]
            },
            "Test": {
                "Sex": [
                    1.0,
                    0.39285714285714285,
                    0.4946236559139785
                ]
            }
        }
    },
    "XGBoost": {
        "AUC": {
            "Train": [
                1.0,
                1.0,
                1.0
            ],
            "Validation": [
                0.7879649372186686,
                0.7879649372186686,
                0.7879649372186686
            ],
            "Test": [
                0.5764790764790765,
                0.5764790764790765,
                0.5764790764790765
            ]
        },
        "DPR": {
            "Train": {
                "Sex": [
                    0.7746478873239436,
                    0.7746478873239436,
                    0.7746478873239436
                ]
            },
            "Validation": {
                "Sex": [
                    0.9807692307692306,
                    0.9807692307692306,
                    0.9807692307692306
                ]
            },
            "Test": {
                "Sex": [
                    0.9679821295606851,
                    0.9679821295606851,
                    0.9679821295606851
                ]
            }
        },
        "EOR": {
            "Train": {
                "Sex": [
                    1.0,
                    1.0,
                    1.0
                ]
            },
            "Validation": {
                "Sex": [
                    0.9777777777777777,
                    0.9777777777777777,
                    0.9777777777777777
                ]
            },
            "Test": {
                "Sex": [
                    0.7857142857142857,
                    0.7857142857142857,
                    0.7857142857142857
                ]
            }
        }
    },
    "CatBoost": {
        "AUC": {
            "Train": [
                0.9652106456617735,
                0.9658670485738154,
                0.9668218164458766
            ],
            "Validation": [
                0.7922293295427624,
                0.8043117744610282,
                0.7953091684434969
            ],
            "Test": [
                0.6075036075036074,
                0.5993265993265993,
                0.6106301106301106
            ]
        },
        "DPR": {
            "Train": {
                "Sex": [
                    0.7585671509371188,
                    0.7260617971394258,
                    0.7374958411888656
                ]
            },
            "Validation": {
                "Sex": [
                    0.8106617647058822,
                    0.8709677419354839,
                    0.8106617647058822
                ]
            },
            "Test": {
                "Sex": [
                    0.8894970920287376,
                    0.8361272665070132,
                    0.8894970920287376
                ]
            }
        },