{
    "Random Forest": {
        "AUC": {
            "Train": [
                0.480546604606755,
                0.5770676691729323,
                0.4346580737558181
            ],
            "Validation": [
                0.3980099502487563,
                0.5579246624022743,
                0.42063492063492064
            ],
            "Test": [
                0.5303030303030303,
                0.48484848484848486,
                0.5365560365560365
            ]
        },
        "DPR": {
            "Train": {
                "Sex": [
                    0.3345070422535211,
                    0.1868421052631579,
                    0.29064327485380115
                ]
            },
            "Validation": {
                "Sex": [
                    0.49707602339181284,
                    0.0,
                    0.7555555555555556
                ]
            },
            "Test": {
                "Sex": [
                    0.3334896810506567,
                    0.0,
                    0.3949367088607595
                ]
            }
        },
        "EOR": {
            "Train": {
                "Sex": [
                    0.3140495867768595,
                    0.0,
                    0.25
                ]
            },
            "Validation": {
                "Sex": [
                    0.47430830039525684,
                    NaN,
                    0.6818181818181819
                ]
            },
            "Test": {
                "Sex": [
                    0.3142857142857143,
                    NaN,
                    0.0
                ]
            }
        }
    },
    "SVM": {
        "AUC": {
            "Train": [
                0.5826470939252895,
                0.581453634085213,
                0.5763814297648884
            ],
            "Validation": [
                0.6090973702914001,
                0.6064913527600094,
                0.6124141198768064
            ],
            "Test": [
                0.4880952380952381,
                0.4896584896584897,
                0.48412698412698413
            ]
        },
        "DPR": {
            "Train": {
                "Sex": [
                    0.9679033649698017,
                    0.9888259109311741,
                    0.9927729772191674
                ]
            },
            "Validation": {
                "Sex": [
                    0.8571428571428572,
                    0.8987688098495211,
                    0.9357045143638851
                ]
            },
            "Test": {
                "Sex": [
                    0.9723820483314155,
                    0.9983516483516484,
                    0.9989462592202318
                ]
            }
        },
        "EOR": {
            "Train": {
                "Sex": [
                    0.9193548387096775,
                    0.9117647058823529,
                    0.9142857142857143
                ]
            },
            "Validation": {
                "Sex": [
                    0.83375,
                    0.8761904761904763,
                    0.930952380952381
                ]
            },
            "Test": {
                "Sex": [
                    0.9145962732919255,
                    0.9211822660098522,
                    0.9428571428571428
                ]
            }
        }
    },
    "MLP": {
        "AUC": {
            "Train": [
                0.37593984962406013,
                0.5526315789473684,
                0.5591956080677885
            ],
            "Validation": [
                0.37597725657427145,
                0.6005685856432126,
                0.5981994787964937
            ],
            "Test": [
                0.4615199615199615,
                0.4874939874939875,
                0.48677248677248675
            ]
        },
        "DPR": {
            "Train": {
                "Sex": [
                    0.9402360106585459,
                    NaN,
                    NaN
                ]
            },
            "Validation": {
                "Sex": [
                    0.5748792270531401,
                    NaN,
                    NaN
                ]
            },
            "Test": {
                "Sex": [
                    0.6510989010989011,
                    NaN,
                    NaN
                ]
            }
        },
        "EOR": {
            "Train": {
                "Sex": [
                    0.7272727272727272,
                    NaN,
                    NaN
                ]
            },
            "Validation": {
                "Sex": [
                    0.2556818181818182,
                    NaN,
                    NaN
                ]
            },
            "Test": {
                "Sex": [
                    0.3709677419354839,
                    NaN,
                    NaN
                ]
            }
        }
    },
    "XGBoost": {
        "AUC": {
            "Train": [
                0.5388471177944861,
                0.5351175557942476,
                0.38894856188089266
            ],
            "Validation": [
                0.513740819710969,
                0.5852878464818764,
                0.45569770196635867
            ],
            "Test": [
                0.5805675805675806,
                0.4915824915824915,
                0.5057720057720058
            ]
        },
        "DPR": {
            "Train": {
                "Sex": [
                    0.5978947368421051,
                    0.28169014084507044,
                    0.009833795013850417
                ]
            },
            "Validation": {
                "Sex": [
                    0.625668449197861,
                    0.07264957264957264,
                    0.023017902813299233
                ]
            },
            "Test": {
                "Sex": [
                    0.5142405063291139,
                    0.16880341880341881,
                    0.0
                ]
            }
        },
        "EOR": {
            "Train": {
                "Sex": [
                    0.4,
                    0.13818181818181818,
                    0.0
                ]
            },
            "Validation": {
                "Sex": [
                    0.44230769230769235,
                    0.0,
                    0.0
                ]
            },
            "Test": {
                "Sex": [
                    0.5134575569358178,
                    0.0,
                    0.0
                ]
            }
        }
    },
    "CatBoost": {
        "AUC": {
            "Train": [
                0.4316744241556272,
                0.4940028643036162,
                0.4043740303138799
            ],
            "Validation": [
                0.4780857616678512,
                0.509831793413883,
                0.42643923240938175
            ],
            "Test": [
                0.515031265031265,
                0.5394420394420395,
                0.499037999037999
            ]
        },
        "DPR": {
            "Train": {
                "Sex": [
                    0.6761904761904762,
                    0.5605263157894737,
                    0.2802631578947368
                ]
            },
            "Validation": {
                "Sex": [
                    0.8959276018099549,
                    0.7941176470588235,
                    0.7647058823529412
                ]
            },
            "Test": {
                "Sex": [
                    0.34643570952698205,
                    0.0,
                    0.3291139240506329
                ]
            }
        },
        "EOR": {
            "Train": {
                "Sex": [
                    0.6153846153846153,
                    0.0,
                    0.28947368421052627
                ]
            },