{
    "Random Forest": {
        "AUC": {
            "Train": [
                0.48427616660699374,
                0.5378326769304214,
                0.5714285714285714
            ],
            "Validation": [
                0.5660980810234542,
                0.46410803127221034,
                0.5769959725183607
            ],
            "Test": [
                0.5773208273208275,
                0.5226070226070226,
                0.4855699855699855
            ]
        },
        "DPR": {
            "Train": {
                "Sex": [
                    0.6162511542012926,
                    0.8558573853989814,
                    0.9671826625386998
                ]
            },
            "Validation": {
                "Sex": [
                    0.5423242467718795,
                    0.5882352941176471,
                    0.8144796380090499
                ]
            },
            "Test": {
                "Sex": [
                    0.7384995368941031,
                    0.5983889528193327,
                    0.7992766726943943
                ]
            }
        },
        "EOR": {
            "Train": {
                "Sex": [
                    0.5625,
                    0.8298245614035088,
                    0.6111111111111112
                ]
            },
            "Validation": {
                "Sex": [
                    0.5144736842105263,
                    0.48888888888888893,
                    0.7333333333333333
                ]
            },
            "Test": {
                "Sex": [
                    0.6363636363636365,
                    0.5728260869565217,
                    0.6363636363636365
                ]
            }
        }
    },
    "SVM": {
        "AUC": {
            "Train": [
                0.3860842582647094,
                0.5130683852488364,
                0.4184270199307793
            ],
            "Validation": [
                0.32551528073916136,
                0.5076995972518361,
                0.39256100450130305
            ],
            "Test": [
                0.43482443482443484,
                0.46416546416546417,
                0.5098605098605098
            ]
        },
        "DPR": {
            "Train": {
                "Sex": [
                    1.0,
                    NaN,
                    0.9694126620900076
                ]
            },
            "Validation": {
                "Sex": [
                    1.0,
                    NaN,
                    0.9385026737967914
                ]
            },
            "Test": {
                "Sex": [
                    1.0,
                    NaN,
                    0.9854469854469855
                ]
            }
        },
        "EOR": {
            "Train": {
                "Sex": [
                    1.0,
                    NaN,
                    0.9027777777777778
                ]
            },
            "Validation": {
                "Sex": [
                    1.0,
                    NaN,
                    0.9147727272727273
                ]
            },
            "Test": {
                "Sex": [
                    1.0,
                    NaN,
                    0.912442396313364
                ]
            }
        }
    },
    "MLP": {
        "AUC": {
            "Train": [
                0.5918964076858815,
                0.49331662489557226,
                0.6039503520706528
            ],
            "Validation": [
                0.6477138118929165,
                0.5361288794124616,
                0.6567164179104479
            ],
            "Test": [
                0.4983164983164983,
                0.5305435305435305,
                0.5098605098605098
            ]
        },
        "DPR": {
            "Train": {
                "Sex": [
                    NaN,
                    0.8192009198045417,
                    0.09342105263157895
                ]
            },
            "Validation": {
                "Sex": [
                    NaN,
                    0.7727272727272727,
                    0.9444444444444445
                ]
            },
            "Test": {
                "Sex": [
                    NaN,
                    0.9215189873417721,
                    0.0
                ]
            }
        },
        "EOR": {
            "Train": {
                "Sex": [
                    NaN,
                    0.7333333333333334,
                    0.07236842105263157
                ]
            },
            "Validation": {
                "Sex": [
                    NaN,
                    0.6832298136645963,
                    0.9777777777777777
                ]
            },
            "Test": {
                "Sex": [
                    NaN,
                    0.8484848484848485,
                    0.0
                ]
            }
        }
    },
    "XGBoost": {
        "AUC": {
            "Train": [
                0.5002088554720133,
                0.5540040577634563,
                0.557405418307674
            ],
            "Validation": [
                0.5375503435204929,
                0.5497512437810945,
                0.5261786306562426
            ],
            "Test": [
                0.553992303992304,
                0.5352332852332853,
                0.5177970177970178
            ]
        },
        "DPR": {
            "Train": {
                "Sex": [
                    0.5924094183421137,
                    0.6672932330827068,
                    0.49953051643192486
                ]
            },
            "Validation": {
                "Sex": [
                    0.7484276729559749,
                    0.6389452332657201,
                    0.8185185185185184
                ]
            },
            "Test": {
                "Sex": [
                    0.5064102564102564,
                    0.680168776371308,
                    0.6255656108597285
                ]
            }
        },
        "EOR": {
            "Train": {
                "Sex": [
                    0.3329682365826944,
                    0.5434782608695653,
                    0.27636363636363637
                ]
            },
            "Validation": {
                "Sex": [
                    0.6598240469208211,
                    0.6192592592592593,
                    0.8115942028985508
                ]
            },
            "Test": {
                "Sex": [
                    0.4812554489973845,
                    0.5785123966942148,
                    0.5395894428152492
                ]
            }
        }
    },
    "CatBoost": {
        "AUC": {
            "Train": [
                0.43250984604368065,
                0.5589270796037713,
                0.5849146676214345
            ],
            "Validation": [
                0.5245202558635395,
                0.5611229566453447,
                0.5736792229329544
            ],
            "Test": [
                0.5390812890812892,
                0.4303751803751804,
                0.4788359788359788
            ]
        },
        "DPR": {
            "Train": {
                "Sex": [
                    0.5812865497076024,
                    0.9295774647887324,
                    0.45774647887323944
                ]
            },
            "Validation": {
                "Sex": [
                    0.625668449197861,
                    0.8382352941176471,
                    0.47222222222222227
                ]
            },
            "Test": {
                "Sex": [
                    0.6722326959332077,
                    0.926360225140713,
                    0.8180473372781065
                ]
            }
        },