{
    "Random Forest": {
        "AUC": {
            "Train": [
                0.46401718582169715,
                0.5423081513307078,
                0.3868003341687552
            ],
            "Validation": [
                0.447287372660507,
                0.5764036958066808,
                0.36034115138592754
            ],
            "Test": [
                0.49663299663299665,
                0.5495430495430496,
                0.5034872534872534
            ]
        },
        "DPR": {
            "Train": {
                "Sex": [
                    0.6601754385964912,
                    0.12456140350877193,
                    0.6288831835686778
                ]
            },
            "Validation": {
                "Sex": [
                    0.35294117647058826,
                    NaN,
                    0.6905370843989771
                ]
            },
            "Test": {
                "Sex": [
                    0.5723720418271877,
                    0.0,
                    0.9873417721518988
                ]
            }
        },
        "EOR": {
            "Train": {
                "Sex": [
                    0.6176470588235294,
                    0.0,
                    0.6561403508771929
                ]
            },
            "Validation": {
                "Sex": [
                    0.3111111111111111,
                    NaN,
                    0.6982142857142857
                ]
            },
            "Test": {
                "Sex": [
                    0.2892561983471074,
                    NaN,
                    0.494949494949495
                ]
            }
        }
    },
    "SVM": {
        "AUC": {
            "Train": [
                0.5826470939252895,
                0.581453634085213,
                0.5763814297648884
            ],
            "Validation": [
                0.6090973702914001,
                0.6064913527600094,
                0.6124141198768064
            ],
            "Test": [
                0.4880952380952381,
                0.4896584896584897,
                0.48412698412698413
            ]
        },
        "DPR": {
            "Train": {
                "Sex": [
                    0.9679033649698017,
                    0.9888259109311741,
                    0.9927729772191674
                ]
            },
            "Validation": {
                "Sex": [
                    0.8571428571428572,
                    0.8987688098495211,
                    0.9357045143638851
                ]
            },
            "Test": {
                "Sex": [
                    0.9723820483314155,
                    0.9983516483516484,
                    0.9989462592202318
                ]
            }
        },
        "EOR": {
            "Train": {
                "Sex": [
                    0.9193548387096775,
                    0.9117647058823529,
                    0.9142857142857143
                ]
            },
            "Validation": {
                "Sex": [
                    0.83375,
                    0.8761904761904763,
                    0.930952380952381
                ]
            },
            "Test": {
                "Sex": [
                    0.9145962732919255,
                    0.9211822660098522,
                    0.9428571428571428
                ]
            }
        }
    },
    "MLP": {
        "AUC": {
            "Train": [
                0.3881728129848431,
                0.4032700799618093,
                0.5636710824680748
            ],
            "Validation": [
                0.37455579246624027,
                0.3778725420516466,
                0.5989102108505093
            ],
            "Test": [
                0.4781144781144781,
                0.5007215007215008,
                0.4891774891774892
            ]
        },
        "DPR": {
            "Train": {
                "Sex": [
                    0.6897052417598373,
                    0.9859154929577464,
                    NaN
                ]
            },
            "Validation": {
                "Sex": [
                    0.7083333333333334,
                    0.8888888888888888,
                    NaN
                ]
            },
            "Test": {
                "Sex": [
                    0.9620253164556962,
                    0.954945054945055,
                    NaN
                ]
            }
        },
        "EOR": {
            "Train": {
                "Sex": [
                    0.5757575757575758,
                    0.9132706374085685,
                    NaN
                ]
            },
            "Validation": {
                "Sex": [
                    0.6508264462809917,
                    0.7597402597402597,
                    NaN
                ]
            },
            "Test": {
                "Sex": [
                    0.6363636363636364,
                    0.9185867895545315,
                    NaN
                ]
            }
        }
    },
    "XGBoost": {
        "AUC": {
            "Train": [
                0.5299558419859172,
                0.5411146914906313,
                0.4191430958348251
            ],
            "Validation": [
                0.4508410329305852,
                0.5527126273394929,
                0.433665008291874
            ],
            "Test": [
                0.5621693121693121,
                0.5183982683982684,
                0.48376623376623384
            ]
        },
        "DPR": {
            "Train": {
                "Sex": [
                    0.6539473684210526,
                    0.3114035087719298,
                    0.6964114832535886
                ]
            },
            "Validation": {
                "Sex": [
                    0.5775401069518716,
                    0.3777777777777778,
                    0.7411764705882352
                ]
            },
            "Test": {
                "Sex": [
                    0.5641952983725136,
                    0.0,
                    0.8425316455696202
                ]
            }
        },
        "EOR": {
            "Train": {
                "Sex": [
                    0.588235294117647,
                    0.0,
                    0.6785714285714286
                ]
            },
            "Validation": {
                "Sex": [
                    0.5270833333333333,
                    0.0,
                    0.6982142857142857
                ]
            },
            "Test": {
                "Sex": [
                    0.49420289855072463,
                    0.0,
                    0.7637681159420289
                ]
            }
        }
    },
    "CatBoost": {
        "AUC": {
            "Train": [
                0.45393245017305167,
                0.5034908700322234,
                0.3961988304093567
            ],
            "Validation": [
                0.4875621890547264,
                0.49490642027955467,
                0.3937455579246624
            ],
            "Test": [
                0.5196007696007696,
                0.5425685425685426,
                0.5242905242905244
            ]
        },
        "DPR": {
            "Train": {
                "Sex": [
                    0.2135338345864662,
                    0.09342105263157895,
                    0.23779904306220095
                ]
            },
            "Validation": {
                "Sex": [
                    0.35294117647058826,
                    0.17647058823529413,
                    0.4048442906574395
                ]
            },
            "Test": {
                "Sex": [
                    0.11615785554728221,
                    0.6582278481012658,
                    0.4050632911392405
                ]
            }
        },