{
    "Random Forest": {
        "AUC": {
            "Train": [
                0.5522138680033417,
                0.6326828977204916,
                0.47613080319847234
            ],
            "Validation": [
                0.5813788201847904,
                0.5952380952380953,
                0.48460080549632784
            ],
            "Test": [
                0.486050986050986,
                0.5553150553150553,
                0.4773929773929775
            ]
        },
        "DPR": {
            "Train": {
                "Sex": [
                    0.7369883040935673,
                    0.8601609657947686,
                    0.9633802816901408
                ]
            },
            "Validation": {
                "Sex": [
                    0.6617647058823529,
                    0.8688888888888888,
                    0.9965397923875433
                ]
            },
            "Test": {
                "Sex": [
                    0.615761535320539,
                    0.9577759197324415,
                    0.9115384615384614
                ]
            }
        },
        "EOR": {
            "Train": {
                "Sex": [
                    0.5750000000000001,
                    0.807556080283353,
                    0.9375000000000001
                ]
            },
            "Validation": {
                "Sex": [
                    0.45999999999999996,
                    0.6324110671936758,
                    0.7219251336898396
                ]
            },
            "Test": {
                "Sex": [
                    0.4545454545454546,
                    0.8698553948832034,
                    0.7252747252747253
                ]
            }
        }
    },
    "SVM": {
        "AUC": {
            "Train": [
                0.5776047261009667,
                0.5809762501491824,
                0.5054302422723476
            ],
            "Validation": [
                0.605543710021322,
                0.6458185264155413,
                0.5005922767116797
            ],
            "Test": [
                0.49037999037999036,
                0.5014430014430014,
                0.4437229437229437
            ]
        },
        "DPR": {
            "Train": {
                "Sex": [
                    0.896842105263158,
                    0.9609022556390977,
                    0.9822556390977444
                ]
            },
            "Validation": {
                "Sex": [
                    0.8012718600953895,
                    0.9894179894179893,
                    1.0
                ]
            },
            "Test": {
                "Sex": [
                    0.9282700421940929,
                    0.9667832167832168,
                    0.9738658777120316
                ]
            }
        },
        "EOR": {
            "Train": {
                "Sex": [
                    0.8148148148148149,
                    0.8918918918918919,
                    0.9459459459459459
                ]
            },
            "Validation": {
                "Sex": [
                    0.7441176470588237,
                    0.9810479375696768,
                    1.0
                ]
            },
            "Test": {
                "Sex": [
                    0.8294314381270902,
                    0.8571428571428571,
                    0.9047619047619048
                ]
            }
        }
    },
    "MLP": {
        "AUC": {
            "Train": [
                0.5990571667263397,
                0.4345088912758085,
                0.6235827664399093
            ],
            "Validation": [
                0.6583747927031509,
                0.41459369817578773,
                0.6929637526652452
            ],
            "Test": [
                0.5115440115440115,
                0.5220057720057719,
                0.5141895141895141
            ]
        },
        "DPR": {
            "Train": {
                "Sex": [
                    NaN,
                    1.0,
                    0.9422733584606229
                ]
            },
            "Validation": {
                "Sex": [
                    NaN,
                    1.0,
                    0.9653979238754326
                ]
            },
            "Test": {
                "Sex": [
                    NaN,
                    1.0,
                    0.5208791208791209
                ]
            }
        },
        "EOR": {
            "Train": {
                "Sex": [
                    NaN,
                    1.0,
                    0.9565217391304348
                ]
            },
            "Validation": {
                "Sex": [
                    NaN,
                    1.0,
                    0.7392857142857142
                ]
            },
            "Test": {
                "Sex": [
                    NaN,
                    1.0,
                    0.41904761904761906
                ]
            }
        }
    },
    "XGBoost": {
        "AUC": {
            "Train": [
                0.5184389545291801,
                0.5344909893782075,
                0.45748299319727886
            ],
            "Validation": [
                0.511727078891258,
                0.5496327884387586,
                0.4039327173655532
            ],
            "Test": [
                0.4463684463684464,
                0.5170755170755171,
                0.5137085137085137
            ]
        },
        "DPR": {
            "Train": {
                "Sex": [
                    0.8623481781376517,
                    0.8271446862996158,
                    0.9075187969924812
                ]
            },
            "Validation": {
                "Sex": [
                    0.9664082687338501,
                    0.6430260047281324,
                    0.8395061728395061
                ]
            },
            "Test": {
                "Sex": [
                    0.8532583216127518,
                    0.891722408026756,
                    0.739085239085239
                ]
            }
        },
        "EOR": {
            "Train": {
                "Sex": [
                    0.857142857142857,
                    0.8156565656565656,
                    0.7160664819944598
                ]
            },
            "Validation": {
                "Sex": [
                    0.9375,
                    0.5293005671077505,
                    0.5578512396694215
                ]
            },
            "Test": {
                "Sex": [
                    0.8484848484848485,
                    0.8186874304783092,
                    0.4365079365079365
                ]
            }
        }
    },
    "CatBoost": {
        "AUC": {
            "Train": [
                0.5760830648048694,
                0.6352786728726578,
                0.4720730397422127
            ],
            "Validation": [
                0.5721393034825871,
                0.6334991708126038,
                0.4742951907131012
            ],
            "Test": [
                0.5156325156325157,
                0.5887445887445887,
                0.5173160173160174
            ]
        },
        "DPR": {
            "Train": {
                "Sex": [
                    0.7218899521531101,
                    0.9302351623740202,
                    0.9522920203735146
                ]
            },
            "Validation": {
                "Sex": [
                    0.7411764705882353,
                    0.9453781512605042,
                    0.9444444444444444
                ]
            },
            "Test": {
                "Sex": [
                    0.8933092224231466,
                    0.9027124773960217,
                    0.942970822281167
                ]
            }
        },