{
    "Random Forest": {
        "AUC": {
            "Train": [
                0.6938477145244063,
                0.5451426184508892,
                0.47416159446234635
            ],
            "Validation": [
                0.5836294716891732,
                0.5854063018242123,
                0.38877043354655294
            ],
            "Test": [
                0.5943963443963444,
                0.5221260221260222,
                0.5074555074555075
            ]
        },
        "DPR": {
            "Train": {
                "Sex": [
                    0.8094244479221004,
                    0.8221052631578948,
                    0.7870753935376967
                ]
            },
            "Validation": {
                "Sex": [
                    0.8717948717948718,
                    0.7411764705882353,
                    0.7229080932784637
                ]
            },
            "Test": {
                "Sex": [
                    0.7926421404682275,
                    0.9495192307692308,
                    0.7801455301455301
                ]
            }
        },
        "EOR": {
            "Train": {
                "Sex": [
                    0.7896103896103897,
                    0.7236842105263157,
                    0.7182718271827183
                ]
            },
            "Validation": {
                "Sex": [
                    0.8395802098950526,
                    0.6285714285714287,
                    0.5986696230598669
                ]
            },
            "Test": {
                "Sex": [
                    0.7756598240469208,
                    0.8903225806451613,
                    0.7591897974493623
                ]
            }
        }
    },
    "SVM": {
        "AUC": {
            "Train": [
                0.5444563790428452,
                0.5815729800692206,
                0.45536460198114337
            ],
            "Validation": [
                0.46979388770433556,
                0.607202084814025,
                0.3956408434020374
            ],
            "Test": [
                0.5772005772005773,
                0.49013949013949015,
                0.5264550264550264
            ]
        },
        "DPR": {
            "Train": {
                "Sex": [
                    1.0,
                    0.9703735144312394,
                    1.0
                ]
            },
            "Validation": {
                "Sex": [
                    1.0,
                    0.8697478991596639,
                    1.0
                ]
            },
            "Test": {
                "Sex": [
                    1.0,
                    0.9654008438818565,
                    1.0
                ]
            }
        },
        "EOR": {
            "Train": {
                "Sex": [
                    1.0,
                    0.9193548387096775,
                    1.0
                ]
            },
            "Validation": {
                "Sex": [
                    1.0,
                    0.8625,
                    1.0
                ]
            },
            "Test": {
                "Sex": [
                    1.0,
                    0.9386645962732919,
                    1.0
                ]
            }
        }
    },
    "MLP": {
        "AUC": {
            "Train": [
                0.527688268289772,
                0.5825277479412818,
                0.4262441818832796
            ],
            "Validation": [
                0.624970386164416,
                0.6313669746505567,
                0.42181947405828
            ],
            "Test": [
                0.5103415103415103,
                0.49518999518999524,
                0.5132275132275133
            ]
        },
        "DPR": {
            "Train": {
                "Sex": [
                    0.7746478873239436,
                    NaN,
                    1.0
                ]
            },
            "Validation": {
                "Sex": [
                    0.7621832358674464,
                    NaN,
                    1.0
                ]
            },
            "Test": {
                "Sex": [
                    0.6255656108597285,
                    NaN,
                    1.0
                ]
            }
        },
        "EOR": {
            "Train": {
                "Sex": [
                    0.7391304347826088,
                    NaN,
                    1.0
                ]
            },
            "Validation": {
                "Sex": [
                    0.7012987012987012,
                    NaN,
                    1.0
                ]
            },
            "Test": {
                "Sex": [
                    0.6149068322981366,
                    NaN,
                    1.0
                ]
            }
        }
    },
    "XGBoost": {
        "AUC": {
            "Train": [
                0.6515395631936987,
                0.5077276524644946,
                0.4915562716314597
            ],
            "Validation": [
                0.5914475242833452,
                0.5764036958066809,
                0.45486851457000704
            ],
            "Test": [
                0.5601250601250601,
                0.5216450216450217,
                0.438912938912939
            ]
        },
        "DPR": {
            "Train": {
                "Sex": [
                    0.6793066088840737,
                    0.2950138504155125,
                    0.9130074565037283
                ]
            },
            "Validation": {
                "Sex": [
                    0.6832151300236406,
                    0.7563025210084033,
                    0.918918918918919
                ]
            },
            "Test": {
                "Sex": [
                    0.3574660633484163,
                    0.3291139240506329,
                    0.9157007376185458
                ]
            }
        },
        "EOR": {
            "Train": {
                "Sex": [
                    0.6750261233019853,
                    0.23157894736842102,
                    0.837465564738292
                ]
            },
            "Validation": {
                "Sex": [
                    0.6574675324675325,
                    0.43478260869565216,
                    0.8695652173913044
                ]
            },
            "Test": {
                "Sex": [
                    0.14285714285714285,
                    0.25271739130434784,
                    0.8832565284178188
                ]
            }
        }
    },
    "CatBoost": {
        "AUC": {
            "Train": [
                0.6399331662489557,
                0.5293591120658789,
                0.49477861319966576
            ],
            "Validation": [
                0.5103056147832268,
                0.5496327884387586,
                0.42264866145463165
            ],
            "Test": [
                0.5847763347763348,
                0.5642135642135642,
                0.4452861952861953
            ]
        },
        "DPR": {
            "Train": {
                "Sex": [
                    0.5596980576268067,
                    0.5978947368421053,
                    0.6768848384424192
                ]
            },
            "Validation": {
                "Sex": [
                    0.5179211469534051,
                    0.33689839572192515,
                    0.6455696202531646
                ]
            },
            "Test": {
                "Sex": [
                    0.434065934065934,
                    0.789873417721519,
                    0.6867755532139093
                ]
            }
        },
        "EOR": {
            "Train": {
                "Sex": [
                    0.5454545454545454,
                    0.5789473684210525,
                    0.5872727272727273
                ]
            },