{
    "Random Forest": {
        "AUC": {
            "Train": [
                0.48905000596729914,
                0.4989557226399331,
                0.48988542785535266
            ],
            "Validation": [
                0.4995261786306563,
                0.5300876569533286,
                0.5175313906657191
            ],
            "Test": [
                0.4635642135642135,
                0.49795574795574793,
                0.49194324194324196
            ]
        },
        "DPR": {
            "Train": {
                "Sex": [
                    0.9227780475959204,
                    0.8920187793427231,
                    0.8607198748043818
                ]
            },
            "Validation": {
                "Sex": [
                    0.9085794655414908,
                    0.9567099567099567,
                    0.9076479076479076
                ]
            },
            "Test": {
                "Sex": [
                    0.9238565488565489,
                    0.9238565488565489,
                    0.9238565488565489
                ]
            }
        },
        "EOR": {
            "Train": {
                "Sex": [
                    0.8767123287671232,
                    0.8648648648648648,
                    0.8025711662075299
                ]
            },
            "Validation": {
                "Sex": [
                    0.8980044345898005,
                    0.8695652173913044,
                    0.8930669800235017
                ]
            },
            "Test": {
                "Sex": [
                    0.8110599078341013,
                    0.8110599078341013,
                    0.8110599078341013
                ]
            }
        }
    },
    "SVM": {
        "AUC": {
            "Train": [
                0.5469029717150018,
                0.5451724549468909,
                0.552452559971357
            ],
            "Validation": [
                0.5005922767116797,
                0.4977493484956172,
                0.506041222459133
            ],
            "Test": [
                0.5865800865800865,
                0.5824915824915824,
                0.5827320827320828
            ]
        },
        "DPR": {
            "Train": {
                "Sex": [
                    1.0,
                    1.0,
                    1.0
                ]
            },
            "Validation": {
                "Sex": [
                    1.0,
                    1.0,
                    1.0
                ]
            },
            "Test": {
                "Sex": [
                    1.0,
                    1.0,
                    1.0
                ]
            }
        },
        "EOR": {
            "Train": {
                "Sex": [
                    1.0,
                    1.0,
                    1.0
                ]
            },
            "Validation": {
                "Sex": [
                    1.0,
                    1.0,
                    1.0
                ]
            },
            "Test": {
                "Sex": [
                    1.0,
                    1.0,
                    1.0
                ]
            }
        }
    },
    "MLP": {
        "AUC": {
            "Train": [
                0.4697159565580618,
                0.4928094044635398,
                0.42519990452321277
            ],
            "Validation": [
                0.43757403458896,
                0.47026770907367926,
                0.39718076285240467
            ],
            "Test": [
                0.5512265512265513,
                0.4973544973544973,
                0.5286195286195287
            ]
        },
        "DPR": {
            "Train": {
                "Sex": [
                    1.0,
                    1.0,
                    0.9193813185863647
                ]
            },
            "Validation": {
                "Sex": [
                    1.0,
                    1.0,
                    0.9832572298325724
                ]
            },
            "Test": {
                "Sex": [
                    1.0,
                    1.0,
                    0.9414951245937161
                ]
            }
        },
        "EOR": {
            "Train": {
                "Sex": [
                    1.0,
                    1.0,
                    0.8107606679035251
                ]
            },
            "Validation": {
                "Sex": [
                    1.0,
                    1.0,
                    0.9150717703349283
                ]
            },
            "Test": {
                "Sex": [
                    1.0,
                    1.0,
                    0.9211822660098522
                ]
            }
        }
    },
    "XGBoost": {
        "AUC": {
            "Train": [
                0.5145900465449338,
                0.516827783745077,
                0.5145900465449338
            ],
            "Validation": [
                0.5729684908789386,
                0.5791281686804075,
                0.5729684908789386
            ],
            "Test": [
                0.49230399230399224,
                0.5,
                0.49230399230399224
            ]
        },
        "DPR": {
            "Train": {
                "Sex": [
                    0.7368850785874668,
                    0.7775028549676437,
                    0.7368850785874668
                ]
            },
            "Validation": {
                "Sex": [
                    0.8284600389863549,
                    0.7795414462081127,
                    0.8284600389863549
                ]
            },
            "Test": {
                "Sex": [
                    0.6076923076923076,
                    0.634902411021814,
                    0.6076923076923076
                ]
            }
        },
        "EOR": {
            "Train": {
                "Sex": [
                    0.7272727272727272,
                    0.7457627118644068,
                    0.7272727272727272
                ]
            },
            "Validation": {
                "Sex": [
                    0.6020066889632107,
                    0.6211180124223603,
                    0.6020066889632107
                ]
            },
            "Test": {
                "Sex": [
                    0.48768472906403937,
                    0.48768472906403937,
                    0.48768472906403937
                ]
            }
        }
    },
    "CatBoost": {
        "AUC": {
            "Train": [
                0.5002983649600191,
                0.5090404582885786,
                0.48902016947129734
            ],
            "Validation": [
                0.5557924662402275,
                0.509831793413883,
                0.4998815446576641
            ],
            "Test": [
                0.5058922558922558,
                0.533068783068783,
                0.4891774891774892
            ]
        },
        "DPR": {
            "Train": {
                "Sex": [
                    0.9274967989756722,
                    0.975799548673255,
                    0.9598897734231475
                ]
            },
            "Validation": {
                "Sex": [
                    0.9957983193277311,
                    0.9866310160427808,
                    0.9866310160427808
                ]
            },
            "Test": {
                "Sex": [
                    0.9317948717948719,
                    0.9667832167832168,
                    0.9470529470529472
                ]
            }
        },
        "EOR": {
            "Train": {
                "Sex": [
                    0.8918918918918919,
                    0.9451114922813036,
                    0.950792326939116
                ]
            },