{
    "Random Forest": {
        "AUC": {
            "Train": [
                0.5139634801288937,
                0.46550901062179256,
                0.5132474042248478
            ],
            "Validation": [
                0.5415778251599147,
                0.45782989812840563,
                0.5013030087656953
            ],
            "Test": [
                0.48388648388648386,
                0.4842472342472342,
                0.45526695526695526
            ]
        },
        "DPR": {
            "Train": {
                "Sex": [
                    0.7460520699957319,
                    0.9342105263157895,
                    0.878849902534113
                ]
            },
            "Validation": {
                "Sex": [
                    0.7807407407407407,
                    0.9638009049773756,
                    0.8880455407969641
                ]
            },
            "Test": {
                "Sex": [
                    0.7813186813186813,
                    0.9645909645909646,
                    0.7459915611814346
                ]
            }
        },
        "EOR": {
            "Train": {
                "Sex": [
                    0.7050092764378478,
                    0.8823529411764706,
                    0.8350202429149799
                ]
            },
            "Validation": {
                "Sex": [
                    0.7161125319693096,
                    0.8800000000000001,
                    0.7764705882352941
                ]
            },
            "Test": {
                "Sex": [
                    0.7044334975369458,
                    0.9480286738351255,
                    0.6498447204968945
                ]
            }
        }
    },
    "SVM": {
        "AUC": {
            "Train": [
                0.5887337391096789,
                0.41263873970640885,
                0.4607948442534909
            ],
            "Validation": [
                0.5970149253731344,
                0.4593698175787728,
                0.502013740819711
            ],
            "Test": [
                0.5572390572390573,
                0.44155844155844154,
                0.4831649831649832
            ]
        },
        "DPR": {
            "Train": {
                "Sex": [
                    1.0,
                    1.0,
                    1.0
                ]
            },
            "Validation": {
                "Sex": [
                    1.0,
                    1.0,
                    1.0
                ]
            },
            "Test": {
                "Sex": [
                    1.0,
                    1.0,
                    1.0
                ]
            }
        },
        "EOR": {
            "Train": {
                "Sex": [
                    1.0,
                    1.0,
                    1.0
                ]
            },
            "Validation": {
                "Sex": [
                    1.0,
                    1.0,
                    1.0
                ]
            },
            "Test": {
                "Sex": [
                    1.0,
                    1.0,
                    1.0
                ]
            }
        }
    },
    "MLP": {
        "AUC": {
            "Train": [
                0.5150972669769662,
                0.4888411504952858,
                0.4953455066237021
            ],
            "Validation": [
                0.5733238569059464,
                0.5479744136460555,
                0.5555555555555556
            ],
            "Test": [
                0.5,
                0.5115440115440115,
                0.556036556036556
            ]
        },
        "DPR": {
            "Train": {
                "Sex": [
                    0.986281276962899,
                    0.9929323308270677,
                    0.754785120982304
                ]
            },
            "Validation": {
                "Sex": [
                    0.9444444444444445,
                    0.9764705882352941,
                    0.40476190476190477
                ]
            },
            "Test": {
                "Sex": [
                    0.920097508125677,
                    0.99379498634897,
                    0.6396761133603239
                ]
            }
        },
        "EOR": {
            "Train": {
                "Sex": [
                    0.9558823529411764,
                    0.9868421052631579,
                    0.5454545454545455
                ]
            },
            "Validation": {
                "Sex": [
                    0.8959156785243741,
                    0.975,
                    0.34090909090909094
                ]
            },
            "Test": {
                "Sex": [
                    0.9047993705743509,
                    0.9782608695652174,
                    0.3709677419354839
                ]
            }
        }
    },
    "XGBoost": {
        "AUC": {
            "Train": [
                0.48872180451127817,
                0.4446831364124597,
                0.562000238691968
            ],
            "Validation": [
                0.5072257758824923,
                0.45700071073205406,
                0.5484482350153992
            ],
            "Test": [
                0.4951899951899952,
                0.49783549783549785,
                0.5151515151515151
            ]
        },
        "DPR": {
            "Train": {
                "Sex": [
                    0.7191901408450704,
                    0.9933845497225777,
                    0.8853118712273642
                ]
            },
            "Validation": {
                "Sex": [
                    0.5666666666666667,
                    0.9809688581314879,
                    0.8095238095238095
                ]
            },
            "Test": {
                "Sex": [
                    0.5642857142857143,
                    0.9574223245109322,
                    0.7729419703103915
                ]
            }
        },
        "EOR": {
            "Train": {
                "Sex": [
                    0.60543580131209,
                    0.8425720620842572,
                    0.832420591456736
                ]
            },
            "Validation": {
                "Sex": [
                    0.5625,
                    0.9490196078431372,
                    0.7561436672967864
                ]
            },
            "Test": {
                "Sex": [
                    0.541871921182266,
                    0.9300699300699301,
                    0.7644183773216031
                ]
            }
        }
    },
    "CatBoost": {
        "AUC": {
            "Train": [
                0.46073517126148705,
                0.5433225921947726,
                0.5340732784341807
            ],
            "Validation": [
                0.4769012082444919,
                0.539208718313196,
                0.48116560056858565
            ],
            "Test": [
                0.44324194324194327,
                0.4872534872534873,
                0.4425204425204425
            ]
        },
        "DPR": {
            "Train": {
                "Sex": [
                    0.8756480754124116,
                    0.870524350924826,
                    0.9528382415706359
                ]
            },
            "Validation": {
                "Sex": [
                    0.9426111908177905,
                    0.8450292397660818,
                    0.9444444444444444
                ]
            },
            "Test": {
                "Sex": [
                    0.9873417721518988,
                    0.7936280137772675,
                    0.9679821295606851
                ]
            }
        },