{
    "Random Forest": {
        "AUC": {
            "Train": [
                0.8486692922783149,
                0.8901121852249672,
                0.8684807256235828
            ],
            "Validation": [
                0.7095475005922767,
                0.7729211087420044,
                0.7033878227908079
            ],
            "Test": [
                0.5817700817700818,
                0.6046176046176045,
                0.6309523809523809
            ]
        },
        "DPR": {
            "Train": {
                "Sex": [
                    0.6282914880587875,
                    0.643083306037777,
                    0.8784001720245134
                ]
            },
            "Validation": {
                "Sex": [
                    0.9251700680272109,
                    0.8045267489711934,
                    0.9595588235294118
                ]
            },
            "Test": {
                "Sex": [
                    0.891722408026756,
                    0.9373977086743045,
                    0.9115384615384614
                ]
            }
        },
        "EOR": {
            "Train": {
                "Sex": [
                    0.4545454545454545,
                    0.5925925925925926,
                    0.948306595365419
                ]
            },
            "Validation": {
                "Sex": [
                    0.7729468599033816,
                    0.773955773955774,
                    0.7803571428571427
                ]
            },
            "Test": {
                "Sex": [
                    0.6111111111111112,
                    0.6984126984126984,
                    0.7482993197278911
                ]
            }
        }
    },
    "SVM": {
        "AUC": {
            "Train": [
                0.5884950471416637,
                0.5859589449815014,
                0.6105143811910729
            ],
            "Validation": [
                0.6590855247571665,
                0.5858801231935561,
                0.5503435204927744
            ],
            "Test": [
                0.5276575276575276,
                0.5295815295815295,
                0.5334295334295334
            ]
        },
        "DPR": {
            "Train": {
                "Sex": [
                    0.9617773943054357,
                    0.9996762182289137,
                    0.9888259109311741
                ]
            },
            "Validation": {
                "Sex": [
                    0.878048780487805,
                    0.9357045143638851,
                    0.8987688098495211
                ]
            },
            "Test": {
                "Sex": [
                    0.9574223245109321,
                    0.9917200854700855,
                    0.9842903575297941
                ]
            }
        },
        "EOR": {
            "Train": {
                "Sex": [
                    0.9032258064516129,
                    0.9264705882352942,
                    0.9117647058823529
                ]
            },
            "Validation": {
                "Sex": [
                    0.83375,
                    0.930952380952381,
                    0.8761904761904763
                ]
            },
            "Test": {
                "Sex": [
                    0.8905279503105591,
                    0.9753694581280787,
                    0.9211822660098522
                ]
            }
        }
    },
    "MLP": {
        "AUC": {
            "Train": [
                0.4581990691013247,
                0.43617973505191554,
                0.6575963718820862
            ],
            "Validation": [
                0.4228855721393035,
                0.416133617626155,
                0.7545605306799337
            ],
            "Test": [
                0.5351130351130351,
                0.5198412698412698,
                0.577922077922078
            ]
        },
        "DPR": {
            "Train": {
                "Sex": [
                    1.0,
                    1.0,
                    0.8375443500698849
                ]
            },
            "Validation": {
                "Sex": [
                    1.0,
                    1.0,
                    0.9831932773109244
                ]
            },
            "Test": {
                "Sex": [
                    1.0,
                    1.0,
                    0.9172714078374455
                ]
            }
        },
        "EOR": {
            "Train": {
                "Sex": [
                    1.0,
                    1.0,
                    0.8539325842696629
                ]
            },
            "Validation": {
                "Sex": [
                    1.0,
                    1.0,
                    0.92
                ]
            },
            "Test": {
                "Sex": [
                    1.0,
                    1.0,
                    0.6547619047619047
                ]
            }
        }
    },
    "XGBoost": {
        "AUC": {
            "Train": [
                0.7844909893782075,
                0.859470103831006,
                0.8363169829335243
            ],
            "Validation": [
                0.7244728737266051,
                0.7472162994551055,
                0.7296849087893864
            ],
            "Test": [
                0.605098605098605,
                0.5952380952380952,
                0.5986050986050986
            ]
        },
        "DPR": {
            "Train": {
                "Sex": [
                    0.849133261105092,
                    0.6690140845070423,
                    0.8505295337918987
                ]
            },
            "Validation": {
                "Sex": [
                    0.9044117647058824,
                    0.7898989898989898,
                    0.9926470588235294
                ]
            },
            "Test": {
                "Sex": [
                    0.7265886287625418,
                    0.9574223245109322,
                    0.9679821295606851
                ]
            }
        },
        "EOR": {
            "Train": {
                "Sex": [
                    0.9047619047619048,
                    0.6923076923076923,
                    0.9234923492349236
                ]
            },
            "Validation": {
                "Sex": [
                    0.8052287581699347,
                    0.7322654462242563,
                    0.9263157894736842
                ]
            },
            "Test": {
                "Sex": [
                    0.4621848739495798,
                    0.873015873015873,
                    0.8642857142857143
                ]
            }
        }
    },
    "CatBoost": {
        "AUC": {
            "Train": [
                0.8353025420694593,
                0.8717030671917889,
                0.864781000119346
            ],
            "Validation": [
                0.7405828002842929,
                0.7709073679222933,
                0.746031746031746
            ],
            "Test": [
                0.5969215969215969,
                0.5858585858585859,
                0.6195286195286196
            ]
        },
        "DPR": {
            "Train": {
                "Sex": [
                    0.6361117524821057,
                    0.6145018257694314,
                    0.8848250795093139
                ]
            },
            "Validation": {
                "Sex": [
                    0.8354700854700854,
                    0.8354700854700854,
                    0.946524064171123
                ]
            },
            "Test": {
                "Sex": [
                    0.8256688963210702,
                    0.8472633136094675,
                    0.8660892738174552
                ]
            }
        },