{
    "CatBoost": {
        "AUC": {
            "Train": [
                0.9893782074233203,
                0.9890201694712972,
                0.9887814775032819
            ],
            "Validation": [
                0.8071547026770908,
                0.8005212035062781,
                0.8019426676143094
            ],
            "Test": [
                0.5832130832130832,
                0.5868205868205869,
                0.5894660894660895
            ]
        },
        "DPR": {
            "Train": {
                "Sex": [
                    0.7077173786520778,
                    0.7077173786520778,
                    0.7077173786520778
                ]
            },
            "Validation": {
                "Sex": [
                    0.8518518518518519,
                    0.8354700854700854,
                    0.8518518518518519
                ]
            },
            "Test": {
                "Sex": [
                    0.7739477503628447,
                    0.8936651583710407,
                    0.8599419448476051
                ]
            }
        },
        "EOR": {
            "Train": {
                "Sex": [
                    0.0,
                    0.0,
                    0.0
                ]
            },
            "Validation": {
                "Sex": [
                    0.8695652173913044,
                    0.7161125319693096,
                    0.8115942028985508
                ]
            },
            "Test": {
                "Sex": [
                    0.5465838509316769,
                    0.5986394557823129,
                    0.5714285714285714
                ]
            }
        }
    }
}