{
    "CatBoost": {
        "AUC": {
            "Train": [
                0.4989912936358504,
                0.4409644017521608,
                0.4617096801645451
            ],
            "Validation": [
                0.5033699058496729,
                0.4308072256899991,
                0.45040372574322257
            ],
            "Test": [
                0.5029945579504391,
                0.43922168594501276,
                0.4563821528136122
            ]
        },
        "DPR": {
            "Train": {
                "sex": [
                    0.99426674811659,
                    0.8657395504066846,
                    0.6744973555935648
                ],
                "race": [
                    0.7597204566689791,
                    0.7375463111703966,
                    0.8868626715778174
                ]
            },
            "Validation": {
                "sex": [
                    0.9915548193979188,
                    0.8617443824383404,
                    0.6792265005199418
                ],
                "race": [
                    0.6958960698887108,
                    0.7044407205697528,
                    0.8769295419526544
                ]
            },
            "Test": {
                "sex": [
                    0.9957351889643365,
                    0.8553727858556633,
                    0.6827430127283242
                ],
                "race": [
                    0.8166237406257101,
                    0.7880187429185951,
                    0.8260188087774294
                ]
            }
        },
        "EOR": {
            "Train": {
                "sex": [
                    0.9567100002061049,
                    0.8456856101391866,
                    0.50680919848589
                ],
                "race": [
                    0.7430721861101608,
                    0.592964824120603,
                    0.765301911879327
                ]
            },
            "Validation": {
                "sex": [
                    0.944055504171433,
                    0.8426846089150546,
                    0.48799368359623074
                ],
                "race": [
                    0.5782720273738238,
                    0.6716324682219932,
                    0.4959568733153639
                ]
            },
            "Test": {
                "sex": [
                    0.9485014774166315,
                    0.8392684467516294,
                    0.483660475587449
                ],
                "race": [
                    0.27032779906343124,
                    0.7273954116059379,
                    0.4095744680851064
                ]
            }
        }
    }
}