{
    "CatBoost": {
        "AUC": {
            "Train": [
                0.889309173647339,
                0.8909291620544274,
                0.8923281488531507
            ],
            "Validation": [
                0.8886490768405678,
                0.8905625743918649,
                0.8927923567393703
            ],
            "Test": [
                0.8928181072067671,
                0.8915083203033924,
                0.8952225099899483
            ]
        },
        "DPR": {
            "Train": {
                "sex": [
                    0.5792362022778715,
                    0.538358913904374,
                    0.5353894189305433
                ],
                "race": [
                    0.5014998049966735,
                    0.3934911242603551,
                    0.4329931366431946
                ]
            },
            "Validation": {
                "sex": [
                    0.5619463522794873,
                    0.5027190308579778,
                    0.5082017473519731
                ],
                "race": [
                    0.37919003739316237,
                    0.3221163390907286,
                    0.3146209036261392
                ]
            },
            "Test": {
                "sex": [
                    0.5700633655783591,
                    0.5493626365352218,
                    0.5086150718139875
                ],
                "race": [
                    0.19805410536307544,
                    0.23925008599931202,
                    0.27198957145184943
                ]
            }
        },
        "EOR": {
            "Train": {
                "sex": [
                    0.6810700842548545,
                    0.6179509758671003,
                    0.620104161972626
                ],
                "race": [
                    0.3323905901314158,
                    0.3148648648648649,
                    0.22759685480533537
                ]
            },
            "Validation": {
                "sex": [
                    0.7828812573406001,
                    0.6774914233118567,
                    0.6928396133806539
                ],
                "race": [
                    0.39263220439691027,
                    0.1311111111111111,
                    0.34532374100719426
                ]
            },
            "Test": {
                "sex": [
                    0.7415933450647897,
                    0.6601760005824218,
                    0.5980519480519481
                ],
                "race": [
                    0.3513817010057611,
                    0.17696090484386526,
                    0.1606975394096369
                ]
            }
        }
    }
}