{
    "CatBoost": {
        "AUC": {
            "Train": [
                0.9277890515609236,
                0.9279106697127781,
                0.9285945221720168
            ],
            "Validation": [
                0.9100724059596002,
                0.9089408134885703,
                0.9076910174269018
            ],
            "Test": [
                0.9140836304767714,
                0.9139554564468175,
                0.9131397939795224
            ]
        },
        "DPR": {
            "Train": {
                "sex": [
                    0.3495071251920432,
                    0.32066540290911477,
                    0.33417677678929547
                ],
                "race": [
                    0.2716503267973856,
                    0.3047194243314933,
                    0.33433886375062843
                ]
            },
            "Validation": {
                "sex": [
                    0.3323090046180432,
                    0.3106558293179673,
                    0.32010685401631184
                ],
                "race": [
                    0.11988304093567251,
                    0.12913880929640242,
                    0.16872427983539093
                ]
            },
            "Test": {
                "sex": [
                    0.3289409720849543,
                    0.3159481954764828,
                    0.316900803101035
                ],
                "race": [
                    0.1601427584618927,
                    0.2641645595719975,
                    0.21292135445709098
                ]
            }
        },
        "EOR": {
            "Train": {
                "sex": [
                    0.27523788417131945,
                    0.23876089430961858,
                    0.22777545196196552
                ],
                "race": [
                    0.21638267606912623,
                    0.2634167729004399,
                    0.30233545911625054
                ]
            },
            "Validation": {
                "sex": [
                    0.31668254346272917,
                    0.26768145854833164,
                    0.2705132198778139
                ],
                "race": [
                    0.10727272727272727,
                    0.13766730401529637,
                    0.23600000000000002
                ]
            },
            "Test": {
                "sex": [
                    0.26835000618316485,
                    0.2501254902949968,
                    0.24253686352332388
                ],
                "race": [
                    0.14658438225589634,
                    0.2824568288854003,
                    0.28687021683673464
                ]
            }
        }
    }
}