{
    "CatBoost": {
        "AUC": {
            "Train": [
                0.8799135652291081,
                0.8768323652063311,
                0.8776707237685347
            ],
            "Validation": [
                0.8843956575099132,
                0.880554698679736,
                0.8798326805891963
            ],
            "Test": [
                0.887464441213121,
                0.883692162493157,
                0.8828846724070536
            ]
        },
        "DPR": {
            "Train": {
                "sex": [
                    0.47839824968146943,
                    0.49917611003037915,
                    0.4944850126623745
                ],
                "race": [
                    0.4144408831908831,
                    0.4147232307373609,
                    0.3866279069767442
                ]
            },
            "Validation": {
                "sex": [
                    0.4478979747593757,
                    0.46809178426531484,
                    0.4629222830819667
                ],
                "race": [
                    0.31245597182196605,
                    0.309375589511413,
                    0.29892361880834506
                ]
            },
            "Test": {
                "sex": [
                    0.4523912853224696,
                    0.49824354049706165,
                    0.49333432189286014
                ],
                "race": [
                    0.19590495449949444,
                    0.30677882236516574,
                    0.3314621758887998
                ]
            }
        },
        "EOR": {
            "Train": {
                "sex": [
                    0.5460052614545193,
                    0.5813049331829017,
                    0.5590729737355192
                ],
                "race": [
                    0.3450573861532766,
                    0.41429587482219066,
                    0.369411964553665
                ]
            },
            "Validation": {
                "sex": [
                    0.5330267231546357,
                    0.5616819065447476,
                    0.5427946643341351
                ],
                "race": [
                    0.257355562545874,
                    0.2575013638843426,
                    0.2524064171122995
                ]
            },
            "Test": {
                "sex": [
                    0.49375591296121096,
                    0.579657392658527,
                    0.5578930349867426
                ],
                "race": [
                    0.23577235772357721,
                    0.18210361067503925,
                    0.33285509325681495
                ]
            }
        }
    }
}