{
    "CatBoost": {
        "AUC": {
            "Train": [
                0.8823517372367946,
                0.8787687808608082,
                0.8814936104452176
            ],
            "Validation": [
                0.8850396866963959,
                0.8819418825413678,
                0.882276630016904
            ],
            "Test": [
                0.8866850607569273,
                0.8809997305425162,
                0.8866318037226814
            ]
        },
        "DPR": {
            "Train": {
                "sex": [
                    0.31466933228968924,
                    0.2356578640622251,
                    0.2455877524436499
                ],
                "race": [
                    0.24179864253393665,
                    0.07552241066020594,
                    0.2416424418604651
                ]
            },
            "Validation": {
                "sex": [
                    0.28172903452505477,
                    0.21545771301868866,
                    0.20900302066261767
                ],
                "race": [
                    0.18406285072951736,
                    0.10846560846560845,
                    0.20666646008284015
                ]
            },
            "Test": {
                "sex": [
                    0.3239495547187855,
                    0.22568778679831805,
                    0.23367983702585807
                ],
                "race": [
                    0.055426425889504735,
                    0.05333998005982053,
                    0.10299003322259136
                ]
            }
        },
        "EOR": {
            "Train": {
                "sex": [
                    0.33309795959603594,
                    0.19875400018134892,
                    0.18553576845541916
                ],
                "race": [
                    0.1899033367564836,
                    0.0,
                    0.20246617288037405
                ]
            },
            "Validation": {
                "sex": [
                    0.25892283427770313,
                    0.15641945154676232,
                    0.14782926245984604
                ],
                "race": [
                    0.08428571428571428,
                    0.0,
                    0.1628428497498706
                ]
            },
            "Test": {
                "sex": [
                    0.27747549830970936,
                    0.11734438106341342,
                    0.15123834423780333
                ],
                "race": [
                    0.0,
                    0.0,
                    0.0
                ]
            }
        }
    }
}