{
    "CatBoost": {
        "AUC": {
            "Train": [
                0.9019055717935577,
                0.9024582270354288,
                0.9048626350533517
            ],
            "Validation": [
                0.902634450324018,
                0.9032471778415251,
                0.9063146140722795
            ],
            "Test": [
                0.9069412424279947,
                0.9053366405496412,
                0.9088853447692329
            ]
        },
        "DPR": {
            "Train": {
                "sex": [
                    0.2711601928069483,
                    0.26188007645730066,
                    0.2702488698233811
                ],
                "race": [
                    0.3197115384615385,
                    0.3205910711284487,
                    0.28379993171730966
                ]
            },
            "Validation": {
                "sex": [
                    0.2358701929101042,
                    0.244469133061766,
                    0.2387778882802197
                ],
                "race": [
                    0.25547160993846874,
                    0.12446873102610807,
                    0.22290180088345224
                ]
            },
            "Test": {
                "sex": [
                    0.26212397494869644,
                    0.25302262888817084,
                    0.26769795235129246
                ],
                "race": [
                    0.13388363843030132,
                    0.15844620495783288,
                    0.17165005537098557
                ]
            }
        },
        "EOR": {
            "Train": {
                "sex": [
                    0.19358227083794363,
                    0.17624245564999275,
                    0.19106546194663948
                ],
                "race": [
                    0.23853398853398855,
                    0.18797902379991935,
                    0.09995709995709995
                ]
            },
            "Validation": {
                "sex": [
                    0.177968991873065,
                    0.19534142604410185,
                    0.17276651906306661
                ],
                "race": [
                    0.16266191325014856,
                    0.09254901960784313,
                    0.1846876222772923
                ]
            },
            "Test": {
                "sex": [
                    0.16558259956757435,
                    0.1477060200980088,
                    0.15527492320805394
                ],
                "race": [
                    0.0,
                    0.13151927437641722,
                    0.06962785114045618
                ]
            }
        }
    }
}