{
    "CatBoost": {
        "AUC": {
            "Train": [
                0.9010791492580057,
                0.9017016060082902,
                0.9041589987211921
            ],
            "Validation": [
                0.9011767050730011,
                0.901330390962302,
                0.9047923979939089
            ],
            "Test": [
                0.9054531127381455,
                0.9053096443804081,
                0.9084485740623411
            ]
        },
        "DPR": {
            "Train": {
                "sex": [
                    0.29124441803128587,
                    0.2839787082050137,
                    0.2855992579890686
                ],
                "race": [
                    0.36860376918139914,
                    0.4087528428299219,
                    0.37086779488484545
                ]
            },
            "Validation": {
                "sex": [
                    0.26445320974580167,
                    0.2668809811574964,
                    0.2584320458466228
                ],
                "race": [
                    0.2861750786558443,
                    0.31805412067496786,
                    0.33905525623355465
                ]
            },
            "Test": {
                "sex": [
                    0.28196398742957446,
                    0.2764307295453383,
                    0.28507055236548917
                ],
                "race": [
                    0.22349176911282698,
                    0.22402241834696904,
                    0.21005738447598912
                ]
            }
        },
        "EOR": {
            "Train": {
                "sex": [
                    0.22506044042115578,
                    0.21336366583641556,
                    0.20624112107713047
                ],
                "race": [
                    0.2714352283317801,
                    0.28909295291701037,
                    0.2190813262241834
                ]
            },
            "Validation": {
                "sex": [
                    0.22043099875673436,
                    0.21662218426390523,
                    0.20609135921136454
                ],
                "race": [
                    0.21611721611721613,
                    0.23274161735700197,
                    0.29280397022332505
                ]
            },
            "Test": {
                "sex": [
                    0.19191027762456334,
                    0.17761908673762777,
                    0.20259054454901673
                ],
                "race": [
                    0.22163710273466372,
                    0.2176360225140713,
                    0.10146623431552235
                ]
            }
        }
    }
}