{
    "CatBoost": {
        "AUC": {
            "Train": [
                0.901979190327532,
                0.9010788624596371,
                0.9048987560042543
            ],
            "Validation": [
                0.9024929031158382,
                0.9014771374307521,
                0.9055374626014026
            ],
            "Test": [
                0.9067818284730215,
                0.9054557388246468,
                0.9090442965329818
            ]
        },
        "DPR": {
            "Train": {
                "sex": [
                    0.32221222819212086,
                    0.27525365301085314,
                    0.2864063142273318
                ],
                "race": [
                    0.38298338176253743,
                    0.3953626634958383,
                    0.3582974137931034
                ]
            },
            "Validation": {
                "sex": [
                    0.28976675447682165,
                    0.2571523442507152,
                    0.256886663895048
                ],
                "race": [
                    0.28328442129568426,
                    0.3207081103334706,
                    0.33829819505536174
                ]
            },
            "Test": {
                "sex": [
                    0.3047955068109586,
                    0.27251134720845666,
                    0.29034180973256873
                ],
                "race": [
                    0.23406825732407127,
                    0.21456256921373199,
                    0.18108105594971313
                ]
            }
        },
        "EOR": {
            "Train": {
                "sex": [
                    0.26652230653010683,
                    0.1946611952106685,
                    0.20564678840928924
                ],
                "race": [
                    0.33564610096552727,
                    0.2714352283317801,
                    0.2422037422037422
                ]
            },
            "Validation": {
                "sex": [
                    0.2565410515291545,
                    0.2120649463188,
                    0.20243187999247386
                ],
                "race": [
                    0.21109123434704832,
                    0.2062937062937063,
                    0.27505827505827507
                ]
            },
            "Test": {
                "sex": [
                    0.22926408271027002,
                    0.18045464048503565,
                    0.19507475560667048
                ],
                "race": [
                    0.20209059233449478,
                    0.10104529616724739,
                    0.11749436771476149
                ]
            }
        }
    }
}