{
    "CatBoost": {
        "AUC": {
            "Train": [
                0.8936428690766489,
                0.8941792341711808,
                0.8941940694686137
            ],
            "Validation": [
                0.8941689086442858,
                0.8942011016150218,
                0.8941126505260123
            ],
            "Test": [
                0.8959758816854332,
                0.8956918651781477,
                0.896751375533605
            ]
        },
        "DPR": {
            "Train": {
                "sex": [
                    0.49144794908520106,
                    0.5433437186627478,
                    0.4826458292554267
                ],
                "race": [
                    0.39342461122379985,
                    0.3853792259207168,
                    0.4493119329306969
                ]
            },
            "Validation": {
                "sex": [
                    0.4483347411396192,
                    0.5101094464485411,
                    0.45641241553004974
                ],
                "race": [
                    0.30567622980199866,
                    0.27006998764923834,
                    0.35625085769177994
                ]
            },
            "Test": {
                "sex": [
                    0.48292744192439213,
                    0.5353359229597624,
                    0.47407251910066167
                ],
                "race": [
                    0.18817883141145397,
                    0.19793868921775898,
                    0.11564957122835356
                ]
            }
        },
        "EOR": {
            "Train": {
                "sex": [
                    0.5204932545226023,
                    0.6479454703802127,
                    0.509285987418743
                ],
                "race": [
                    0.29518581081081086,
                    0.18521462639109698,
                    0.1877839939064429
                ]
            },
            "Validation": {
                "sex": [
                    0.5323737223800841,
                    0.678073210708432,
                    0.5489164086687306
                ],
                "race": [
                    0.2902673796791444,
                    0.12102564102564102,
                    0.33747363487227555
                ]
            },
            "Test": {
                "sex": [
                    0.5314997023156707,
                    0.6715106196505491,
                    0.506741810199257
                ],
                "race": [
                    0.31184193422591966,
                    0.35563571675643624,
                    0.16846121436262348
                ]
            }
        }
    }
}