{
    "CatBoost": {
        "AUC": {
            "Train": [
                0.7389516560154967,
                0.7344431126571107,
                0.7436394274962251
            ],
            "Validation": [
                0.7304756529464483,
                0.7271979331645915,
                0.7330855118304606
            ],
            "Test": [
                0.7392572998797085,
                0.7322766997681018,
                0.7411833557545098
            ]
        },
        "DPR": {
            "Train": {
                "sex": [
                    0.854666728159099,
                    0.7849085498948019,
                    0.8361994779206801
                ],
                "race": [
                    0.8593239145973115,
                    0.8078638392554304,
                    0.7418122345762153
                ]
            },
            "Validation": {
                "sex": [
                    0.8775107300565392,
                    0.8052005455078909,
                    0.8614082917544484
                ],
                "race": [
                    0.8162787293222076,
                    0.7956670628620824,
                    0.6863633812909269
                ]
            },
            "Test": {
                "sex": [
                    0.8663663168146415,
                    0.8014995764741294,
                    0.8451725463396816
                ],
                "race": [
                    0.8674746330583194,
                    0.8351802412176469,
                    0.680959885119636
                ]
            }
        },
        "EOR": {
            "Train": {
                "sex": [
                    0.8952643965469453,
                    0.8089023528959084,
                    0.8773431817249358
                ],
                "race": [
                    0.8754870960368343,
                    0.8182272016922131,
                    0.7444235174411707
                ]
            },
            "Validation": {
                "sex": [
                    0.9226343247140375,
                    0.8385630767381046,
                    0.9101272960683392
                ],
                "race": [
                    0.8,
                    0.7921928817451206,
                    0.6648597655021639
                ]
            },
            "Test": {
                "sex": [
                    0.9118771799115178,
                    0.8315461743405006,
                    0.8926751921712727
                ],
                "race": [
                    0.7875000000000001,
                    0.8312699007304739,
                    0.7198336833983454
                ]
            }
        }
    }
}