{
    "CatBoost": {
        "AUC": {
            "Train": [
                0.9515683177700893,
                0.9515192022458293,
                0.951794267953943
            ],
            "Validation": [
                0.9256549709766682,
                0.9257242590778234,
                0.925423381069192
            ],
            "Test": [
                0.9288284128945805,
                0.9285691656351749,
                0.9280723520865183
            ]
        },
        "DPR": {
            "Train": {
                "sex": [
                    0.3433877962942391,
                    0.3384645751859756,
                    0.3381900702588175
                ],
                "race": [
                    0.3179451763705908,
                    0.31447036569987386,
                    0.33560879728006804
                ]
            },
            "Validation": {
                "sex": [
                    0.3255280446743862,
                    0.318153622950371,
                    0.3153045684166454
                ],
                "race": [
                    0.14814814814814814,
                    0.10472541507024265,
                    0.10846560846560846
                ]
            },
            "Test": {
                "sex": [
                    0.307421516212725,
                    0.3106335478161422,
                    0.3093149915012263
                ],
                "race": [
                    0.25956196752076605,
                    0.25896827592076427,
                    0.2602780005346164
                ]
            }
        },
        "EOR": {
            "Train": {
                "sex": [
                    0.1855125183591215,
                    0.174888157019705,
                    0.16809170783319868
                ],
                "race": [
                    0.0,
                    0.0,
                    0.0
                ]
            },
            "Validation": {
                "sex": [
                    0.302088224904939,
                    0.30900099893022365,
                    0.2919237264283704
                ],
                "race": [
                    0.0,
                    0.0,
                    0.0
                ]
            },
            "Test": {
                "sex": [
                    0.18559619423364665,
                    0.19699425869638637,
                    0.19740898345153665
                ],
                "race": [
                    0.0,
                    0.0,
                    0.15827322308233638
                ]
            }
        }
    }
}