{
    "CatBoost": {
        "AUC": {
            "Train": [
                0.8769628167479401,
                0.8768927910153476,
                0.8770542011372233
            ],
            "Validation": [
                0.8825069890790918,
                0.8805565237261982,
                0.8784363078308415
            ],
            "Test": [
                0.8852354610082247,
                0.8837365328506824,
                0.8832914427017549
            ]
        },
        "DPR": {
            "Train": {
                "sex": [
                    0.4897705689881473,
                    0.5200226593766453,
                    0.4792139598884988
                ],
                "race": [
                    0.4200810425924825,
                    0.4042535055193283,
                    0.36889792899408286
                ]
            },
            "Validation": {
                "sex": [
                    0.4695754876495029,
                    0.4940996316805231,
                    0.4583682875045311
                ],
                "race": [
                    0.33426053543833273,
                    0.33779023980753087,
                    0.3259465368180463
                ]
            },
            "Test": {
                "sex": [
                    0.46865939878944063,
                    0.5153472732865816,
                    0.4815369403234689
                ],
                "race": [
                    0.20025839793281652,
                    0.24031007751937983,
                    0.27728085867620755
                ]
            }
        },
        "EOR": {
            "Train": {
                "sex": [
                    0.5546551621289442,
                    0.6289899588205842,
                    0.5247910054303602
                ],
                "race": [
                    0.3403944485025567,
                    0.39912447658926536,
                    0.42256205333128405
                ]
            },
            "Validation": {
                "sex": [
                    0.5718748896396662,
                    0.6100770113059151,
                    0.5370743034055728
                ],
                "race": [
                    0.2884644766997708,
                    0.3084967320261438,
                    0.31024955436720136
                ]
            },
            "Test": {
                "sex": [
                    0.5141044166855119,
                    0.6204477907667921,
                    0.5417710967021474
                ],
                "race": [
                    0.24964131994261118,
                    0.22336328626444157,
                    0.24250871080139372
                ]
            }
        }
    }
}