{
    "CatBoost": {
        "AUC": {
            "Train": [
                0.892449172550205,
                0.8913225294823508,
                0.8934059840531765
            ],
            "Validation": [
                0.8930902000777214,
                0.8928407416920914,
                0.8939979909209455
            ],
            "Test": [
                0.8960967236818757,
                0.8937223843369613,
                0.8963368740402442
            ]
        },
        "DPR": {
            "Train": {
                "sex": [
                    0.5181503826152158,
                    0.4984630108113388,
                    0.5035808018908751
                ],
                "race": [
                    0.3849334325642934,
                    0.37776203626707183,
                    0.40089221123703883
                ]
            },
            "Validation": {
                "sex": [
                    0.4902830311725577,
                    0.455996050443459,
                    0.4628254241400444
                ],
                "race": [
                    0.27907232057087966,
                    0.29046589817483187,
                    0.19914996964177292
                ]
            },
            "Test": {
                "sex": [
                    0.5263689431521599,
                    0.49578626501703427,
                    0.4871864732004592
                ],
                "race": [
                    0.19933262364886994,
                    0.18134692509219136,
                    0.1232001417111623
                ]
            }
        },
        "EOR": {
            "Train": {
                "sex": [
                    0.5686724926213065,
                    0.5229060908433795,
                    0.551479293265345
                ],
                "race": [
                    0.27782193958664547,
                    0.18521462639109698,
                    0.19082719082719082
                ]
            },
            "Validation": {
                "sex": [
                    0.606697083265439,
                    0.5433008955365697,
                    0.5804116124448053
                ],
                "race": [
                    0.2524064171122995,
                    0.22476190476190477,
                    0.1475
                ]
            },
            "Test": {
                "sex": [
                    0.6182343272206356,
                    0.5552127659574468,
                    0.5665436387320886
                ],
                "race": [
                    0.177388346643005,
                    0.1492658038825286,
                    0.1589583885502253
                ]
            }
        }
    }
}