{
    "CatBoost": {
        "AUC": {
            "Train": [
                0.9072335815234269,
                0.907904971289919,
                0.9078556784721219
            ],
            "Validation": [
                0.9080752958145658,
                0.9087564625744087,
                0.9092735873673509
            ],
            "Test": [
                0.9100725039373442,
                0.9110253741721579,
                0.9107809170319272
            ]
        },
        "DPR": {
            "Train": {
                "sex": [
                    0.31131581215710363,
                    0.3108035082957768,
                    0.27354150701703694
                ],
                "race": [
                    0.2406430934656741,
                    0.31527046887593035,
                    0.20328479324144064
                ]
            },
            "Validation": {
                "sex": [
                    0.2902250632240714,
                    0.29190300623936477,
                    0.2433397508236882
                ],
                "race": [
                    0.06393762183235868,
                    0.2301158134464484,
                    0.13649604660840614
                ]
            },
            "Test": {
                "sex": [
                    0.2945070508848503,
                    0.2906486812792832,
                    0.2563922355186368
                ],
                "race": [
                    0.15448504983388706,
                    0.16140229087122526,
                    0.27387743162205647
                ]
            }
        },
        "EOR": {
            "Train": {
                "sex": [
                    0.22857000865088714,
                    0.2346342779349674,
                    0.178467739180927
                ],
                "race": [
                    0.10777058279370953,
                    0.21933835395373857,
                    0.1726778656126482
                ]
            },
            "Validation": {
                "sex": [
                    0.2366585714020875,
                    0.2628613787991104,
                    0.18413018771799192
                ],
                "race": [
                    0.0,
                    0.11473018959649978,
                    0.07866666666666668
                ]
            },
            "Test": {
                "sex": [
                    0.19509204333758212,
                    0.18785394336906097,
                    0.1510783036618903
                ],
                "race": [
                    0.10292812777284825,
                    0.0,
                    0.0
                ]
            }
        }
    }
}