{
    "CatBoost": {
        "AUC": {
            "Train": [
                0.8725912952210632,
                0.8734836500943096,
                0.8740977375467455
            ],
            "Validation": [
                0.8772402233109873,
                0.8774096767528636,
                0.8759283332266601
            ],
            "Test": [
                0.8806529190548122,
                0.8808612412447852,
                0.880274636546477
            ]
        },
        "DPR": {
            "Train": {
                "sex": [
                    0.565410511346661,
                    0.5593858355573649,
                    0.5661799955034058
                ],
                "race": [
                    0.3953626634958383,
                    0.31812093379257556,
                    0.23557692307692307
                ]
            },
            "Validation": {
                "sex": [
                    0.5330924141399951,
                    0.5432841832963784,
                    0.5392837018426622
                ],
                "race": [
                    0.2578616352201258,
                    0.2970769864141622,
                    0.23557506710836992
                ]
            },
            "Test": {
                "sex": [
                    0.5570172686413524,
                    0.558509279182356,
                    0.5461007199516368
                ],
                "race": [
                    0.1980577561972911,
                    0.3121843930246651,
                    0.29851092716682
                ]
            }
        },
        "EOR": {
            "Train": {
                "sex": [
                    0.7143830592751598,
                    0.7036403219935913,
                    0.7022122601943007
                ],
                "race": [
                    0.27782193958664547,
                    0.3955923883808499,
                    0.26070971867007675
                ]
            },
            "Validation": {
                "sex": [
                    0.6814936768641444,
                    0.7132721938224494,
                    0.6963396727111898
                ],
                "race": [
                    0.27043544690603516,
                    0.2524064171122995,
                    0.1772215269086358
                ]
            },
            "Test": {
                "sex": [
                    0.7029765966308364,
                    0.7145387117070016,
                    0.6749330295285895
                ],
                "race": [
                    0.20291545189504373,
                    0.22193877551020408,
                    0.24052000712948934
                ]
            }
        }
    }
}