{
    "CatBoost": {
        "AUC": {
            "Train": [
                0.9347479428213743,
                0.9332931763472067,
                0.9344688462925523
            ],
            "Validation": [
                0.9138851826769645,
                0.9133360771279916,
                0.9130029212627421
            ],
            "Test": [
                0.9154106865249787,
                0.9139153718624622,
                0.9147210552010526
            ]
        },
        "DPR": {
            "Train": {
                "sex": [
                    0.29754349357339477,
                    0.2972330445574042,
                    0.2965496562410786
                ],
                "race": [
                    0.3751717032967033,
                    0.30679390054390054,
                    0.33130729374252693
                ]
            },
            "Validation": {
                "sex": [
                    0.27719192646297697,
                    0.28189935911301306,
                    0.28857631189948263
                ],
                "race": [
                    0.16154452324665092,
                    0.2612504978096376,
                    0.25047728140511644
                ]
            },
            "Test": {
                "sex": [
                    0.28578447461655365,
                    0.28409571559423963,
                    0.2893616349802886
                ],
                "race": [
                    0.15963472715200303,
                    0.2831534518141861,
                    0.24140923290524122
                ]
            }
        },
        "EOR": {
            "Train": {
                "sex": [
                    0.1738460646603054,
                    0.1767599139256071,
                    0.17979150528408963
                ],
                "race": [
                    0.24859870928259478,
                    0.15358094174256745,
                    0.15002308208829945
                ]
            },
            "Validation": {
                "sex": [
                    0.22911293579216588,
                    0.239716659481914,
                    0.25892283427770313
                ],
                "race": [
                    0.15225806451612903,
                    0.26081996434937615,
                    0.1728937728937729
                ]
            },
            "Test": {
                "sex": [
                    0.19413033774735902,
                    0.18804993079041626,
                    0.1929057678988599
                ],
                "race": [
                    0.16283542241730392,
                    0.08298166724316845,
                    0.0826082964119281
                ]
            }
        }
    }
}