{
    "CatBoost": {
        "AUC": {
            "Train": [
                0.8801955297416166,
                0.8789411675384294,
                0.881380929973433
            ],
            "Validation": [
                0.8809174372748507,
                0.8797204402317658,
                0.8828743115118328
            ],
            "Test": [
                0.8843557850563746,
                0.8827755532607526,
                0.8867303344882091
            ]
        },
        "DPR": {
            "Train": {
                "sex": [
                    0.3514262714309618,
                    0.3273509702428943,
                    0.2982577174378901
                ],
                "race": [
                    0.22202190170940173,
                    0.23762344074844075,
                    0.1754514540337711
                ]
            },
            "Validation": {
                "sex": [
                    0.3095928775775394,
                    0.30677887589466896,
                    0.2792366219539705
                ],
                "race": [
                    0.19793590975147174,
                    0.24170647296461514,
                    0.17864923747276687
                ]
            },
            "Test": {
                "sex": [
                    0.3276279169297662,
                    0.31190034936881256,
                    0.27444626090479013
                ],
                "race": [
                    0.23255813953488372,
                    0.20403685827117157,
                    0.15672396359959553
                ]
            }
        },
        "EOR": {
            "Train": {
                "sex": [
                    0.3947719784133451,
                    0.29700622274932376,
                    0.25906607300457146
                ],
                "race": [
                    0.1726778656126482,
                    0.26238738738738737,
                    0.15828804347826086
                ]
            },
            "Validation": {
                "sex": [
                    0.3166825434627292,
                    0.30903006040733166,
                    0.21983302774354502
                ],
                "race": [
                    0.08898944193061839,
                    0.13461675579322638,
                    0.1622612681436211
                ]
            },
            "Test": {
                "sex": [
                    0.27993920972644376,
                    0.21399067644778008,
                    0.18640236746772795
                ],
                "race": [
                    0.09863945578231292,
                    0.0,
                    0.09863945578231292
                ]
            }
        }
    }
}