{
    "CatBoost": {
        "AUC": {
            "Train": [
                0.9459667701852342,
                0.945655437519776,
                0.9457232992283143
            ],
            "Validation": [
                0.924362859302839,
                0.9241920689083218,
                0.9239364138533082
            ],
            "Test": [
                0.9275073653322883,
                0.9276023456288665,
                0.9275290673111349
            ]
        },
        "DPR": {
            "Train": {
                "sex": [
                    0.33092317498274887,
                    0.3287910532875968,
                    0.3310433045705177
                ],
                "race": [
                    0.371757602862254,
                    0.330736074270557,
                    0.31236184792219274
                ]
            },
            "Validation": {
                "sex": [
                    0.3096916122311163,
                    0.31504209607555067,
                    0.3131375267093145
                ],
                "race": [
                    0.2699588477366255,
                    0.2285941855834329,
                    0.20024420024420023
                ]
            },
            "Test": {
                "sex": [
                    0.3111879055935,
                    0.3014828373987201,
                    0.30958309620516977
                ],
                "race": [
                    0.20717462073661141,
                    0.25908679687084246,
                    0.26063750053535484
                ]
            }
        },
        "EOR": {
            "Train": {
                "sex": [
                    0.18821098459559812,
                    0.178467739180927,
                    0.18757079164921592
                ],
                "race": [
                    0.38963210702341133,
                    0.2814009661835749,
                    0.2814009661835749
                ]
            },
            "Validation": {
                "sex": [
                    0.27566727131381186,
                    0.28909597523219815,
                    0.2836682111912232
                ],
                "race": [
                    0.0,
                    0.0,
                    0.0
                ]
            },
            "Test": {
                "sex": [
                    0.20371716525355943,
                    0.1850709219858156,
                    0.1878098151230264
                ],
                "race": [
                    0.15110859158478204,
                    0.13925570228091236,
                    0.13151927437641722
                ]
            }
        }
    }
}