{
    "CatBoost": {
        "AUC": {
            "Train": [
                0.7392104159327236,
                0.7394657864146845,
                0.7444297864405486
            ],
            "Validation": [
                0.7311250511649653,
                0.730791555756188,
                0.7308384552059747
            ],
            "Test": [
                0.7378236037108578,
                0.7394512101069624,
                0.7425876607632382
            ]
        },
        "DPR": {
            "Train": {
                "sex": [
                    0.8396175984503359,
                    0.8362477511811662,
                    0.7739860515616447
                ],
                "race": [
                    0.7923899810623141,
                    0.8752332640553252,
                    0.6901262283971534
                ]
            },
            "Validation": {
                "sex": [
                    0.8533259423503325,
                    0.8525717574422615,
                    0.8094082705555414
                ],
                "race": [
                    0.6896857016378929,
                    0.7739167739167739,
                    0.628813835862294
                ]
            },
            "Test": {
                "sex": [
                    0.8532244897055953,
                    0.8551385748626646,
                    0.7904986527787494
                ],
                "race": [
                    0.780240952102234,
                    0.8361863263824049,
                    0.6726382552575942
                ]
            }
        },
        "EOR": {
            "Train": {
                "sex": [
                    0.8793530800432152,
                    0.8720412999308438,
                    0.8362174560760481
                ],
                "race": [
                    0.8160191173146224,
                    0.8989996192551423,
                    0.7222963428033276
                ]
            },
            "Validation": {
                "sex": [
                    0.8981066059905256,
                    0.8942803353882484,
                    0.8804432936820643
                ],
                "race": [
                    0.680235294117647,
                    0.7956571428571428,
                    0.6424306287319985
                ]
            },
            "Test": {
                "sex": [
                    0.900274702903741,
                    0.8963167101661071,
                    0.8486052305468064
                ],
                "race": [
                    0.7747649272734048,
                    0.8168039145482755,
                    0.6380083948473007
                ]
            }
        }
    }
}