{
    "CatBoost": {
        "AUC": {
            "Train": [
                0.8566603498022343,
                0.852067143565423,
                0.8507038761998862
            ],
            "Validation": [
                0.8580936820965999,
                0.85468334934564,
                0.8513335614499935
            ],
            "Test": [
                0.8603889431590089,
                0.8574969286342715,
                0.8550973368415609
            ]
        },
        "DPR": {
            "Train": {
                "sex": [
                    0.32474313625529994,
                    0.36292412305561594,
                    0.38420042305457225
                ],
                "race": [
                    0.41197843413033286,
                    0.40782554706605345,
                    0.3685920752703817
                ]
            },
            "Validation": {
                "sex": [
                    0.30522939125720533,
                    0.3726314158735077,
                    0.3755894402299851
                ],
                "race": [
                    0.38072366314441247,
                    0.41260692557522527,
                    0.35484923943556884
                ]
            },
            "Test": {
                "sex": [
                    0.30777693880592516,
                    0.34706477824675075,
                    0.38024347852731494
                ],
                "race": [
                    0.3668064694359335,
                    0.27536505123443406,
                    0.328414590957384
                ]
            }
        },
        "EOR": {
            "Train": {
                "sex": [
                    0.31249845056176434,
                    0.3436995730852138,
                    0.3769172957854854
                ],
                "race": [
                    0.43565269813394947,
                    0.45687067275156606,
                    0.38770665232203694
                ]
            },
            "Validation": {
                "sex": [
                    0.306682042090222,
                    0.3897040037271935,
                    0.4035832256649033
                ],
                "race": [
                    0.37860962566844925,
                    0.4083044982698962,
                    0.30610991011491634
                ]
            },
            "Test": {
                "sex": [
                    0.2808621876681729,
                    0.3276728700321679,
                    0.37497852347735355
                ],
                "race": [
                    0.4009267699787299,
                    0.3979591836734694,
                    0.40277207775249035
                ]
            }
        }
    }
}