{
    "CatBoost": {
        "AUC": {
            "Train": [
                0.9310906222356549,
                0.9315909550260528,
                0.9310512422123814
            ],
            "Validation": [
                0.9108062868521445,
                0.9113786723542471,
                0.9103276790281448
            ],
            "Test": [
                0.9141989051698315,
                0.9136765450516904,
                0.9138183957401431
            ]
        },
        "DPR": {
            "Train": {
                "sex": [
                    0.30587028402953553,
                    0.3123283693675376,
                    0.3114133010033418
                ],
                "race": [
                    0.42794496191916775,
                    0.4251374504539061,
                    0.4346757906884489
                ]
            },
            "Validation": {
                "sex": [
                    0.2969924827883432,
                    0.3032331208852781,
                    0.3091997758899786
                ],
                "race": [
                    0.3584415126598454,
                    0.4018898625732714,
                    0.3685860837728599
                ]
            },
            "Test": {
                "sex": [
                    0.3016563804224356,
                    0.3118329065567177,
                    0.30297318668477535
                ],
                "race": [
                    0.2548743246417665,
                    0.31814803015822446,
                    0.2825477759814285
                ]
            }
        },
        "EOR": {
            "Train": {
                "sex": [
                    0.19922780395711454,
                    0.20419703316507115,
                    0.20290082252117295
                ],
                "race": [
                    0.41474888747616023,
                    0.4067514488414344,
                    0.42926164835015235
                ]
            },
            "Validation": {
                "sex": [
                    0.26458560705615075,
                    0.27479999537338695,
                    0.2939185660108851
                ],
                "race": [
                    0.3103221564760026,
                    0.35595776772247356,
                    0.24532224532224534
                ]
            },
            "Test": {
                "sex": [
                    0.22357561045266314,
                    0.2353433824314044,
                    0.22296233524295098
                ],
                "race": [
                    0.3722721437740693,
                    0.2407828705252593,
                    0.32785167638483964
                ]
            }
        }
    }
}