{
    "CatBoost": {
        "AUC": {
            "Train": [
                0.9461425932287635,
                0.946007625916477,
                0.9464818548408123
            ],
            "Validation": [
                0.9238047346289069,
                0.9233080885549895,
                0.9233804749908365
            ],
            "Test": [
                0.9279895778399979,
                0.927578983963351,
                0.9275848243797299
            ]
        },
        "DPR": {
            "Train": {
                "sex": [
                    0.36309717942325476,
                    0.3547158751949052,
                    0.36383555701232084
                ],
                "race": [
                    0.39060521309902946,
                    0.39563473459394705,
                    0.4071316290229172
                ]
            },
            "Validation": {
                "sex": [
                    0.34493350398816225,
                    0.3486308601559376,
                    0.35353956952754384
                ],
                "race": [
                    0.20024420024420023,
                    0.24158249158249157,
                    0.31417624521072796
                ]
            },
            "Test": {
                "sex": [
                    0.33604887543719797,
                    0.3278894817356356,
                    0.34354510470701977
                ],
                "race": [
                    0.21203830369357043,
                    0.26816894891652804,
                    0.31805745554035564
                ]
            }
        },
        "EOR": {
            "Train": {
                "sex": [
                    0.2589857424392987,
                    0.23642236161600796,
                    0.24633575267226546
                ],
                "race": [
                    0.37783783783783786,
                    0.37783783783783786,
                    0.41069330199764986
                ]
            },
            "Validation": {
                "sex": [
                    0.35114505554543796,
                    0.364608709407697,
                    0.371846599420753
                ],
                "race": [
                    0.0,
                    0.0,
                    0.0
                ]
            },
            "Test": {
                "sex": [
                    0.2663168637543541,
                    0.24261398176291793,
                    0.2770371286048778
                ],
                "race": [
                    0.0,
                    0.26303854875283444,
                    0.13151927437641722
                ]
            }
        }
    }
}