{
    "CatBoost": {
        "AUC": {
            "Train": [
                0.9064553098267132,
                0.9072033529753716,
                0.9066706588999582
            ],
            "Validation": [
                0.9060014912751745,
                0.9067937948759826,
                0.9059676218082697
            ],
            "Test": [
                0.9097645375211668,
                0.9102120016522915,
                0.910272779798277
            ]
        },
        "DPR": {
            "Train": {
                "sex": [
                    0.31192932622729597,
                    0.2894643417810354,
                    0.3064288335017063
                ],
                "race": [
                    0.35698496905393456,
                    0.28922025473749613,
                    0.3827085631830572
                ]
            },
            "Validation": {
                "sex": [
                    0.2875661563087741,
                    0.26666435698447893,
                    0.29059938374654937
                ],
                "race": [
                    0.2938401925546957,
                    0.25925925925925924,
                    0.24435930183056617
                ]
            },
            "Test": {
                "sex": [
                    0.28676072691250337,
                    0.27991080022285814,
                    0.29095653853050296
                ],
                "race": [
                    0.21203830369357043,
                    0.22886674049464747,
                    0.2538486734359646
                ]
            }
        },
        "EOR": {
            "Train": {
                "sex": [
                    0.23249770752330795,
                    0.2000940677113451,
                    0.22520052861593265
                ],
                "race": [
                    0.2623873873873874,
                    0.18891891891891893,
                    0.2798798798798799
                ]
            },
            "Validation": {
                "sex": [
                    0.2361617107063143,
                    0.19972015784514457,
                    0.24843199530265828
                ],
                "race": [
                    0.2116957046748318,
                    0.16275862068965516,
                    0.22629540844550985
                ]
            },
            "Test": {
                "sex": [
                    0.18338984837570496,
                    0.16679450303611376,
                    0.19458006053750734
                ],
                "race": [
                    0.2572062084257206,
                    0.15782312925170067,
                    0.28292682926829266
                ]
            }
        }
    }
}