{
    "CatBoost": {
        "AUC": {
            "Train": [
                0.9267898095429393,
                0.9270969340941521,
                0.9269768490099408
            ],
            "Validation": [
                0.9093767873783521,
                0.9088168801008987,
                0.9074343225198339
            ],
            "Test": [
                0.9141138409758823,
                0.914300839343465,
                0.9135906825274448
            ]
        },
        "DPR": {
            "Train": {
                "sex": [
                    0.3762623110124195,
                    0.31865155663576317,
                    0.33936595793294977
                ],
                "race": [
                    0.4381726334285087,
                    0.4076628352490422,
                    0.4049679487179487
                ]
            },
            "Validation": {
                "sex": [
                    0.36068416119962515,
                    0.31728997602620235,
                    0.32660580742799467
                ],
                "race": [
                    0.39484915915806373,
                    0.2952674897119341,
                    0.29122272957889395
                ]
            },
            "Test": {
                "sex": [
                    0.35475457372578656,
                    0.3170803814684226,
                    0.32005894468196433
                ],
                "race": [
                    0.21627684858177296,
                    0.27099313124116353,
                    0.2652786556526667
                ]
            }
        },
        "EOR": {
            "Train": {
                "sex": [
                    0.3459217261957767,
                    0.23825112276316585,
                    0.24000833889848805
                ],
                "race": [
                    0.44729104104104106,
                    0.46282569995144845,
                    0.31886094014806887
                ]
            },
            "Validation": {
                "sex": [
                    0.3839953352122062,
                    0.2846233230134159,
                    0.2805820182241787
                ],
                "race": [
                    0.27505827505827507,
                    0.15128205128205127,
                    0.30256410256410254
                ]
            },
            "Test": {
                "sex": [
                    0.3371378252857619,
                    0.2632474321349963,
                    0.2284303951367781
                ],
                "race": [
                    0.15079830700247246,
                    0.29975010412328196,
                    0.28409584336636007
                ]
            }
        }
    }
}