{
    "CatBoost": {
        "AUC": {
            "Train": [
                0.878380685308352,
                0.880622499509314,
                0.8789449741349588
            ],
            "Validation": [
                0.8796451252329904,
                0.8830489005495682,
                0.8800559729017101
            ],
            "Test": [
                0.8827999023347927,
                0.8835076641599237,
                0.8827003631520483
            ]
        },
        "DPR": {
            "Train": {
                "sex": [
                    0.43430858291580426,
                    0.26516184305650375,
                    0.2427635660788563
                ],
                "race": [
                    0.2874106305672761,
                    0.22985796882855705,
                    0.2382943143812709
                ]
            },
            "Validation": {
                "sex": [
                    0.3761046422208836,
                    0.25993621013133206,
                    0.22318139053288946
                ],
                "race": [
                    0.15792007703418393,
                    0.22632625725534763,
                    0.18518518518518517
                ]
            },
            "Test": {
                "sex": [
                    0.40519704888037283,
                    0.26715135085179137,
                    0.24051586505379852
                ],
                "race": [
                    0.22069292833412435,
                    0.19661733615221985,
                    0.15230920406157877
                ]
            }
        },
        "EOR": {
            "Train": {
                "sex": [
                    0.5407841544025075,
                    0.2312441912344307,
                    0.1754104759829668
                ],
                "race": [
                    0.24329968673860075,
                    0.23187197417966648,
                    0.2302371541501976
                ]
            },
            "Validation": {
                "sex": [
                    0.3978384980259607,
                    0.22594931240550076,
                    0.16671634726095746
                ],
                "race": [
                    0.10085470085470086,
                    0.14957417310358487,
                    0.1622612681436211
                ]
            },
            "Test": {
                "sex": [
                    0.38900257487464424,
                    0.18017486584862472,
                    0.14941311193816204
                ],
                "race": [
                    0.13151927437641722,
                    0.0,
                    0.0975609756097561
                ]
            }
        }
    }
}