{
    "CatBoost": {
        "AUC": {
            "Train": [
                0.9268000352084107,
                0.9269669466444488,
                0.9271692385701464
            ],
            "Validation": [
                0.9083278737563583,
                0.9087476981070958,
                0.9071576582090335
            ],
            "Test": [
                0.9140628318716816,
                0.9139317586422301,
                0.9134963535003191
            ]
        },
        "DPR": {
            "Train": {
                "sex": [
                    0.360170793042536,
                    0.34960226394674226,
                    0.340210216004291
                ],
                "race": [
                    0.43315756823821344,
                    0.4076628352490422,
                    0.38218390804597707
                ]
            },
            "Validation": {
                "sex": [
                    0.34680041503212233,
                    0.34979454114563224,
                    0.33135643735422005
                ],
                "race": [
                    0.3659080767514502,
                    0.3328259766615931,
                    0.414353953653626
                ]
            },
            "Test": {
                "sex": [
                    0.3422147955699511,
                    0.34931267105380415,
                    0.32005688186167586
                ],
                "race": [
                    0.32318058106343905,
                    0.26318207864378923,
                    0.27334845541419156
                ]
            }
        },
        "EOR": {
            "Train": {
                "sex": [
                    0.2993652399163937,
                    0.2892334308454399,
                    0.2430058884050261
                ],
                "race": [
                    0.4356927389621866,
                    0.4292282236993775,
                    0.3434177661073396
                ]
            },
            "Validation": {
                "sex": [
                    0.3433647322310783,
                    0.35828853452854387,
                    0.28878274527039693
                ],
                "race": [
                    0.2241215574548908,
                    0.14407814407814407,
                    0.15128205128205127
                ]
            },
            "Test": {
                "sex": [
                    0.30331874812117976,
                    0.3146424175437715,
                    0.24249511161016785
                ],
                "race": [
                    0.15079830700247246,
                    0.2776513251803557,
                    0.45054463503192693
                ]
            }
        }
    }
}