{
    "CatBoost": {
        "AUC": {
            "Train": [
                0.8566862972328233,
                0.8553126164792466,
                0.852584303598287
            ],
            "Validation": [
                0.8592661046768554,
                0.859258783269536,
                0.8541552106095129
            ],
            "Test": [
                0.858870308848361,
                0.8584529081555028,
                0.8558362125395589
            ]
        },
        "DPR": {
            "Train": {
                "sex": [
                    0.28373367205792,
                    0.30018283200350604,
                    0.34809045314463266
                ],
                "race": [
                    0.27758243475543054,
                    0.23991075125950725,
                    0.19009868056325538
                ]
            },
            "Validation": {
                "sex": [
                    0.26596966011105455,
                    0.27803665120422355,
                    0.3325537019203787
                ],
                "race": [
                    0.2382970479257986,
                    0.2130122053319502,
                    0.2322723802252338
                ]
            },
            "Test": {
                "sex": [
                    0.2589120705578188,
                    0.2810449356855563,
                    0.3388856713949421
                ],
                "race": [
                    0.24774820619815788,
                    0.25605939743511075,
                    0.12336755282587969
                ]
            }
        },
        "EOR": {
            "Train": {
                "sex": [
                    0.25079553999269005,
                    0.25539515298687554,
                    0.32809220738311834
                ],
                "race": [
                    0.24490982050663748,
                    0.18295587160419058,
                    0.19236409131879517
                ]
            },
            "Validation": {
                "sex": [
                    0.23834528271142252,
                    0.23379772961816309,
                    0.35624267455489206
                ],
                "race": [
                    0.1553270259152612,
                    0.17734426956328972,
                    0.22289129555565543
                ]
            },
            "Test": {
                "sex": [
                    0.2101800191659857,
                    0.2256479690522244,
                    0.3050619593172785
                ],
                "race": [
                    0.29358024691358026,
                    0.20504273504273504,
                    0.06962785114045618
                ]
            }
        }
    }
}