{
    "CatBoost": {
        "AUC": {
            "Train": [
                0.8931712786973055,
                0.8970221256076736,
                0.8977876634568194
            ],
            "Validation": [
                0.8935884165404555,
                0.8968406068933108,
                0.8978374642481886
            ],
            "Test": [
                0.8965021284115963,
                0.9010527791705374,
                0.9026092711441875
            ]
        },
        "DPR": {
            "Train": {
                "sex": [
                    0.24667289804906067,
                    0.25887238032237553,
                    0.26246015844253295
                ],
                "race": [
                    0.3378421286594272,
                    0.28922025473749613,
                    0.36297564610412403
                ]
            },
            "Validation": {
                "sex": [
                    0.2095791943352919,
                    0.23280572908520486,
                    0.25430243315076134
                ],
                "race": [
                    0.3287808545295075,
                    0.3150816522574448,
                    0.2717217918550441
                ]
            },
            "Test": {
                "sex": [
                    0.24610121211194558,
                    0.25258443004063724,
                    0.2702303032111937
                ],
                "race": [
                    0.09419378555121309,
                    0.22464470284237725,
                    0.25747508305647837
                ]
            }
        },
        "EOR": {
            "Train": {
                "sex": [
                    0.19435360191747683,
                    0.19124031648079814,
                    0.19835072220376856
                ],
                "race": [
                    0.26129780896515176,
                    0.2436692682594322,
                    0.2949087111983039
                ]
            },
            "Validation": {
                "sex": [
                    0.15452688815464266,
                    0.17908943837202618,
                    0.21840175411222706
                ],
                "race": [
                    0.23013526266121423,
                    0.23137254901960783,
                    0.17009997674959312
                ]
            },
            "Test": {
                "sex": [
                    0.16755392113942152,
                    0.14896934257016342,
                    0.19086764299530257
                ],
                "race": [
                    0.0,
                    0.2740252817544928,
                    0.22193877551020408
                ]
            }
        }
    }
}