{
    "CatBoost": {
        "AUC": {
            "Train": [
                0.5063032336881081,
                0.4756243287614545,
                0.48996258897789025
            ],
            "Validation": [
                0.506821005045447,
                0.4795805525425783,
                0.4869093237124807
            ],
            "Test": [
                0.5066648394706935,
                0.46628810824417627,
                0.48384364356602716
            ]
        },
        "DPR": {
            "Train": {
                "sex": [
                    0.8895933405746885,
                    0.991201016430888,
                    0.823884073119535
                ],
                "race": [
                    0.6889880500662762,
                    0.6533520862634786,
                    0.40360594133531036
                ]
            },
            "Validation": {
                "sex": [
                    0.8684474718115887,
                    0.9808697396342616,
                    0.8395784109738984
                ],
                "race": [
                    0.6699606831154683,
                    0.6804543142905577,
                    0.3948011064430633
                ]
            },
            "Test": {
                "sex": [
                    0.8862221524227752,
                    0.9666487032703471,
                    0.814114617582111
                ],
                "race": [
                    0.6194696894037751,
                    0.7069165940133683,
                    0.41656147437515784
                ]
            }
        },
        "EOR": {
            "Train": {
                "sex": [
                    0.8582594291263675,
                    0.9200196332214114,
                    0.5819516866586901
                ],
                "race": [
                    0.6559822278641702,
                    0.5036496350364964,
                    0.2659607278708749
                ]
            },
            "Validation": {
                "sex": [
                    0.8346747065521034,
                    0.8879823035358365,
                    0.560040828336115
                ],
                "race": [
                    0.6566154907710886,
                    0.49056603773584906,
                    0.11859838274932614
                ]
            },
            "Test": {
                "sex": [
                    0.8453527704539416,
                    0.8690475823671328,
                    0.560965882986737
                ],
                "race": [
                    0.6053272450532724,
                    0.525,
                    0.3277310924369748
                ]
            }
        }
    }
}