{
    "CatBoost": {
        "AUC": {
            "Train": [
                0.535860193825638,
                0.43761925858345807,
                0.3809575060764752
            ],
            "Validation": [
                0.5410699542855572,
                0.4341241203063837,
                0.36950656770557366
            ],
            "Test": [
                0.5354363692307873,
                0.43712487142155276,
                0.3789592193136435
            ]
        },
        "DPR": {
            "Train": {
                "sex": [
                    0.9825249999679712,
                    0.8055462158940231,
                    0.5580758009463779
                ],
                "race": [
                    0.8805573812821295,
                    0.7932366610015448,
                    0.8045854822780643
                ]
            },
            "Validation": {
                "sex": [
                    0.9831798900992962,
                    0.7985672791044408,
                    0.5643798882681564
                ],
                "race": [
                    0.8257393318262114,
                    0.7505500652619803,
                    0.8479960899315738
                ]
            },
            "Test": {
                "sex": [
                    0.9852844256326715,
                    0.7937382194064428,
                    0.5624456149492411
                ],
                "race": [
                    0.9162984208949764,
                    0.7938424947145877,
                    0.6317505604238843
                ]
            }
        },
        "EOR": {
            "Train": {
                "sex": [
                    0.98927207517,
                    0.7769797725350871,
                    0.42782578220479106
                ],
                "race": [
                    0.8651955429320516,
                    0.6194609410689813,
                    0.6760948905109488
                ]
            },
            "Validation": {
                "sex": [
                    0.9719982189679909,
                    0.7658842419145194,
                    0.4161941452562468
                ],
                "race": [
                    0.6,
                    0.6666666666666666,
                    0.6981132075471698
                ]
            },
            "Test": {
                "sex": [
                    0.9840296551716915,
                    0.7601647060697532,
                    0.4304250568256448
                ],
                "race": [
                    0.8007566204287515,
                    0.5897435897435898,
                    0.4884615384615385
                ]
            }
        }
    }
}