{
    "CatBoost": {
        "AUC": {
            "Train": [
                0.9305409340532701,
                0.9305698172562512,
                0.9309870358794146
            ],
            "Validation": [
                0.9108633726077673,
                0.9098450815676928,
                0.9090174654399865
            ],
            "Test": [
                0.9139859610676164,
                0.9123086691149075,
                0.9137806641292928
            ]
        },
        "DPR": {
            "Train": {
                "sex": [
                    0.3039590228474283,
                    0.32254167815120416,
                    0.2936657295690093
                ],
                "race": [
                    0.4308861644065847,
                    0.4430379746835443,
                    0.43910910375520823
                ]
            },
            "Validation": {
                "sex": [
                    0.29733177351506257,
                    0.30982451606902656,
                    0.28605812840153194
                ],
                "race": [
                    0.3580473321107327,
                    0.4077527264508109,
                    0.3651413540179734
                ]
            },
            "Test": {
                "sex": [
                    0.30632095048418095,
                    0.3231988025641649,
                    0.28671685700276583
                ],
                "race": [
                    0.2601294653560297,
                    0.3332477711039239,
                    0.2684314695695201
                ]
            }
        },
        "EOR": {
            "Train": {
                "sex": [
                    0.19401133757112857,
                    0.2254329337022236,
                    0.18497615961170938
                ],
                "race": [
                    0.4317135855597394,
                    0.47126412049488975,
                    0.43753728788693824
                ]
            },
            "Validation": {
                "sex": [
                    0.26714817952158565,
                    0.293227604114651,
                    0.25712055853016824
                ],
                "race": [
                    0.22138836772983114,
                    0.3996434937611408,
                    0.24532224532224534
                ]
            },
            "Test": {
                "sex": [
                    0.2306732488797318,
                    0.2586808364858265,
                    0.20839566688582373
                ],
                "race": [
                    0.24919441460794844,
                    0.31564625850340133,
                    0.33285509325681495
                ]
            }
        }
    }
}