{
    "CatBoost": {
        "AUC": {
            "Train": [
                0.8946640746351561,
                0.8974217295964861,
                0.8967988661139699
            ],
            "Validation": [
                0.896615807856392,
                0.8980798983270861,
                0.8987466981514061
            ],
            "Test": [
                0.8985735014090319,
                0.9025016226063274,
                0.9019349341480448
            ]
        },
        "DPR": {
            "Train": {
                "sex": [
                    0.2679386307107757,
                    0.24367388746265825,
                    0.2529177815439736
                ],
                "race": [
                    0.30821282906933634,
                    0.3185450172241587,
                    0.22049071618037136
                ]
            },
            "Validation": {
                "sex": [
                    0.22981405069920657,
                    0.22295073082899547,
                    0.24077020306946137
                ],
                "race": [
                    0.25847123719464143,
                    0.28610862676250726,
                    0.2553819707770868
                ]
            },
            "Test": {
                "sex": [
                    0.2698910996124618,
                    0.23879008844043806,
                    0.23944749046644628
                ],
                "race": [
                    0.09518363197356716,
                    0.09149166079398637,
                    0.23031108672204667
                ]
            }
        },
        "EOR": {
            "Train": {
                "sex": [
                    0.21180786628066062,
                    0.17751144854901316,
                    0.18737231365868232
                ],
                "race": [
                    0.2422037422037422,
                    0.22788400410778034,
                    0.18760064412238325
                ]
            },
            "Validation": {
                "sex": [
                    0.17398689739053513,
                    0.17346058878587792,
                    0.2047063954980073
                ],
                "race": [
                    0.18750190985485105,
                    0.20355356218733825,
                    0.1296141060846943
                ]
            },
            "Test": {
                "sex": [
                    0.19221130166618597,
                    0.1260653394794581,
                    0.14555349867425468
                ],
                "race": [
                    0.0,
                    0.0,
                    0.08454810495626822
                ]
            }
        }
    }
}