{
    "Random Forest": {
        "AUC": {
            "Train": [
                0.9908947723227685,
                0.9907507578255803,
                0.9910970173178242
            ],
            "Validation": [
                0.8853211046165865,
                0.8842467252300026,
                0.8871289829092462
            ],
            "Test": [
                0.8909140054151165,
                0.8908795301515277,
                0.8926774540137589
            ]
        },
        "DPR": {
            "Train": {
                "sex": [
                    0.36714004613923196,
                    0.3597379733505857,
                    0.3676349393267872
                ],
                "race": [
                    0.43881975867269984,
                    0.3996394230769231,
                    0.4298153382582533
                ]
            },
            "Validation": {
                "sex": [
                    0.30285054321410554,
                    0.29387126664589774,
                    0.2976377427785524
                ],
                "race": [
                    0.37926495179136865,
                    0.3945882374065196,
                    0.37994644226302215
                ]
            },
            "Test": {
                "sex": [
                    0.30865193685706505,
                    0.298185406810758,
                    0.3129721172010636
                ],
                "race": [
                    0.4421253377125603,
                    0.4322140873516788,
                    0.4350468020463329
                ]
            }
        },
        "EOR": {
            "Train": {
                "sex": [
                    0.2837550277738888,
                    0.2467295933376871,
                    0.2783036526831288
                ],
                "race": [
                    0.30080688542227,
                    0.2713509316770186,
                    0.28923738982910574
                ]
            },
            "Validation": {
                "sex": [
                    0.24554207209199466,
                    0.23649350117974388,
                    0.24541500810850655
                ],
                "race": [
                    0.3345852505907225,
                    0.3632189904786748,
                    0.36242972713560945
                ]
            },
            "Test": {
                "sex": [
                    0.22804272250851365,
                    0.21045971272755204,
                    0.2396801210496277
                ],
                "race": [
                    0.3811701151048655,
                    0.25950097353429,
                    0.30548575503412684
                ]
            }
        }
    },
    "SVM": {
        "AUC": {
            "Train": [
                0.6384053676974095,
                0.6251089312349288,
                0.6302728453672886
            ],
            "Validation": [
                0.6359179584741661,
                0.6196418970228993,
                0.6273438477513984
            ],
            "Test": [
                0.6462412949959438,
                0.6376784252455906,
                0.6462981655252154
            ]
        },
        "DPR": {
            "Train": {
                "sex": [
                    0.47968715809310725,
                    0.4386154374046222,
                    0.4473957028320367
                ],
                "race": [
                    0.5151742788461539,
                    0.5560611263736264,
                    0.5379170972980954
                ]
            },
            "Validation": {
                "sex": [
                    0.5586205911262487,
                    0.48571007879315803,
                    0.5011450846777277
                ],
                "race": [
                    0.37125070741369554,
                    0.3918757467144564,
                    0.37125070741369554
                ]
            },
            "Test": {
                "sex": [
                    0.5332757011765625,
                    0.4980986781950397,
                    0.5284810735822881
                ],
                "race": [
                    0.5930232558139535,
                    0.5930232558139535,
                    0.5930232558139535
                ]
            }
        },
        "EOR": {
            "Train": {
                "sex": [
                    0.9591154791154792,
                    0.8772770769899956,
                    0.9888094567970728
                ],
                "race": [
                    0.0,
                    0.0,
                    0.0
                ]
            },
            "Validation": {
                "sex": [
                    0.7891752832335627,
                    0.8025395392726006,
                    0.8043612633882883
                ],
                "race": [
                    0.0,
                    0.0,
                    0.0
                ]
            },
            "Test": {
                "sex": [
                    0.8057745884339385,
                    0.8411697690146471,
                    0.7982529440649202
                ],
                "race": [
                    0.0,
                    0.0,
                    0.0
                ]
            }
        }
    },
    "MLP": {
        "AUC": {
            "Train": [
                0.5058429692370683,
                0.6576040207254059,
                0.6777187755315729
            ],
            "Validation": [
                0.5066728791814149,
                0.6574389488004012,
                0.6806629196906555
            ],
            "Test": [
                0.5062064718284155,
                0.6650797260953962,
                0.6860757288556023
            ]
        },
        "DPR": {
            "Train": {
                "sex": [
                    1.0,
                    0.5380964154563096,
                    0.39194910441271275
                ],
                "race": [
                    1.0,
                    0.6011881699599638,
                    0.5086732301922176
                ]
            },
            "Validation": {
                "sex": [
                    1.0,
                    0.5581577974870657,
                    0.38530278519390015
                ],
                "race": [
                    1.0,
                    0.5055961396689229,
                    0.41661089637652454
                ]
            },
            "Test": {
                "sex": [
                    1.0,
                    0.5987561358415907,
                    0.3991754244722753
                ],
                "race": [
                    1.0,
                    0.42912513842746397,
                    0.4324127906976744
                ]
            }
        },
        "EOR": {
            "Train": {
                "sex": [
                    1.0,
                    0.7171715489938969,
                    0.46735043491483186
                ],
                "race": [
                    1.0,
                    0.40382388658250734,
                    0.2869022869022869
                ]
            },
            "Validation": {
                "sex": [
                    1.0,
                    0.6898544054890804,
                    0.4548712897010111
                ],
                "race": [
                    1.0,
                    0.4064171122994652,
                    0.22727272727272727
                ]
            },
            "Test": {
                "sex": [
                    1.0,
                    0.7820523954262556,
                    0.45252451143867134
                ],
                "race": [
                    1.0,
                    0.44672657252888315,
                    0.46153846153846156
                ]
            }
        }
    },