{
    "Random Forest": {
        "AUC": {
            "Train": [
                0.7265699655570803,
                0.762925616600849,
                0.7215920427740473
            ],
            "Validation": [
                0.7179095926309547,
                0.7563976579306079,
                0.7108766912026478
            ],
            "Test": [
                0.7273170728017987,
                0.7545145893391056,
                0.71042677771245
            ]
        },
        "DPR": {
            "Train": {
                "sex": [
                    0.9661974592265473,
                    0.9298618524247555,
                    0.901369604544926
                ],
                "race": [
                    0.8808296592418773,
                    0.835269314758101,
                    0.7713469096105752
                ]
            },
            "Validation": {
                "sex": [
                    0.9686244407337451,
                    0.9279772090912158,
                    0.9057613856227613
                ],
                "race": [
                    0.828377912983584,
                    0.845948368526871,
                    0.7792987512007684
                ]
            },
            "Test": {
                "sex": [
                    0.9709993023983542,
                    0.9443656119665089,
                    0.9211800088023864
                ],
                "race": [
                    0.9021810971579644,
                    0.8726168028493609,
                    0.7161605564298342
                ]
            }
        },
        "EOR": {
            "Train": {
                "sex": [
                    0.9792546305954861,
                    0.9444740826480297,
                    0.9224690808851405
                ],
                "race": [
                    0.8802304404162582,
                    0.8192749872907135,
                    0.7509773206799228
                ]
            },
            "Validation": {
                "sex": [
                    0.9934819175777965,
                    0.9425916919161775,
                    0.9283661655752459
                ],
                "race": [
                    0.8223537146614069,
                    0.8187561024386227,
                    0.7516147974163242
                ]
            },
            "Test": {
                "sex": [
                    0.9846582468096313,
                    0.9590310850113192,
                    0.9496551144426699
                ],
                "race": [
                    0.8981944444444444,
                    0.8764227642276423,
                    0.7258474837912935
                ]
            }
        }
    },
    "SVM": {
        "AUC": {
            "Train": [
                0.47277354776256597,
                0.5314901532212463,
                0.5128357757082407
            ],
            "Validation": [
                0.47621242929642676,
                0.5364204574296454,
                0.5142284866494031
            ],
            "Test": [
                0.47646404637576323,
                0.5341620239908338,
                0.5158568145032917
            ]
        },
        "DPR": {
            "Train": {
                "sex": [
                    NaN,
                    NaN,
                    NaN
                ],
                "race": [
                    NaN,
                    NaN,
                    NaN
                ]
            },
            "Validation": {
                "sex": [
                    NaN,
                    NaN,
                    NaN
                ],
                "race": [
                    NaN,
                    NaN,
                    NaN
                ]
            },
            "Test": {
                "sex": [
                    NaN,
                    NaN,
                    NaN
                ],
                "race": [
                    NaN,
                    NaN,
                    NaN
                ]
            }
        },
        "EOR": {
            "Train": {
                "sex": [
                    NaN,
                    NaN,
                    NaN
                ],
                "race": [
                    NaN,
                    NaN,
                    NaN
                ]
            },
            "Validation": {
                "sex": [
                    NaN,
                    NaN,
                    NaN
                ],
                "race": [
                    NaN,
                    NaN,
                    NaN
                ]
            },
            "Test": {
                "sex": [
                    NaN,
                    NaN,
                    NaN
                ],
                "race": [
                    NaN,
                    NaN,
                    NaN
                ]
            }
        }
    },
    "MLP": {
        "AUC": {
            "Train": [
                0.49740473027499893,
                0.5206686250302182,
                0.7121760768861581
            ],
            "Validation": [
                0.4999601460784165,
                0.518852220640138,
                0.717766750913075
            ],
            "Test": [
                0.4991419630009202,
                0.5206275943371155,
                0.720588282872626
            ]
        },
        "DPR": {
            "Train": {
                "sex": [
                    0.9941580691860116,
                    0.0,
                    0.5034340188788464
                ],
                "race": [
                    0.9950727845533274,
                    0.0,
                    0.3797306131851268
                ]
            },
            "Validation": {
                "sex": [
                    0.9952569554103627,
                    0.13333217849223947,
                    0.4770622941904475
                ],
                "race": [
                    0.9847560975609756,
                    0.0,
                    0.40260433344006835
                ]
            },
            "Test": {
                "sex": [
                    0.9954415559193186,
                    0.47097281416808046,
                    0.49318920925734416
                ],
                "race": [
                    0.9903225806451613,
                    0.0,
                    0.3889158969372873
                ]
            }
        },
        "EOR": {
            "Train": {
                "sex": [
                    0.9939110002091744,
                    0.0,
                    0.6318722657486875
                ],
                "race": [
                    0.9725308641975309,
                    0.0,
                    0.36315361167432175
                ]
            },
            "Validation": {
                "sex": [
                    0.991569332068021,
                    0.3931878306878307,
                    0.5726477571638074
                ],
                "race": [
                    0.9333333333333333,
                    0.0,
                    0.4305756527209814
                ]
            },
            "Test": {
                "sex": [
                    0.9995836250715026,
                    0.7828901083438863,
                    0.6285739641407114
                ],
                "race": [
                    0.9523809523809523,
                    0.0,
                    0.34496732026143795
                ]
            }
        }
    },
    "XGBoost": {
        "AUC": {
            "Train": [
                0.7436598475400729,
                0.6952453471397024,
                0.7314815596992184
            ],
            "Validation": [
                0.7343792575575174,
                0.6876179171007872,
                0.7199549603998872
            ],