{
    "Random Forest": {
        "AUC": {
            "Train": [
                0.8658142445553676,
                0.8650642094616764,
                0.8689045908388466
            ],
            "Validation": [
                0.871420510907751,
                0.8697111426811137,
                0.8716647912545812
            ],
            "Test": [
                0.8715699581250549,
                0.8710845522961597,
                0.8741157494054647
            ]
        },
        "DPR": {
            "Train": {
                "sex": [
                    0.4915895143021235,
                    0.5128213929406822,
                    0.4574843793077354
                ],
                "race": [
                    0.36713286713286714,
                    0.3468568577648766,
                    0.397322256021108
                ]
            },
            "Validation": {
                "sex": [
                    0.47178178471321586,
                    0.4725582652684134,
                    0.4419975811328361
                ],
                "race": [
                    0.32675134308179454,
                    0.31775183575115196,
                    0.34687888321920524
                ]
            },
            "Test": {
                "sex": [
                    0.49828161310586166,
                    0.5186870905379471,
                    0.4500935479956458
                ],
                "race": [
                    0.2252906976744186,
                    0.31007751937984496,
                    0.293401838831801
                ]
            }
        },
        "EOR": {
            "Train": {
                "sex": [
                    0.5409192841755464,
                    0.6015534220268312,
                    0.48415890710052606
                ],
                "race": [
                    0.3816259678379988,
                    0.38818955942243616,
                    0.322938322938323
                ]
            },
            "Validation": {
                "sex": [
                    0.5717581838018897,
                    0.5748279906928446,
                    0.4979928382259689
                ],
                "race": [
                    0.26894586894586897,
                    0.28045157456922165,
                    0.3222209580157015
                ]
            },
            "Test": {
                "sex": [
                    0.5499797496824829,
                    0.6204650020012443,
                    0.47844575275866863
                ],
                "race": [
                    0.23673469387755097,
                    0.35365853658536583,
                    0.2652439024390244
                ]
            }
        }
    },
    "SVM": {
        "AUC": {
            "Train": [
                0.6255251643146071,
                0.628011289009532,
                0.6219429692579265
            ],
            "Validation": [
                0.6133174319440174,
                0.6357936431000256,
                0.6098764553896678
            ],
            "Test": [
                0.6335859530506995,
                0.6418462766274141,
                0.6298811962668562
            ]
        },
        "DPR": {
            "Train": {
                "sex": [
                    0.35123682330620115,
                    0.35123682330620115,
                    0.35123682330620115
                ],
                "race": [
                    0.0,
                    0.0,
                    0.0
                ]
            },
            "Validation": {
                "sex": [
                    0.2976718403547672,
                    0.2976718403547672,
                    0.2976718403547672
                ],
                "race": [
                    0.0,
                    0.0,
                    0.0
                ]
            },
            "Test": {
                "sex": [
                    0.39080722877776886,
                    0.39080722877776886,
                    0.39080722877776886
                ],
                "race": [
                    0.0,
                    0.0,
                    0.0
                ]
            }
        },
        "EOR": {
            "Train": {
                "sex": [
                    0.9429152364502942,
                    0.9429152364502942,
                    0.9429152364502942
                ],
                "race": [
                    0.0,
                    0.0,
                    0.0
                ]
            },
            "Validation": {
                "sex": [
                    0.8778146917681802,
                    0.8778146917681802,
                    0.8778146917681802
                ],
                "race": [
                    0.0,
                    0.0,
                    0.0
                ]
            },
            "Test": {
                "sex": [
                    0.9434829510810938,
                    0.9434829510810938,
                    0.9434829510810938
                ],
                "race": [
                    0.0,
                    0.0,
                    0.0
                ]
            }
        }
    },
    "MLP": {
        "AUC": {
            "Train": [
                0.5000294880868129,
                0.5394418361436446,
                0.59273486022699
            ],
            "Validation": [
                0.5,
                0.5324126341769915,
                0.5976650058460907
            ],
            "Test": [
                0.5000587613115525,
                0.5386443965007418,
                0.596432186274156
            ]
        },
        "DPR": {
            "Train": {
                "sex": [
                    1.0,
                    0.0,
                    0.9816226421225273
                ],
                "race": [
                    1.0,
                    0.0,
                    0.9429190751445087
                ]
            },
            "Validation": {
                "sex": [
                    1.0,
                    0.0,
                    0.9777459357853205
                ],
                "race": [
                    1.0,
                    0.0,
                    0.9387924568734598
                ]
            },
            "Test": {
                "sex": [
                    1.0,
                    0.5831091984938138,
                    0.9831808547365378
                ],
                "race": [
                    1.0,
                    0.0,
                    0.8991596638655462
                ]
            }
        },
        "EOR": {
            "Train": {
                "sex": [
                    1.0,
                    0.0,
                    0.9832916067656678
                ],
                "race": [
                    1.0,
                    0.0,
                    0.9356699201419699
                ]
            },
            "Validation": {
                "sex": [
                    1.0,
                    0.0,
                    0.9799228848709379
                ],
                "race": [
                    1.0,
                    0.0,
                    0.9339957035445757
                ]
            },
            "Test": {
                "sex": [
                    1.0,
                    0.6323343182777543,
                    0.9851570514053682
                ],
                "race": [
                    1.0,
                    0.0,
                    0.8775510204081632
                ]
            }
        }
    },
    "XGBoost": {
        "AUC": {
            "Train": [
                0.8633313580747507,
                0.8626936592948014,
                0.8672047421223789
            ],
            "Validation": [
                0.867391444963135,
                0.8688711968790518,
                0.8708942184395565
            ],