{
    "Random Forest": {
        "AUC": {
            "Train": [
                0.9800074943020987,
                0.9790766667313267,
                0.9793120604032823
            ],
            "Validation": [
                0.905058769891521,
                0.9049498188620165,
                0.9047711765234172
            ],
            "Test": [
                0.9113845597794558,
                0.9108166318083447,
                0.9102570863053453
            ]
        },
        "DPR": {
            "Train": {
                "sex": [
                    0.35708279431738876,
                    0.35801994606097737,
                    0.36023715019793895
                ],
                "race": [
                    0.3781534325889165,
                    0.3781534325889165,
                    0.3347764800644382
                ]
            },
            "Validation": {
                "sex": [
                    0.3337219715812166,
                    0.33743515236252536,
                    0.32863367653607706
                ],
                "race": [
                    0.28707176794198547,
                    0.24720068906115417,
                    0.2792677735206471
                ]
            },
            "Test": {
                "sex": [
                    0.3284659196026148,
                    0.3297449825325619,
                    0.3189846222413048
                ],
                "race": [
                    0.27480808308873333,
                    0.2726901017161805,
                    0.2650478796169631
                ]
            }
        },
        "EOR": {
            "Train": {
                "sex": [
                    0.10814877960340465,
                    0.11695701354089877,
                    0.14567056515483778
                ],
                "race": [
                    0.19624231444883616,
                    0.19000478367173382,
                    0.0
                ]
            },
            "Validation": {
                "sex": [
                    0.2798397377526862,
                    0.3046848788205289,
                    0.2594667898119
                ],
                "race": [
                    0.0,
                    0.0,
                    0.11637080867850098
                ]
            },
            "Test": {
                "sex": [
                    0.23640654644284995,
                    0.2328855978788075,
                    0.21526292745144074
                ],
                "race": [
                    0.3053587339301625,
                    0.2785114045618247,
                    0.3536585365853659
                ]
            }
        }
    },
    "SVM": {
        "AUC": {
            "Train": [
                0.6300902643112907,
                0.6300903008129013,
                0.6300902643112907
            ],
            "Validation": [
                0.6190624659925936,
                0.6190624659925936,
                0.6190624659925936
            ],
            "Test": [
                0.6351188522632223,
                0.6351188522632223,
                0.6351188522632223
            ]
        },
        "DPR": {
            "Train": {
                "sex": [
                    0.42089425531847746,
                    0.42089425531847746,
                    0.42089425531847746
                ],
                "race": [
                    0.5635796458581268,
                    0.5635796458581268,
                    0.5635796458581268
                ]
            },
            "Validation": {
                "sex": [
                    0.47334949689646105,
                    0.47334949689646105,
                    0.47334949689646105
                ],
                "race": [
                    0.27129859387923905,
                    0.27129859387923905,
                    0.27129859387923905
                ]
            },
            "Test": {
                "sex": [
                    0.4709728141680804,
                    0.4709728141680804,
                    0.4709728141680804
                ],
                "race": [
                    0.6141700000525633,
                    0.6141700000525633,
                    0.6141700000525633
                ]
            }
        },
        "EOR": {
            "Train": {
                "sex": [
                    0.7471004784688996,
                    0.7471004784688996,
                    0.7471004784688996
                ],
                "race": [
                    0.0,
                    0.0,
                    0.0
                ]
            },
            "Validation": {
                "sex": [
                    0.6072570031960894,
                    0.6072570031960894,
                    0.6072570031960894
                ],
                "race": [
                    0.0,
                    0.0,
                    0.0
                ]
            },
            "Test": {
                "sex": [
                    0.7931610942249241,
                    0.7931610942249241,
                    0.7931610942249241
                ],
                "race": [
                    0.0,
                    0.0,
                    0.0
                ]
            }
        }
    },
    "MLP": {
        "AUC": {
            "Train": [
                0.6223242702963034,
                0.770663697312793,
                0.5002948808681293
            ],
            "Validation": [
                0.6236251033697827,
                0.7726563602190124,
                0.5005848637267516
            ],
            "Test": [
                0.627051073348781,
                0.7786414544435127,
                0.5002350452462099
            ]
        },
        "DPR": {
            "Train": {
                "sex": [
                    0.49286607453610437,
                    0.7809090529653169,
                    1.0
                ],
                "race": [
                    0.5309138454802539,
                    0.8714359642094017,
                    1.0
                ]
            },
            "Validation": {
                "sex": [
                    0.5333287139689579,
                    0.7935819360412354,
                    1.0
                ],
                "race": [
                    0.3150816522574448,
                    0.8963477366255145,
                    1.0
                ]
            },
            "Test": {
                "sex": [
                    0.5563049853372435,
                    0.7885910988482657,
                    1.0
                ],
                "race": [
                    0.47571819425444595,
                    0.8716490398440746,
                    1.0
                ]
            }
        },
        "EOR": {
            "Train": {
                "sex": [
                    0.7206568023199409,
                    0.8057272832405437,
                    1.0
                ],
                "race": [
                    0.41441441441441446,
                    0.875,
                    1.0
                ]
            },
            "Validation": {
                "sex": [
                    0.768482972136223,
                    0.8055878721422107,
                    1.0
                ],
                "race": [
                    0.21390374331550802,
                    0.875,
                    1.0
                ]
            },
            "Test": {
                "sex": [
                    0.8856222945066587,
                    0.8129272293324775,
                    1.0
                ],
                "race": [
                    0.38461538461538464,
                    0.8367346938775511,
                    1.0
                ]
            }
        }
    },