{
    "Random Forest": {
        "AUC": {
            "Train": [
                0.9500231524501236,
                0.9496520927207652,
                0.951730770795124
            ],
            "Validation": [
                0.8952856248645009,
                0.8950554780170181,
                0.8936544153136848
            ],
            "Test": [
                0.902053045014526,
                0.9006018486052308,
                0.9007726702799658
            ]
        },
        "DPR": {
            "Train": {
                "sex": [
                    0.3426145162858457,
                    0.32285238170066943,
                    0.3386728499332608
                ],
                "race": [
                    0.31576448243114913,
                    0.41078243740836495,
                    0.4019354880852843
                ]
            },
            "Validation": {
                "sex": [
                    0.3224286576026405,
                    0.30582859587994377,
                    0.3241164338957691
                ],
                "race": [
                    0.22777777777777777,
                    0.24296296296296294,
                    0.16641298833079654
                ]
            },
            "Test": {
                "sex": [
                    0.32716432129233064,
                    0.2996336523130585,
                    0.28835376116448264
                ],
                "race": [
                    0.20227053190273897,
                    0.20831817890075094,
                    0.15502637640240732
                ]
            }
        },
        "EOR": {
            "Train": {
                "sex": [
                    0.31568585940022464,
                    0.24505615546142392,
                    0.2815559491251687
                ],
                "race": [
                    0.396710188643184,
                    0.37253585774295833,
                    0.4600707850707851
                ]
            },
            "Validation": {
                "sex": [
                    0.26418436780848,
                    0.2630016912677766,
                    0.25447101716259096
                ],
                "race": [
                    0.2630992196209587,
                    0.27505827505827507,
                    0.12606837606837606
                ]
            },
            "Test": {
                "sex": [
                    0.24553508656006343,
                    0.21188134678767742,
                    0.19528080903345515
                ],
                "race": [
                    0.1196071262381174,
                    0.2955161369795516,
                    0.14459356290432757
                ]
            }
        }
    },
    "SVM": {
        "AUC": {
            "Train": [
                0.6276117215223299,
                0.6328735746903256,
                0.6215992075187478
            ],
            "Validation": [
                0.6170279636165528,
                0.6282473730790538,
                0.619834757746728
            ],
            "Test": [
                0.6292290864668603,
                0.6387950162172397,
                0.6364064539878342
            ]
        },
        "DPR": {
            "Train": {
                "sex": [
                    0.4216562047771414,
                    0.42601081730725027,
                    0.4211274377313963
                ],
                "race": [
                    0.5542532687399072,
                    0.5455930614158462,
                    0.5542532687399072
                ]
            },
            "Validation": {
                "sex": [
                    0.46456140127955065,
                    0.46610240548547577,
                    0.4658963478349517
                ],
                "race": [
                    0.2519201228878648,
                    0.2519201228878648,
                    0.2519201228878648
                ]
            },
            "Test": {
                "sex": [
                    0.4795195987613885,
                    0.4805401289526582,
                    0.4850792462832597
                ],
                "race": [
                    0.46124031007751937,
                    0.46124031007751937,
                    0.46124031007751937
                ]
            }
        },
        "EOR": {
            "Train": {
                "sex": [
                    0.6791822531535451,
                    0.6225837320574162,
                    0.6791822531535451
                ],
                "race": [
                    0.0,
                    0.0,
                    0.0
                ]
            },
            "Validation": {
                "sex": [
                    0.7490581471709852,
                    0.7561202918646148,
                    0.7468806525571161
                ],
                "race": [
                    0.0,
                    0.0,
                    0.0
                ]
            },
            "Test": {
                "sex": [
                    0.7898388371161693,
                    0.8027101110867695,
                    0.780573865419792
                ],
                "race": [
                    0.0,
                    0.0,
                    0.0
                ]
            }
        }
    },
    "MLP": {
        "AUC": {
            "Train": [
                0.5861271248891133,
                0.6761395594234748,
                0.6407506013901065
            ],
            "Validation": [
                0.5828323227103178,
                0.6760555262321992,
                0.6435035518799592
            ],
            "Test": [
                0.5884990940841918,
                0.683346783798248,
                0.648076278190881
            ]
        },
        "DPR": {
            "Train": {
                "sex": [
                    0.4917431503444916,
                    0.5429321803631876,
                    0.4459790705351661
                ],
                "race": [
                    0.3723309039764736,
                    0.4012512200933035,
                    0.48992030004688236
                ]
            },
            "Validation": {
                "sex": [
                    0.43070079109165055,
                    0.5348243076704973,
                    0.448786236347212
                ],
                "race": [
                    0.23342939481268016,
                    0.34582132564841495,
                    0.3252455765238139
                ]
            },
            "Test": {
                "sex": [
                    0.531866268929206,
                    0.5767710550319246,
                    0.45480872604665595
                ],
                "race": [
                    0.2767441860465116,
                    0.3739786297925833,
                    0.31932021466905186
                ]
            }
        },
        "EOR": {
            "Train": {
                "sex": [
                    0.8552544903605463,
                    0.6298305927707847,
                    0.6688151668321298
                ],
                "race": [
                    0.0,
                    0.25900900900900903,
                    0.1776061776061776
                ]
            },
            "Validation": {
                "sex": [
                    0.6861455108359134,
                    0.5806456808461139,
                    0.6119676177725712
                ],
                "race": [
                    0.0,
                    0.25447169463396646,
                    0.1336898395721925
                ]
            },
            "Test": {
                "sex": [
                    0.6640418463278432,
                    0.6639120999725624,
                    0.6101239186345568
                ],