{
    "Random Forest": {
        "AUC": {
            "Train": [
                0.9384201404206528,
                0.9375826526825869,
                0.9393181895451462
            ],
            "Validation": [
                0.8973298254525562,
                0.8975728112896865,
                0.8950215236642315
            ],
            "Test": [
                0.9026877806262296,
                0.9034160469347623,
                0.9029075525533481
            ]
        },
        "DPR": {
            "Train": {
                "sex": [
                    0.35895178371081427,
                    0.3406245678408803,
                    0.33219822191983084
                ],
                "race": [
                    0.36815268065268064,
                    0.46029158411577226,
                    0.4072758451739344
                ]
            },
            "Validation": {
                "sex": [
                    0.32525385636299897,
                    0.33678379569820727,
                    0.3102421904347161
                ],
                "race": [
                    0.25925925925925924,
                    0.354978354978355,
                    0.29995427526291724
                ]
            },
            "Test": {
                "sex": [
                    0.3356849624023419,
                    0.33915535014436116,
                    0.2933707036025417
                ],
                "race": [
                    0.21555626888635532,
                    0.20576270828270446,
                    0.20812670998632013
                ]
            }
        },
        "EOR": {
            "Train": {
                "sex": [
                    0.3323192384748296,
                    0.2680452565361805,
                    0.22855985918601748
                ],
                "race": [
                    0.4297241220318143,
                    0.4678685949872391,
                    0.24583935080118288
                ]
            },
            "Validation": {
                "sex": [
                    0.2711908447589562,
                    0.30858003514350263,
                    0.2540198274158487
                ],
                "race": [
                    0.12102564102564102,
                    0.2630992196209587,
                    0.10805860805860805
                ]
            },
            "Test": {
                "sex": [
                    0.25129856450690663,
                    0.2653279105236401,
                    0.1863038148783932
                ],
                "race": [
                    0.13925570228091236,
                    0.24520459268849443,
                    0.25150265585686327
                ]
            }
        }
    },
    "SVM": {
        "AUC": {
            "Train": [
                0.6312599740650843,
                0.6308604900101349,
                0.6388178046095903
            ],
            "Validation": [
                0.6246757147094161,
                0.6242918607511619,
                0.6398899811061004
            ],
            "Test": [
                0.6355272822445922,
                0.6369036036755631,
                0.6453607786964133
            ]
        },
        "DPR": {
            "Train": {
                "sex": [
                    0.4216562047771414,
                    0.42601081730725027,
                    0.4211274377313963
                ],
                "race": [
                    0.5542532687399072,
                    0.5455930614158462,
                    0.5542532687399072
                ]
            },
            "Validation": {
                "sex": [
                    0.46456140127955065,
                    0.46610240548547577,
                    0.4658963478349517
                ],
                "race": [
                    0.2519201228878648,
                    0.2519201228878648,
                    0.2519201228878648
                ]
            },
            "Test": {
                "sex": [
                    0.4795195987613885,
                    0.4805401289526582,
                    0.4850792462832597
                ],
                "race": [
                    0.46124031007751937,
                    0.46124031007751937,
                    0.46124031007751937
                ]
            }
        },
        "EOR": {
            "Train": {
                "sex": [
                    0.6791822531535451,
                    0.6225837320574162,
                    0.6791822531535451
                ],
                "race": [
                    0.0,
                    0.0,
                    0.0
                ]
            },
            "Validation": {
                "sex": [
                    0.7490581471709852,
                    0.7561202918646148,
                    0.7468806525571161
                ],
                "race": [
                    0.0,
                    0.0,
                    0.0
                ]
            },
            "Test": {
                "sex": [
                    0.7898388371161693,
                    0.8027101110867695,
                    0.780573865419792
                ],
                "race": [
                    0.0,
                    0.0,
                    0.0
                ]
            }
        }
    },
    "MLP": {
        "AUC": {
            "Train": [
                0.5999784119046143,
                0.5903575989782889,
                0.6516608441383315
            ],
            "Validation": [
                0.5985945062536279,
                0.5876811528385585,
                0.6511187280156177
            ],
            "Test": [
                0.6012058653074772,
                0.5915575394670338,
                0.6581815010651616
            ]
        },
        "DPR": {
            "Train": {
                "sex": [
                    0.505105918251619,
                    0.5170986565341295,
                    0.5551304286921235
                ],
                "race": [
                    0.4077909900694711,
                    0.3586206896551724,
                    0.5879752431476569
                ]
            },
            "Validation": {
                "sex": [
                    0.45415106175507897,
                    0.4679529361276018,
                    0.5565995127084761
                ],
                "race": [
                    0.2489913544668588,
                    0.23342939481268016,
                    0.5251360870957412
                ]
            },
            "Test": {
                "sex": [
                    0.5391009570980544,
                    0.5454610069994684,
                    0.5906429090686693
                ],
                "race": [
                    0.2574750830564784,
                    0.2767441860465116,
                    0.4218365507919453
                ]
            }
        },
        "EOR": {
            "Train": {
                "sex": [
                    0.8686644039724712,
                    0.8761143559790963,
                    0.743907910369638
                ],
                "race": [
                    0.0,
                    0.0,
                    0.31081081081081086
                ]
            },
            "Validation": {
                "sex": [
                    0.6916346749226007,
                    0.7178137651821862,
                    0.6944624261187728
                ],
                "race": [
                    0.0,
                    0.0,
                    0.44919786096256686
                ]
            },
            "Test": {
                "sex": [
                    0.7482651832310605,
                    0.72970820668693,
                    0.7542203686686616
                ],