{
    "Random Forest": {
        "AUC": {
            "Train": [
                0.999927158428879,
                0.999884023954234,
                0.9998794560383988
            ],
            "Validation": [
                0.9064244776250154,
                0.905602867173458,
                0.9056289271392218
            ],
            "Test": [
                0.9118354903447622,
                0.9118266666941182,
                0.9111491573854819
            ]
        },
        "DPR": {
            "Train": {
                "sex": [
                    0.3788687139247085,
                    0.3794331065609019,
                    0.38008018924103143
                ],
                "race": [
                    0.3855817549284886,
                    0.3855817549284886,
                    0.3855817549284886
                ]
            },
            "Validation": {
                "sex": [
                    0.3249634471754176,
                    0.31290051565517485,
                    0.3207014714775247
                ],
                "race": [
                    0.14462081128747795,
                    0.13497942386831274,
                    0.17255892255892255
                ]
            },
            "Test": {
                "sex": [
                    0.31941647221248165,
                    0.30583825396505515,
                    0.3195022703693223
                ],
                "race": [
                    0.25968103264348197,
                    0.20585623678646933,
                    0.20566926472762606
                ]
            }
        },
        "EOR": {
            "Train": {
                "sex": [
                    0.0,
                    0.0,
                    0.0
                ],
                "race": [
                    0.0,
                    0.0,
                    0.0
                ]
            },
            "Validation": {
                "sex": [
                    0.2685268875412848,
                    0.2565940608569806,
                    0.26892477279536603
                ],
                "race": [
                    0.0,
                    0.0916860916860917,
                    0.0
                ]
            },
            "Test": {
                "sex": [
                    0.22923731046963122,
                    0.20269672407970282,
                    0.23355030307961433
                ],
                "race": [
                    0.13401236406971548,
                    0.13114067055393586,
                    0.13328271417459905
                ]
            }
        }
    },
    "SVM": {
        "AUC": {
            "Train": [
                0.6335669801424981,
                0.6335668341360559,
                0.6335669801424981
            ],
            "Validation": [
                0.6249250245447528,
                0.6249250245447528,
                0.6249250245447528
            ],
            "Test": [
                0.6392039924246018,
                0.6392039924246018,
                0.6392039924246018
            ]
        },
        "DPR": {
            "Train": {
                "sex": [
                    0.42089425531847746,
                    0.42089425531847746,
                    0.42089425531847746
                ],
                "race": [
                    0.5635796458581268,
                    0.5635796458581268,
                    0.5635796458581268
                ]
            },
            "Validation": {
                "sex": [
                    0.47334949689646105,
                    0.47334949689646105,
                    0.47334949689646105
                ],
                "race": [
                    0.27129859387923905,
                    0.27129859387923905,
                    0.27129859387923905
                ]
            },
            "Test": {
                "sex": [
                    0.4709728141680804,
                    0.4709728141680804,
                    0.4709728141680804
                ],
                "race": [
                    0.6141700000525633,
                    0.6141700000525633,
                    0.6141700000525633
                ]
            }
        },
        "EOR": {
            "Train": {
                "sex": [
                    0.7471004784688996,
                    0.7471004784688996,
                    0.7471004784688996
                ],
                "race": [
                    0.0,
                    0.0,
                    0.0
                ]
            },
            "Validation": {
                "sex": [
                    0.6072570031960894,
                    0.6072570031960894,
                    0.6072570031960894
                ],
                "race": [
                    0.0,
                    0.0,
                    0.0
                ]
            },
            "Test": {
                "sex": [
                    0.7931610942249241,
                    0.7931610942249241,
                    0.7931610942249241
                ],
                "race": [
                    0.0,
                    0.0,
                    0.0
                ]
            }
        }
    },
    "MLP": {
        "AUC": {
            "Train": [
                0.6669753972887438,
                0.6466602851422385,
                0.6528316593694733
            ],
            "Validation": [
                0.6672826127738651,
                0.6461702418619482,
                0.654804748889735
            ],
            "Test": [
                0.6736070491388684,
                0.6533723173423434,
                0.6603749975892526
            ]
        },
        "DPR": {
            "Train": {
                "sex": [
                    0.5092428235036736,
                    0.5359440297944844,
                    0.43702301155902806
                ],
                "race": [
                    0.5916496185483527,
                    0.5955108856545352,
                    0.5040240662603532
                ]
            },
            "Validation": {
                "sex": [
                    0.5020713534433047,
                    0.5436702679794363,
                    0.42385597794375074
                ],
                "race": [
                    0.4726224783861671,
                    0.48909016055990123,
                    0.33010217448257795
                ]
            },
            "Test": {
                "sex": [
                    0.5512937592200011,
                    0.5766128838938382,
                    0.43395046666259984
                ],
                "race": [
                    0.41914548404542995,
                    0.43680914441573354,
                    0.3953488372093023
                ]
            }
        },
        "EOR": {
            "Train": {
                "sex": [
                    0.663984305220378,
                    0.7159705771846601,
                    0.6285168205936995
                ],
                "race": [
                    0.46621621621621623,
                    0.2925278219395867,
                    0.11302211302211303
                ]
            },
            "Validation": {
                "sex": [
                    0.5988179003658879,
                    0.665801573856951,
                    0.5828382092044387
                ],
                "race": [
                    0.38027332144979203,
                    0.3500243072435586,
                    0.16042780748663102
                ]
            },
            "Test": {
                "sex": [
                    0.7084978313582186,
                    0.7465045592705166,
                    0.5203808237242887
                ],
                "race": [
                    0.39955555555555555,
                    0.47154471544715443,
                    0.32666666666666666
                ]
            }
        }
    },