{
    "Random Forest": {
        "AUC": {
            "Train": [
                0.8761233683519356,
                0.8788492199814406,
                0.8808573456571113
            ],
            "Validation": [
                0.8786837501767748,
                0.8762462945190375,
                0.8841827424964701
            ],
            "Test": [
                0.8781272961187324,
                0.8778243087625616,
                0.8839079007514095
            ]
        },
        "DPR": {
            "Train": {
                "sex": [
                    0.5710719169804528,
                    0.5175989132157168,
                    0.5169272615535083
                ],
                "race": [
                    0.3209177853821181,
                    0.39633886760323545,
                    0.40932735025562034
                ]
            },
            "Validation": {
                "sex": [
                    0.531346079344538,
                    0.504861650779618,
                    0.4770407230487513
                ],
                "race": [
                    0.3250842443926017,
                    0.33389249716833697,
                    0.2024691358024691
                ]
            },
            "Test": {
                "sex": [
                    0.582470757765536,
                    0.517351966770401,
                    0.5112269008491129
                ],
                "race": [
                    0.2837617299061608,
                    0.27019327268606946,
                    0.221824686940966
                ]
            }
        },
        "EOR": {
            "Train": {
                "sex": [
                    0.6400502100625064,
                    0.5532499914608738,
                    0.5593239920453494
                ],
                "race": [
                    0.30470793374019184,
                    0.27782193958664547,
                    0.26238738738738737
                ]
            },
            "Validation": {
                "sex": [
                    0.6175309597523219,
                    0.6062658842012846,
                    0.5809365325077399
                ],
                "race": [
                    0.28815628815628813,
                    0.23274161735700197,
                    0.09833333333333333
                ]
            },
            "Test": {
                "sex": [
                    0.6720154515911461,
                    0.5884102353147307,
                    0.5719696904833255
                ],
                "race": [
                    0.5158730158730158,
                    0.1483611626468769,
                    0.23673469387755097
                ]
            }
        }
    },
    "SVM": {
        "AUC": {
            "Train": [
                0.6301534433846463,
                0.6288173592899414,
                0.6290956997139734
            ],
            "Validation": [
                0.6327245940375138,
                0.6309356240750622,
                0.6290389339283947
            ],
            "Test": [
                0.637388526304542,
                0.6342776222177506,
                0.6347607591079087
            ]
        },
        "DPR": {
            "Train": {
                "sex": [
                    0.3785297355021078,
                    0.4452793986821671,
                    0.4241187719207371
                ],
                "race": [
                    0.356305672761369,
                    0.29398762157382846,
                    0.4231129864041256
                ]
            },
            "Validation": {
                "sex": [
                    0.499995669345898,
                    0.4525213330645703,
                    0.47406996797240697
                ],
                "race": [
                    0.0,
                    0.0,
                    0.18004665843282555
                ]
            },
            "Test": {
                "sex": [
                    0.41935935508116745,
                    0.39721868219545037,
                    0.40564118156091394
                ],
                "race": [
                    0.0,
                    0.0,
                    0.0
                ]
            }
        },
        "EOR": {
            "Train": {
                "sex": [
                    0.535403217542781,
                    0.535403217542781,
                    0.535403217542781
                ],
                "race": [
                    0.0,
                    0.0,
                    0.0
                ]
            },
            "Validation": {
                "sex": [
                    0.6782169890664423,
                    0.7493692178301095,
                    0.7153069806560135
                ],
                "race": [
                    0.0,
                    0.0,
                    0.3018867924528302
                ]
            },
            "Test": {
                "sex": [
                    0.6303889634029507,
                    0.6303889634029507,
                    0.6303889634029507
                ],
                "race": [
                    0.0,
                    0.0,
                    0.0
                ]
            }
        }
    },
    "MLP": {
        "AUC": {
            "Train": [
                0.5846648442976872,
                0.6039553666649354,
                0.5104006802648724
            ],
            "Validation": [
                0.5835801461089755,
                0.6030053888953308,
                0.5103167329936653
            ],
            "Test": [
                0.5864427002841595,
                0.6077154295355234,
                0.5110848791914074
            ]
        },
        "DPR": {
            "Train": {
                "sex": [
                    0.475106886281938,
                    0.5449814272295972,
                    1.0
                ],
                "race": [
                    0.2559774964838256,
                    0.4316780266147355,
                    1.0
                ]
            },
            "Validation": {
                "sex": [
                    0.44356051458804413,
                    0.5135757986367743,
                    1.0
                ],
                "race": [
                    0.196926032660903,
                    0.36885602145001567,
                    1.0
                ]
            },
            "Test": {
                "sex": [
                    0.5038161066484208,
                    0.544540316530658,
                    1.0
                ],
                "race": [
                    0.41625341997264026,
                    0.0,
                    1.0
                ]
            }
        },
        "EOR": {
            "Train": {
                "sex": [
                    0.7337007055215888,
                    0.7553956287113495,
                    1.0
                ],
                "race": [
                    0.1897810218978102,
                    0.34984984984984985,
                    1.0
                ]
            },
            "Validation": {
                "sex": [
                    0.6487193920630453,
                    0.672865275142315,
                    1.0
                ],
                "race": [
                    0.0,
                    0.0,
                    1.0
                ]
            },
            "Test": {
                "sex": [
                    0.8328191489361703,
                    0.853022308883409,
                    1.0
                ],
                "race": [
                    0.0,
                    0.0,
                    1.0
                ]
            }
        }
    },
    "XGBoost": {
        "AUC": {
            "Train": [
                0.8819519768125084,
                0.8826672415148878,
                0.8873696814285436
            ],