{
    "Random Forest": {
        "AUC": {
            "Train": [
                0.9379581395358539,
                0.9370444990091378,
                0.9397416864453251
            ],
            "Validation": [
                0.8990707287843442,
                0.8980454771019484,
                0.8978125502418314
            ],
            "Test": [
                0.9025775900366363,
                0.9035065103625584,
                0.9032466118337004
            ]
        },
        "DPR": {
            "Train": {
                "sex": [
                    0.34323577008729483,
                    0.3247933244196205,
                    0.35021509206911433
                ],
                "race": [
                    0.42582873086114825,
                    0.42464878671775225,
                    0.372669891458235
                ]
            },
            "Validation": {
                "sex": [
                    0.327534868568633,
                    0.3053609616011802,
                    0.3358194929532086
                ],
                "race": [
                    0.3578705186133941,
                    0.26245999085505256,
                    0.2892416225749559
                ]
            },
            "Test": {
                "sex": [
                    0.3236641366089011,
                    0.3155377823365931,
                    0.30297429099690665
                ],
                "race": [
                    0.262206878722923,
                    0.2651544033549371,
                    0.3140663806728381
                ]
            }
        },
        "EOR": {
            "Train": {
                "sex": [
                    0.26355119623229917,
                    0.2598581221449676,
                    0.2771584590812495
                ],
                "race": [
                    0.3373552123552124,
                    0.35005385820603213,
                    0.3257222739981361
                ]
            },
            "Validation": {
                "sex": [
                    0.2707421358037259,
                    0.25749169715733183,
                    0.2902433700753028
                ],
                "race": [
                    0.25213675213675213,
                    0.28815628815628813,
                    0.1120607787274454
                ]
            },
            "Test": {
                "sex": [
                    0.22581098767969368,
                    0.24172528585902445,
                    0.198635126205894
                ],
                "race": [
                    0.2545538145934283,
                    0.3976828998747513,
                    0.0
                ]
            }
        }
    },
    "SVM": {
        "AUC": {
            "Train": [
                0.6303624933228125,
                0.6260002171324377,
                0.617704235375734
            ],
            "Validation": [
                0.6228656081623547,
                0.6147451063713476,
                0.6202051148497494
            ],
            "Test": [
                0.6335648603239212,
                0.6291037486103276,
                0.6345857987208479
            ]
        },
        "DPR": {
            "Train": {
                "sex": [
                    0.4216562047771414,
                    0.42601081730725027,
                    0.4211274377313963
                ],
                "race": [
                    0.5542532687399072,
                    0.5455930614158462,
                    0.5542532687399072
                ]
            },
            "Validation": {
                "sex": [
                    0.46456140127955065,
                    0.46610240548547577,
                    0.4658963478349517
                ],
                "race": [
                    0.2519201228878648,
                    0.2519201228878648,
                    0.2519201228878648
                ]
            },
            "Test": {
                "sex": [
                    0.4795195987613885,
                    0.4805401289526582,
                    0.4850792462832597
                ],
                "race": [
                    0.46124031007751937,
                    0.46124031007751937,
                    0.46124031007751937
                ]
            }
        },
        "EOR": {
            "Train": {
                "sex": [
                    0.6791822531535451,
                    0.6225837320574162,
                    0.6791822531535451
                ],
                "race": [
                    0.0,
                    0.0,
                    0.0
                ]
            },
            "Validation": {
                "sex": [
                    0.7490581471709852,
                    0.7561202918646148,
                    0.7468806525571161
                ],
                "race": [
                    0.0,
                    0.0,
                    0.0
                ]
            },
            "Test": {
                "sex": [
                    0.7898388371161693,
                    0.8027101110867695,
                    0.780573865419792
                ],
                "race": [
                    0.0,
                    0.0,
                    0.0
                ]
            }
        }
    },
    "MLP": {
        "AUC": {
            "Train": [
                0.6105149615930053,
                0.6226165282629885,
                0.6339322517593254
            ],
            "Validation": [
                0.612191632934432,
                0.6254696948063931,
                0.634888504940613
            ],
            "Test": [
                0.6134590588702626,
                0.6282045345749078,
                0.6396215611869962
            ]
        },
        "DPR": {
            "Train": {
                "sex": [
                    0.4820327495485294,
                    0.5162919503616893,
                    0.5420620399530185
                ],
                "race": [
                    0.49745827393038694,
                    0.5354943945468658,
                    0.596812001875293
                ]
            },
            "Validation": {
                "sex": [
                    0.5007188714974831,
                    0.525648780487805,
                    0.5464895870516232
                ],
                "race": [
                    0.3526881720430108,
                    0.32558437399935963,
                    0.38597502401536987
                ]
            },
            "Test": {
                "sex": [
                    0.547164110915428,
                    0.564094768108146,
                    0.5929751067530441
                ],
                "race": [
                    0.34593023255813954,
                    0.5711753483911775,
                    0.4257602862254025
                ]
            }
        },
        "EOR": {
            "Train": {
                "sex": [
                    0.840897994611309,
                    0.7664719745875602,
                    0.7483120993726589
                ],
                "race": [
                    0.24864864864864866,
                    0.41441441441441446,
                    0.4144144144144144
                ]
            },
            "Validation": {
                "sex": [
                    0.7031064111037674,
                    0.7279108897563602,
                    0.6993915631686528
                ],
                "race": [
                    0.0,
                    0.0,
                    0.30748663101604273
                ]
            },
            "Test": {
                "sex": [
                    0.8245331992132419,
                    0.8765692666072574,
                    0.8639790490664351
                ],