{
    "Random Forest": {
        "AUC": {
            "Train": [
                0.8796850234309053,
                0.878733791459833,
                0.8808372906293692
            ],
            "Validation": [
                0.8828518167531115,
                0.883247427406018,
                0.8853128282430948
            ],
            "Test": [
                0.8849345955299469,
                0.8826676106012045,
                0.8856536600313796
            ]
        },
        "DPR": {
            "Train": {
                "sex": [
                    0.24244918694640502,
                    0.20458109982339356,
                    0.22850662463039875
                ],
                "race": [
                    0.31156296851574217,
                    0.3378932287778904,
                    0.3047218712669617
                ]
            },
            "Validation": {
                "sex": [
                    0.21196689186314233,
                    0.17664390526360388,
                    0.20466876127322794
                ],
                "race": [
                    0.21437908496732025,
                    0.23148856084220434,
                    0.13497942386831274
                ]
            },
            "Test": {
                "sex": [
                    0.24413306804409676,
                    0.19333760808174244,
                    0.22304241696167265
                ],
                "race": [
                    0.14123192960402264,
                    0.09419378555121309,
                    0.1302885962454469
                ]
            }
        },
        "EOR": {
            "Train": {
                "sex": [
                    0.17587783795270773,
                    0.14442476003080795,
                    0.15359928372128964
                ],
                "race": [
                    0.228992628992629,
                    0.29887863615674265,
                    0.17492492492492495
                ]
            },
            "Validation": {
                "sex": [
                    0.15623005477494642,
                    0.1327678179614875,
                    0.15286279735078573
                ],
                "race": [
                    0.21454545454545457,
                    0.15277230509428652,
                    0.07151515151515152
                ]
            },
            "Test": {
                "sex": [
                    0.14819588865781477,
                    0.10207993490668263,
                    0.14892004218100613
                ],
                "race": [
                    0.11472979435676711,
                    0.0,
                    0.07859078590785908
                ]
            }
        }
    },
    "SVM": {
        "AUC": {
            "Train": [
                0.6176206466875622,
                0.6295740481057854,
                0.6328896927586436
            ],
            "Validation": [
                0.6231235126932405,
                0.6390703654727693,
                0.6239299922363373
            ],
            "Test": [
                0.6354246757928145,
                0.6438593715132137,
                0.6415931428973835
            ]
        },
        "DPR": {
            "Train": {
                "sex": [
                    0.34473243768941964,
                    0.36054585226232877,
                    0.3802196003927423
                ],
                "race": [
                    0.0,
                    0.0,
                    0.39006094702297234
                ]
            },
            "Validation": {
                "sex": [
                    0.2976718403547672,
                    0.2976718403547672,
                    0.5530816293011416
                ],
                "race": [
                    0.0,
                    0.0,
                    0.0
                ]
            },
            "Test": {
                "sex": [
                    0.39080722877776886,
                    0.42518379056840594,
                    0.4081764389456697
                ],
                "race": [
                    0.0,
                    0.0,
                    0.0
                ]
            }
        },
        "EOR": {
            "Train": {
                "sex": [
                    0.0,
                    0.535403217542781,
                    0.2677016087713905
                ],
                "race": [
                    0.0,
                    0.0,
                    0.0
                ]
            },
            "Validation": {
                "sex": [
                    0.8778146917681802,
                    0.8778146917681802,
                    0.6072570031960894
                ],
                "race": [
                    0.0,
                    0.0,
                    0.0
                ]
            },
            "Test": {
                "sex": [
                    0.9434829510810938,
                    0.6303889634029507,
                    0.6303889634029507
                ],
                "race": [
                    0.0,
                    0.0,
                    0.0
                ]
            }
        }
    },
    "MLP": {
        "AUC": {
            "Train": [
                0.7291270180958298,
                0.5736858846603338,
                0.6482609016231536
            ],
            "Validation": [
                0.731957123801475,
                0.5656001703489879,
                0.6494960070529981
            ],
            "Test": [
                0.7391577606969642,
                0.5768979893127103,
                0.6555301831247848
            ]
        },
        "DPR": {
            "Train": {
                "sex": [
                    0.6647370956027886,
                    0.4529331298109163,
                    0.507886980900156
                ],
                "race": [
                    0.5893577121425222,
                    0.23682271783537606,
                    0.5057471264367817
                ]
            },
            "Validation": {
                "sex": [
                    0.6779501145864262,
                    0.4444405949741316,
                    0.49230342827903806
                ],
                "race": [
                    0.6402244805096314,
                    0.196926032660903,
                    0.3919308357348703
                ]
            },
            "Test": {
                "sex": [
                    0.6988098721576511,
                    0.4688513150051612,
                    0.5271794463115962
                ],
                "race": [
                    0.5861358956760467,
                    0.4505813953488372,
                    0.3074935400516796
                ]
            }
        },
        "EOR": {
            "Train": {
                "sex": [
                    0.7044887401755916,
                    0.7216304236446179,
                    0.6747981380864637
                ],
                "race": [
                    0.5390381616170216,
                    0.0,
                    0.13086770981507825
                ]
            },
            "Validation": {
                "sex": [
                    0.735737834696168,
                    0.7057496682883679,
                    0.6074898059352111
                ],
                "race": [
                    0.5967604433077579,
                    0.0,
                    0.22459893048128343
                ]
            },
            "Test": {
                "sex": [
                    0.7279535388032642,
                    0.8171962788984065,
                    0.6642724164133739
                ],
                "race": [
                    0.5,
                    0.0,
                    0.26558265582655827
                ]
            }
        }
    },