{
    "Random Forest": {
        "AUC": {
            "Train": [
                0.5322838181685828,
                0.4920266246919003,
                0.49148970164417854
            ],
            "Validation": [
                0.5329226709987894,
                0.4918850370127911,
                0.4844531931607105
            ],
            "Test": [
                0.5359150942956232,
                0.4885959357508819,
                0.49193093955534606
            ]
        },
        "DPR": {
            "Train": {
                "sex": [
                    0.7860688457723559,
                    0.8308509708692746,
                    0.7906310618614543
                ],
                "race": [
                    0.7829731179035229,
                    0.8950226305845895,
                    0.7613820043103448
                ]
            },
            "Validation": {
                "sex": [
                    0.8118264081216129,
                    0.824524845496835,
                    0.8016228619060891
                ],
                "race": [
                    0.5874762808349145,
                    0.7910132444950028,
                    0.6481620405101275
                ]
            },
            "Test": {
                "sex": [
                    0.8023380681683264,
                    0.8200440200190278,
                    0.7725456200013013
                ],
                "race": [
                    0.7548201152852315,
                    0.8973917851986115,
                    0.8257350681282655
                ]
            }
        },
        "EOR": {
            "Train": {
                "sex": [
                    0.7531112460160874,
                    0.794986125113342,
                    0.730704181714422
                ],
                "race": [
                    0.7483744614179397,
                    0.8404588112617309,
                    0.7466795366795368
                ]
            },
            "Validation": {
                "sex": [
                    0.7497012084458413,
                    0.7934682099726313,
                    0.7073817687778999
                ],
                "race": [
                    0.5355404089581305,
                    0.7783018867924527,
                    0.5754716981132075
                ]
            },
            "Test": {
                "sex": [
                    0.7419757104327848,
                    0.7613200961132578,
                    0.7097958469071993
                ],
                "race": [
                    0.65625,
                    0.6363636363636364,
                    0.639344262295082
                ]
            }
        }
    },
    "SVM": {
        "AUC": {
            "Train": [
                0.4062114842827194,
                0.40629723178042965,
                0.40620664521206284
            ],
            "Validation": [
                0.40577000747505076,
                0.4059556953418533,
                0.4057761617014934
            ],
            "Test": [
                0.4062451404269294,
                0.40644816842651577,
                0.40625526661647826
            ]
        },
        "DPR": {
            "Train": {
                "sex": [
                    0.9954771494919378,
                    0.9954771494919378,
                    0.9954771494919378
                ],
                "race": [
                    0.9939849624060151,
                    0.9939849624060151,
                    0.9939849624060151
                ]
            },
            "Validation": {
                "sex": [
                    0.9960698432590213,
                    0.9960698432590213,
                    0.9960698432590213
                ],
                "race": [
                    0.9878048780487805,
                    0.9878048780487805,
                    0.9878048780487805
                ]
            },
            "Test": {
                "sex": [
                    0.996217509646498,
                    0.996217509646498,
                    0.996217509646498
                ],
                "race": [
                    0.9883720930232558,
                    0.9883720930232558,
                    0.9883720930232558
                ]
            }
        },
        "EOR": {
            "Train": {
                "sex": [
                    0.9987103752802995,
                    0.9987103752802995,
                    0.9987103752802995
                ],
                "race": [
                    0.9615384615384616,
                    0.9615384615384616,
                    0.9615384615384616
                ]
            },
            "Validation": {
                "sex": [
                    0.9977549580835074,
                    0.9977549580835074,
                    0.9977549580835074
                ],
                "race": [
                    0.9333333333333333,
                    0.9333333333333333,
                    0.9333333333333333
                ]
            },
            "Test": {
                "sex": [
                    0.9987875019118226,
                    0.9987875019118226,
                    0.9987875019118226
                ],
                "race": [
                    0.75,
                    0.75,
                    0.75
                ]
            }
        }
    },
    "MLP": {
        "AUC": {
            "Train": [
                0.4359135383222067,
                0.38377044011973366,
                0.4459534627409289
            ],
            "Validation": [
                0.43852237617314405,
                0.38606417440585394,
                0.4474469594810824
            ],
            "Test": [
                0.4273114802879855,
                0.37182479355913833,
                0.44387647679024833
            ]
        },
        "DPR": {
            "Train": {
                "sex": [
                    0.9672050838236746,
                    0.6068268703213205,
                    0.9815234161562346
                ],
                "race": [
                    0.9697149851372617,
                    0.16737689890911125,
                    0.9822125517484049
                ]
            },
            "Validation": {
                "sex": [
                    0.9729668798880821,
                    0.6456807551298264,
                    0.9803731476954739
                ],
                "race": [
                    0.9474853949707899,
                    0.1485459785171601,
                    0.9751325556733828
                ]
            },
            "Test": {
                "sex": [
                    0.9711794171112755,
                    0.6341586367432361,
                    0.979032010397324
                ],
                "race": [
                    0.9460210310836003,
                    0.1276297335203366,
                    0.9692535837864558
                ]
            }
        },
        "EOR": {
            "Train": {
                "sex": [
                    0.9732972821194138,
                    0.4939151886808046,
                    0.9879787210654696
                ],
                "race": [
                    0.7921768707482993,
                    0.12513034410844628,
                    0.9027777777777778
                ]
            },
            "Validation": {
                "sex": [
                    0.9864683621297379,
                    0.5286247970739532,
                    0.984247345900085
                ],
                "race": [
                    0.8,
                    0.05660377358490566,
                    0.9275
                ]
            },
            "Test": {
                "sex": [
                    0.9951490910600723,
                    0.5537834712867289,
                    0.9933362240877616
                ],