{
    "Random Forest": {
        "AUC": {
            "Train": [
                0.8904483054805187,
                0.8910437666825396,
                0.8935644323300814
            ],
            "Validation": [
                0.8901888855179761,
                0.8916326245984685,
                0.8956141968921243
            ],
            "Test": [
                0.8957702696167295,
                0.8945929635251711,
                0.8980711205569925
            ]
        },
        "DPR": {
            "Train": {
                "sex": [
                    0.2593464998855654,
                    0.25319644770193755,
                    0.25636791569430123
                ],
                "race": [
                    0.3262362637362638,
                    0.3703315176145444,
                    0.3383920019157088
                ]
            },
            "Validation": {
                "sex": [
                    0.23020119120241675,
                    0.2276220423838633,
                    0.23626004329478964
                ],
                "race": [
                    0.26752215757707576,
                    0.2847222222222222,
                    0.2191676212294769
                ]
            },
            "Test": {
                "sex": [
                    0.24730292930331105,
                    0.24870669660454772,
                    0.25459364762103337
                ],
                "race": [
                    0.22817599805029853,
                    0.26494757464717195,
                    0.21456256921373199
                ]
            }
        },
        "EOR": {
            "Train": {
                "sex": [
                    0.1839401542121319,
                    0.16763838607528822,
                    0.17380262502604563
                ],
                "race": [
                    0.30470793374019184,
                    0.28669099366428746,
                    0.2668346312414109
                ]
            },
            "Validation": {
                "sex": [
                    0.14859418232194316,
                    0.1584899489818166,
                    0.17204842659766184
                ],
                "race": [
                    0.16621886004956304,
                    0.20591049817056012,
                    0.18153846153846154
                ]
            },
            "Test": {
                "sex": [
                    0.1400284403423573,
                    0.17086456864576086,
                    0.16918116187984578
                ],
                "race": [
                    0.3358480587356894,
                    0.26290731089571867,
                    0.1825334382376082
                ]
            }
        }
    },
    "SVM": {
        "AUC": {
            "Train": [
                0.605174775968758,
                0.599835841828301,
                0.6054232685043872
            ],
            "Validation": [
                0.5947277208938619,
                0.6011880246053614,
                0.5998163748601293
            ],
            "Test": [
                0.607171808621068,
                0.5974584818875452,
                0.6073530295983478
            ]
        },
        "DPR": {
            "Train": {
                "sex": [
                    0.4259851632775437,
                    0.4292894507075792,
                    0.45246132446736326
                ],
                "race": [
                    0.47318819403857393,
                    0.4777298850574712,
                    0.5493045788404438
                ]
            },
            "Validation": {
                "sex": [
                    0.4306691962566232,
                    0.41808683105104233,
                    0.47958240946045827
                ],
                "race": [
                    0.2450635073113459,
                    0.2450635073113459,
                    0.28643786568858615
                ]
            },
            "Test": {
                "sex": [
                    0.4956428187197418,
                    0.48737485247244144,
                    0.47035956831629905
                ],
                "race": [
                    0.4838501291989664,
                    0.5100041902367484,
                    0.39866524729773994
                ]
            }
        },
        "EOR": {
            "Train": {
                "sex": [
                    0.6424838610513371,
                    0.2677016087713905,
                    0.8031048263141715
                ],
                "race": [
                    0.0,
                    0.0,
                    0.0
                ]
            },
            "Validation": {
                "sex": [
                    0.0,
                    0.0,
                    0.7139126200699394
                ],
                "race": [
                    0.0,
                    0.0,
                    0.0
                ]
            },
            "Test": {
                "sex": [
                    0.763225678620963,
                    0.7776533852111512,
                    0.8019076818259241
                ],
                "race": [
                    0.0,
                    0.0,
                    0.0
                ]
            }
        }
    },
    "MLP": {
        "AUC": {
            "Train": [
                0.6333091744816615,
                0.5001179523472516,
                0.6258946127585853
            ],
            "Validation": [
                0.6356948571548867,
                0.5001169727453503,
                0.6293443745531819
            ],
            "Test": [
                0.6390268891509561,
                0.5000587613115525,
                0.6318515384644151
            ]
        },
        "DPR": {
            "Train": {
                "sex": [
                    0.48267273362142493,
                    1.0,
                    0.4768311435734918
                ],
                "race": [
                    0.503828723238006,
                    1.0,
                    0.5110014376380658
                ]
            },
            "Validation": {
                "sex": [
                    0.4520736467437704,
                    1.0,
                    0.4967527415596035
                ],
                "race": [
                    0.2829447209850668,
                    1.0,
                    0.274425955191968
                ]
            },
            "Test": {
                "sex": [
                    0.48069230696831905,
                    1.0,
                    0.5268840502720153
                ],
                "race": [
                    0.4257602862254025,
                    1.0,
                    0.3773784355179704
                ]
            }
        },
        "EOR": {
            "Train": {
                "sex": [
                    0.6626139036952434,
                    1.0,
                    0.6715859174752654
                ],
                "race": [
                    0.20720720720720723,
                    1.0,
                    0.31081081081081086
                ]
            },
            "Validation": {
                "sex": [
                    0.5693547855872472,
                    1.0,
                    0.7196904024767802
                ],
                "race": [
                    0.1336898395721925,
                    1.0,
                    0.106951871657754
                ]
            },
            "Test": {
                "sex": [
                    0.5992772711921648,
                    1.0,
                    0.8309306701403967
                ],
                "race": [
                    0.32666666666666666,
                    1.0,
                    0.2987804878048781
                ]
            }
        }
    },