{
    "Random Forest": {
        "AUC": {
            "Train": [
                0.9690865252948861,
                0.9659409051439947,
                0.9664045538157846
            ],
            "Validation": [
                0.8835805832712675,
                0.8841229616140949,
                0.8851990811612593
            ],
            "Test": [
                0.888841224835316,
                0.8891460609563838,
                0.8906568170075277
            ]
        },
        "DPR": {
            "Train": {
                "sex": [
                    0.353159089814524,
                    0.3372505554926221,
                    0.35907513483923714
                ],
                "race": [
                    0.4567755863016387,
                    0.4102913807555157,
                    0.44404380341880334
                ]
            },
            "Validation": {
                "sex": [
                    0.341212717382415,
                    0.31941515065807985,
                    0.3343091563151269
                ],
                "race": [
                    0.41727029623283224,
                    0.37757718658949996,
                    0.4138784415246096
                ]
            },
            "Test": {
                "sex": [
                    0.32972852691673077,
                    0.328930878625464,
                    0.3447250544258516
                ],
                "race": [
                    0.5072297674418605,
                    0.4996546166244532,
                    0.36714039621016364
                ]
            }
        },
        "EOR": {
            "Train": {
                "sex": [
                    0.2607570482091201,
                    0.21879863772023886,
                    0.2694455931933539
                ],
                "race": [
                    0.5132815902046671,
                    0.3049847588309127,
                    0.5073131996208918
                ]
            },
            "Validation": {
                "sex": [
                    0.2983556205428985,
                    0.28139742658867795,
                    0.2831253055238716
                ],
                "race": [
                    0.40155566358774913,
                    0.3155080213903743,
                    0.37048665620094196
                ]
            },
            "Test": {
                "sex": [
                    0.2595799944736115,
                    0.2548472931616165,
                    0.28146629700315995
                ],
                "race": [
                    0.533968253968254,
                    0.6070120355834642,
                    0.4208616780045351
                ]
            }
        }
    },
    "SVM": {
        "AUC": {
            "Train": [
                0.6383718644334355,
                0.6262547324338085,
                0.631455038671892
            ],
            "Validation": [
                0.6447184598441393,
                0.6198721075347935,
                0.6261701306614427
            ],
            "Test": [
                0.6513004401362993,
                0.6389191775870198,
                0.6478639433407342
            ]
        },
        "DPR": {
            "Train": {
                "sex": [
                    0.47968715809310725,
                    0.4386154374046222,
                    0.4473957028320367
                ],
                "race": [
                    0.5147012078830261,
                    0.5560611263736264,
                    0.5379170972980954
                ]
            },
            "Validation": {
                "sex": [
                    0.5586205911262487,
                    0.48571007879315803,
                    0.5011450846777277
                ],
                "race": [
                    0.37125070741369554,
                    0.3918757467144564,
                    0.37125070741369554
                ]
            },
            "Test": {
                "sex": [
                    0.5332757011765625,
                    0.4980986781950397,
                    0.5284810735822881
                ],
                "race": [
                    0.5930232558139535,
                    0.5930232558139535,
                    0.5930232558139535
                ]
            }
        },
        "EOR": {
            "Train": {
                "sex": [
                    0.9507021854390275,
                    0.8772770769899956,
                    0.9888094567970728
                ],
                "race": [
                    0.0,
                    0.0,
                    0.0
                ]
            },
            "Validation": {
                "sex": [
                    0.7891752832335627,
                    0.8025395392726006,
                    0.8043612633882883
                ],
                "race": [
                    0.0,
                    0.0,
                    0.0
                ]
            },
            "Test": {
                "sex": [
                    0.8039679189531448,
                    0.8411697690146471,
                    0.7982529440649202
                ],
                "race": [
                    0.0,
                    0.0,
                    0.0
                ]
            }
        }
    },
    "MLP": {
        "AUC": {
            "Train": [
                0.6447603606692852,
                0.6393469684578111,
                0.6439037878034144
            ],
            "Validation": [
                0.6462172474190873,
                0.6409896564855107,
                0.6445301192935253
            ],
            "Test": [
                0.6517683457247501,
                0.6472004258209766,
                0.6508143200118758
            ]
        },
        "DPR": {
            "Train": {
                "sex": [
                    0.5208944117768983,
                    0.5194981862628261,
                    0.5323228809397028
                ],
                "race": [
                    0.5559699681064161,
                    0.577002470068784,
                    0.6155408898024932
                ]
            },
            "Validation": {
                "sex": [
                    0.5095574912891986,
                    0.4957703538302988,
                    0.5289027495376801
                ],
                "race": [
                    0.37312300925223724,
                    0.387100315630575,
                    0.4568683957732949
                ]
            },
            "Test": {
                "sex": [
                    0.531811173236563,
                    0.5632457789146367,
                    0.5777266520461787
                ],
                "race": [
                    0.3953488372093023,
                    0.4528837209302326,
                    0.3953488372093023
                ]
            }
        },
        "EOR": {
            "Train": {
                "sex": [
                    0.7333401646343546,
                    0.7483877941916675,
                    0.7199353944628658
                ],
                "race": [
                    0.24864864864864866,
                    0.31081081081081086,
                    0.3390663390663391
                ]
            },
            "Validation": {
                "sex": [
                    0.6667000915004826,
                    0.6355874205637934,
                    0.6555021190898433
                ],
                "race": [
                    0.24064171122994654,
                    0.3208556149732621,
                    0.34462269756387404
                ]
            },
            "Test": {
                "sex": [
                    0.7379846702788424,
                    0.8269926100923377,
                    0.7793429566948731
                ],