{
    "Random Forest": {
        "AUC": {
            "Train": [
                0.4998663936763359,
                0.5125219244316543,
                0.4921011714096859
            ],
            "Validation": [
                0.5069820123420677,
                0.5059690691125572,
                0.487610226439881
            ],
            "Test": [
                0.49779020073090924,
                0.516336358907116,
                0.49213989200607927
            ]
        },
        "DPR": {
            "Train": {
                "sex": [
                    0.8636054695432046,
                    0.8839531071161955,
                    0.694904648939402
                ],
                "race": [
                    0.878245227075499,
                    0.7671312708005318,
                    0.9317106152805951
                ]
            },
            "Validation": {
                "sex": [
                    0.8708606233609821,
                    0.8925451021435629,
                    0.7040430629145015
                ],
                "race": [
                    0.8885251663315515,
                    0.6408560019275051,
                    0.8361290322580646
                ]
            },
            "Test": {
                "sex": [
                    0.8552235230403173,
                    0.8789859672790277,
                    0.676629041082601
                ],
                "race": [
                    0.783000281452294,
                    0.7046945865096981,
                    0.9267563527653213
                ]
            }
        },
        "EOR": {
            "Train": {
                "sex": [
                    0.7880496183959688,
                    0.8448347850624748,
                    0.6369043597466622
                ],
                "race": [
                    0.6532663316582914,
                    0.7224080267558528,
                    0.7011354420113545
                ]
            },
            "Validation": {
                "sex": [
                    0.7867430613961313,
                    0.8545552697822693,
                    0.60979234940982
                ],
                "race": [
                    0.6814516129032259,
                    0.6136014999147775,
                    0.5283018867924528
                ]
            },
            "Test": {
                "sex": [
                    0.769962804903653,
                    0.8384388363076105,
                    0.6103862875008501
                ],
                "race": [
                    0.7619047619047619,
                    0.7192894056309522,
                    0.3979591836734694
                ]
            }
        }
    },
    "SVM": {
        "AUC": {
            "Train": [
                0.4062056231669673,
                0.4062587486538728,
                0.40620555016374615
            ],
            "Validation": [
                0.40576338637625736,
                0.4059203403720141,
                0.40577497329914586
            ],
            "Test": [
                0.40623824957595,
                0.40640291570392584,
                0.40625266153866907
            ]
        },
        "DPR": {
            "Train": {
                "sex": [
                    0.9954771494919378,
                    0.9954771494919378,
                    0.9954771494919378
                ],
                "race": [
                    0.9939849624060151,
                    0.9939849624060151,
                    0.9939849624060151
                ]
            },
            "Validation": {
                "sex": [
                    0.9960698432590213,
                    0.9960698432590213,
                    0.9960698432590213
                ],
                "race": [
                    0.9878048780487805,
                    0.9878048780487805,
                    0.9878048780487805
                ]
            },
            "Test": {
                "sex": [
                    0.996217509646498,
                    0.996217509646498,
                    0.996217509646498
                ],
                "race": [
                    0.9883720930232558,
                    0.9883720930232558,
                    0.9883720930232558
                ]
            }
        },
        "EOR": {
            "Train": {
                "sex": [
                    0.9987103752802995,
                    0.9987103752802995,
                    0.9987103752802995
                ],
                "race": [
                    0.9615384615384616,
                    0.9615384615384616,
                    0.9615384615384616
                ]
            },
            "Validation": {
                "sex": [
                    0.9977549580835074,
                    0.9977549580835074,
                    0.9977549580835074
                ],
                "race": [
                    0.9333333333333333,
                    0.9333333333333333,
                    0.9333333333333333
                ]
            },
            "Test": {
                "sex": [
                    0.9987875019118226,
                    0.9987875019118226,
                    0.9987875019118226
                ],
                "race": [
                    0.75,
                    0.75,
                    0.75
                ]
            }
        }
    },
    "MLP": {
        "AUC": {
            "Train": [
                0.463412662805005,
                0.4441633194689788,
                0.45846100032350856
            ],
            "Validation": [
                0.46461158512330775,
                0.4414024692623978,
                0.46003961029910223
            ],
            "Test": [
                0.4586225197295778,
                0.43555692971075693,
                0.4562612267824016
            ]
        },
        "DPR": {
            "Train": {
                "sex": [
                    0.9854213049209593,
                    0.9778758614854874,
                    0.9861528500799395
                ],
                "race": [
                    0.9775701528297093,
                    0.9727191413237924,
                    0.984733188996434
                ]
            },
            "Validation": {
                "sex": [
                    0.9898255950577943,
                    0.9780112150164251,
                    0.9877598115735665
                ],
                "race": [
                    0.9732518757203,
                    0.9572713878178,
                    0.9805423836240287
                ]
            },
            "Test": {
                "sex": [
                    0.9882618517304863,
                    0.9755371630762856,
                    0.9847603924869147
                ],
                "race": [
                    0.9755571531272466,
                    0.9694368507381083,
                    0.9904633025028847
                ]
            }
        },
        "EOR": {
            "Train": {
                "sex": [
                    0.9940448966951471,
                    0.9911854560287297,
                    0.9954287018662429
                ],
                "race": [
                    0.8216540404040403,
                    0.7934362934362934,
                    0.8868092691622104
                ]
            },
            "Validation": {
                "sex": [
                    0.9820927082300855,
                    0.9850798990748528,
                    0.9899123211595272
                ],
                "race": [
                    0.8666666666666667,
                    0.8666666666666667,
                    0.9239130434782609
                ]
            },
            "Test": {
                "sex": [
                    0.9974641631420196,
                    0.9722254200937189,
                    0.9975363984633591
                ],