{
    "Random Forest": {
        "AUC": {
            "Train": [
                0.8925726053535556,
                0.8928345721979957,
                0.8949265055715014
            ],
            "Validation": [
                0.8924694932873093,
                0.8945029133683549,
                0.8982931741055277
            ],
            "Test": [
                0.8974180023397801,
                0.897828848320731,
                0.8967313542501192
            ]
        },
        "DPR": {
            "Train": {
                "sex": [
                    0.30186025816586276,
                    0.30205297590259306,
                    0.26740287846578803
                ],
                "race": [
                    0.31858205303595083,
                    0.3257249216300941,
                    0.32758620689655177
                ]
            },
            "Validation": {
                "sex": [
                    0.2861005346072544,
                    0.2593829500189059,
                    0.2601343452442293
                ],
                "race": [
                    0.22378167641325536,
                    0.17255892255892255,
                    0.26910454758556024
                ]
            },
            "Test": {
                "sex": [
                    0.29881144871571724,
                    0.2831101825004264,
                    0.2554889635162158
                ],
                "race": [
                    0.25032299741602065,
                    0.19484600879949718,
                    0.2059800664451827
                ]
            }
        },
        "EOR": {
            "Train": {
                "sex": [
                    0.20622938749796008,
                    0.23795698557456935,
                    0.17522287119581925
                ],
                "race": [
                    0.18165280665280664,
                    0.12851627137341423,
                    0.3349626221966648
                ]
            },
            "Validation": {
                "sex": [
                    0.22366712747112966,
                    0.15304360836488773,
                    0.19819282720074521
                ],
                "race": [
                    0.16586707410236823,
                    0.13767622751579972,
                    0.21033868092691624
                ]
            },
            "Test": {
                "sex": [
                    0.18190541115445139,
                    0.1699630916196266,
                    0.15120922073612067
                ],
                "race": [
                    0.28641975308641976,
                    0.22634146341463418,
                    0.1893877551020408
                ]
            }
        }
    },
    "SVM": {
        "AUC": {
            "Train": [
                0.6185525745211666,
                0.6228960993127477,
                0.6226386899551114
            ],
            "Validation": [
                0.6060326528824445,
                0.610175465908896,
                0.608804983344541
            ],
            "Test": [
                0.6216722179334144,
                0.6273888721076125,
                0.6271071875651402
            ]
        },
        "DPR": {
            "Train": {
                "sex": [
                    0.42212135227275877,
                    0.4209470761829809,
                    0.41849614706401156
                ],
                "race": [
                    0.5515885895632732,
                    0.5635796458581268,
                    0.5515885895632732
                ]
            },
            "Validation": {
                "sex": [
                    0.47479263560651125,
                    0.47334949689646105,
                    0.47624460085301434
                ],
                "race": [
                    0.27129859387923905,
                    0.27129859387923905,
                    0.27129859387923905
                ]
            },
            "Test": {
                "sex": [
                    0.4743334764506253,
                    0.45700736262321917,
                    0.47910953961610625
                ],
                "race": [
                    0.6107861433029623,
                    0.6141700000525633,
                    0.6074393699150009
                ]
            }
        },
        "EOR": {
            "Train": {
                "sex": [
                    0.9004590984974958,
                    0.7471004784688996,
                    0.9084631793730291
                ],
                "race": [
                    0.0,
                    0.0,
                    0.0
                ]
            },
            "Validation": {
                "sex": [
                    0.6072570031960894,
                    0.6072570031960894,
                    0.6072570031960894
                ],
                "race": [
                    0.0,
                    0.0,
                    0.0
                ]
            },
            "Test": {
                "sex": [
                    0.7885868139139561,
                    0.7931610942249241,
                    0.7804812157028282
                ],
                "race": [
                    0.0,
                    0.0,
                    0.0
                ]
            }
        }
    },
    "MLP": {
        "AUC": {
            "Train": [
                0.6675524356064659,
                0.6062407846469636,
                0.6137411407983924
            ],
            "Validation": [
                0.6674191304935384,
                0.6095665370346067,
                0.6166798466146067
            ],
            "Test": [
                0.6749321723874105,
                0.6091765630561395,
                0.6181038075607174
            ]
        },
        "DPR": {
            "Train": {
                "sex": [
                    0.5030614956450885,
                    0.4787114200228622,
                    0.48951337417779855
                ],
                "race": [
                    0.48500999333777484,
                    0.46319737458977966,
                    0.46507266760431315
                ]
            },
            "Validation": {
                "sex": [
                    0.4847700934928248,
                    0.49566768860896315,
                    0.4848442854263254
                ],
                "race": [
                    0.24765269127080042,
                    0.276657060518732,
                    0.3150816522574447
                ]
            },
            "Test": {
                "sex": [
                    0.5175936779983022,
                    0.5332034562803794,
                    0.5222730025879633
                ],
                "race": [
                    0.33209302325581397,
                    0.22375677911572753,
                    0.3931282299741602
                ]
            }
        },
        "EOR": {
            "Train": {
                "sex": [
                    0.6144857111431368,
                    0.8214965398938853,
                    0.8031048263141715
                ],
                "race": [
                    0.2900900900900901,
                    0.0,
                    0.20720720720720723
                ]
            },
            "Validation": {
                "sex": [
                    0.5499760928553498,
                    0.6316298401119641,
                    0.6586996904024768
                ],
                "race": [
                    0.15844721727074668,
                    0.0,
                    0.0
                ]
            },
            "Test": {
                "sex": [
                    0.5996711438646539,
                    0.7465045592705167,
                    0.7651671732522796
                ],