{
    "Random Forest": {
        "AUC": {
            "Train": [
                0.8905359667055253,
                0.8926327495787194,
                0.8953780774247133
            ],
            "Validation": [
                0.892601023961417,
                0.8931974958325276,
                0.8947400845225704
            ],
            "Test": [
                0.8980894191277334,
                0.8961788046415595,
                0.8973591149760756
            ]
        },
        "DPR": {
            "Train": {
                "sex": [
                    0.27046256008011754,
                    0.2523921803197483,
                    0.28533902840865316
                ],
                "race": [
                    0.40201593999062357,
                    0.3577090764962347,
                    0.37820282567049807
                ]
            },
            "Validation": {
                "sex": [
                    0.2345071293579667,
                    0.23260177895343329,
                    0.26088390262039823
                ],
                "race": [
                    0.2578616352201258,
                    0.3150816522574447,
                    0.3330863181007273
                ]
            },
            "Test": {
                "sex": [
                    0.2576529016600573,
                    0.24327315761161913,
                    0.29131610877717534
                ],
                "race": [
                    0.3646406770774819,
                    0.26505094865210643,
                    0.2211346293604651
                ]
            }
        },
        "EOR": {
            "Train": {
                "sex": [
                    0.19237872265320458,
                    0.16294880533910727,
                    0.20065325727873976
                ],
                "race": [
                    0.3736437727729455,
                    0.3202015574896931,
                    0.28112934362934366
                ]
            },
            "Validation": {
                "sex": [
                    0.17323475768629493,
                    0.16428377076546333,
                    0.19054954503116717
                ],
                "race": [
                    0.1702275836338764,
                    0.2062937062937063,
                    0.313802572626102
                ]
            },
            "Test": {
                "sex": [
                    0.16128629715255854,
                    0.1467771419918009,
                    0.19779578409599102
                ],
                "race": [
                    0.2824568288854003,
                    0.2622813411078717,
                    0.2130298366090457
                ]
            }
        }
    },
    "SVM": {
        "AUC": {
            "Train": [
                0.6039096718630359,
                0.5943835023983645,
                0.6009101885172607
            ],
            "Validation": [
                0.6002157204918424,
                0.5771952422821331,
                0.5883294050976688
            ],
            "Test": [
                0.6035110020209101,
                0.5948098740684378,
                0.603659533473422
            ]
        },
        "DPR": {
            "Train": {
                "sex": [
                    0.4259851632775437,
                    0.4292894507075792,
                    0.45246132446736326
                ],
                "race": [
                    0.47318819403857393,
                    0.4777298850574712,
                    0.5493045788404438
                ]
            },
            "Validation": {
                "sex": [
                    0.4306691962566232,
                    0.4159963968957871,
                    0.47958240946045827
                ],
                "race": [
                    0.2450635073113459,
                    0.2450635073113459,
                    0.28643786568858615
                ]
            },
            "Test": {
                "sex": [
                    0.4956428187197418,
                    0.48737485247244144,
                    0.47035956831629905
                ],
                "race": [
                    0.4838501291989664,
                    0.5100041902367484,
                    0.39866524729773994
                ]
            }
        },
        "EOR": {
            "Train": {
                "sex": [
                    0.6424838610513371,
                    0.2677016087713905,
                    0.8031048263141715
                ],
                "race": [
                    0.0,
                    0.0,
                    0.0
                ]
            },
            "Validation": {
                "sex": [
                    0.0,
                    0.0,
                    0.7139126200699394
                ],
                "race": [
                    0.0,
                    0.0,
                    0.0
                ]
            },
            "Test": {
                "sex": [
                    0.763225678620963,
                    0.7776533852111512,
                    0.8019076818259241
                ],
                "race": [
                    0.0,
                    0.0,
                    0.0
                ]
            }
        }
    },
    "MLP": {
        "AUC": {
            "Train": [
                0.6291239415315115,
                0.6091979521970736,
                0.6164265434288863
            ],
            "Validation": [
                0.6316351686283512,
                0.6129146696555552,
                0.6196612085610468
            ],
            "Test": [
                0.6338540659781334,
                0.6113693873020861,
                0.6202736903149888
            ]
        },
        "DPR": {
            "Train": {
                "sex": [
                    0.42295903916682887,
                    0.4559106484523647,
                    0.47746700767567424
                ],
                "race": [
                    0.3846434338698755,
                    0.42256602594155335,
                    0.546432570927334
                ]
            },
            "Validation": {
                "sex": [
                    0.4373105319531563,
                    0.4379994269310282,
                    0.5171672377880804
                ],
                "race": [
                    0.2452187581870579,
                    0.16589861751152077,
                    0.33179723502304154
                ]
            },
            "Test": {
                "sex": [
                    0.4290900727432394,
                    0.5016965777017182,
                    0.5332380170436851
                ],
                "race": [
                    0.29528535980148884,
                    0.17296511627906977,
                    0.4151162790697674
                ]
            }
        },
        "EOR": {
            "Train": {
                "sex": [
                    0.6282591261203113,
                    0.7436155799205292,
                    0.7671449087180146
                ],
                "race": [
                    0.08288288288288288,
                    0.0,
                    0.20720720720720723
                ]
            },
            "Validation": {
                "sex": [
                    0.6011941618752764,
                    0.5489164086687307,
                    0.7708187866411962
                ],
                "race": [
                    0.0,
                    0.0,
                    0.0
                ]
            },
            "Test": {
                "sex": [
                    0.4585462575987842,
                    0.6462794101091973,
                    0.7675752524757329
                ],
                "race": [
                    0.13066666666666668,
                    0.0,
                    0.25407407407407406
                ]
            }
        }
    },