{
    "Random Forest": {
        "AUC": {
            "Train": [
                0.8832134046845957,
                0.8820857082845517,
                0.884385799914023
            ],
            "Validation": [
                0.8847912044984084,
                0.8857899293426895,
                0.8878041227714697
            ],
            "Test": [
                0.8853962405281787,
                0.8872765604804739,
                0.889192069991886
            ]
        },
        "DPR": {
            "Train": {
                "sex": [
                    0.2515615085841711,
                    0.1891904464304416,
                    0.2206575477986974
                ],
                "race": [
                    0.33414986495823124,
                    0.33053743398570984,
                    0.34483370981261274
                ]
            },
            "Validation": {
                "sex": [
                    0.22210604540609558,
                    0.171021483226789,
                    0.2019598712172429
                ],
                "race": [
                    0.33905525623355465,
                    0.25575048732943473,
                    0.17354497354497353
                ]
            },
            "Test": {
                "sex": [
                    0.2672271936614783,
                    0.19870834293911216,
                    0.20880312883359345
                ],
                "race": [
                    0.18706473396539963,
                    0.0954645280207067,
                    0.24031007751937983
                ]
            }
        },
        "EOR": {
            "Train": {
                "sex": [
                    0.19194363544212636,
                    0.12114717681671978,
                    0.1351859745042558
                ],
                "race": [
                    0.23763386027536973,
                    0.16571834992887624,
                    0.29514654080410907
                ]
            },
            "Validation": {
                "sex": [
                    0.1696130232783431,
                    0.12376841316479659,
                    0.1318263816094196
                ],
                "race": [
                    0.27606951871657753,
                    0.19783205665558606,
                    0.11800000000000001
                ]
            },
            "Test": {
                "sex": [
                    0.17859256426256567,
                    0.11153827887537994,
                    0.10150869712790746
                ],
                "race": [
                    0.22856326219512196,
                    0.0,
                    0.19727891156462585
                ]
            }
        }
    },
    "SVM": {
        "AUC": {
            "Train": [
                0.6186140484478576,
                0.6266119006930926,
                0.6318763246173745
            ],
            "Validation": [
                0.624423582418504,
                0.6374357180437336,
                0.6228746485087843
            ],
            "Test": [
                0.6362938894160437,
                0.640995592670538,
                0.6397983703389538
            ]
        },
        "DPR": {
            "Train": {
                "sex": [
                    0.34473243768941964,
                    0.36054585226232877,
                    0.3802196003927423
                ],
                "race": [
                    0.0,
                    0.0,
                    0.39006094702297234
                ]
            },
            "Validation": {
                "sex": [
                    0.2976718403547672,
                    0.2976718403547672,
                    0.5530816293011416
                ],
                "race": [
                    0.0,
                    0.0,
                    0.0
                ]
            },
            "Test": {
                "sex": [
                    0.39080722877776886,
                    0.42518379056840594,
                    0.4081764389456697
                ],
                "race": [
                    0.0,
                    0.0,
                    0.0
                ]
            }
        },
        "EOR": {
            "Train": {
                "sex": [
                    0.0,
                    0.535403217542781,
                    0.2677016087713905
                ],
                "race": [
                    0.0,
                    0.0,
                    0.0
                ]
            },
            "Validation": {
                "sex": [
                    0.8778146917681802,
                    0.8778146917681802,
                    0.6072570031960894
                ],
                "race": [
                    0.0,
                    0.0,
                    0.0
                ]
            },
            "Test": {
                "sex": [
                    0.9434829510810938,
                    0.6303889634029507,
                    0.6303889634029507
                ],
                "race": [
                    0.0,
                    0.0,
                    0.0
                ]
            }
        }
    },
    "MLP": {
        "AUC": {
            "Train": [
                0.5926493578115221,
                0.6355816083193637,
                0.6282080118323621
            ],
            "Validation": [
                0.5871271239084312,
                0.6365806625546814,
                0.6315142062465483
            ],
            "Test": [
                0.597730334362157,
                0.6424600245557995,
                0.6344892217636772
            ]
        },
        "DPR": {
            "Train": {
                "sex": [
                    0.5286539337751156,
                    0.5424703195883741,
                    0.5215564035732168
                ],
                "race": [
                    0.3989259685462217,
                    0.577002470068784,
                    0.5392759590360087
                ]
            },
            "Validation": {
                "sex": [
                    0.46242374043551254,
                    0.5176240993055611,
                    0.5239720698642393
                ],
                "race": [
                    0.18904899135446687,
                    0.3661759742451385,
                    0.3150816522574448
                ]
            },
            "Test": {
                "sex": [
                    0.5656793039736183,
                    0.5624291629658356,
                    0.5818560984970507
                ],
                "race": [
                    0.2651544033549371,
                    0.4588487547418769,
                    0.41687344913151364
                ]
            }
        },
        "EOR": {
            "Train": {
                "sex": [
                    0.8031048263141715,
                    0.7909101760230669,
                    0.7598237278900546
                ],
                "race": [
                    0.27218934911242604,
                    0.31833563382163055,
                    0.27627627627627627
                ]
            },
            "Validation": {
                "sex": [
                    0.6524855423798118,
                    0.6873388073764974,
                    0.7262061804126685
                ],
                "race": [
                    0.0,
                    0.30303030303030304,
                    0.21367521367521367
                ]
            },
            "Test": {
                "sex": [
                    0.8012186393084589,
                    0.808268924591113,
                    0.8745559345080445
                ],
                "race": [
                    0.0,
                    0.46153846153846156,
                    0.2831111111111111
                ]
            }
        }
    },