{
    "Random Forest": {
        "AUC": {
            "Train": [
                0.5849113709608621,
                0.5679254977098889,
                0.528957880061548
            ],
            "Validation": [
                0.5867403201657787,
                0.5726102162535751,
                0.5251544668394151
            ],
            "Test": [
                0.586728901695414,
                0.5683128293401342,
                0.5249422964760901
            ]
        },
        "DPR": {
            "Train": {
                "sex": [
                    0.7723409797544598,
                    0.933645974187194,
                    0.940121414479221
                ],
                "race": [
                    0.6747345935866633,
                    0.6194856159658043,
                    0.6594954898673335
                ]
            },
            "Validation": {
                "sex": [
                    0.7591889071309483,
                    0.9217469331893156,
                    0.9515517639503062
                ],
                "race": [
                    0.6786220694533154,
                    0.6355231513160741,
                    0.6807774591076815
                ]
            },
            "Test": {
                "sex": [
                    0.7739071798243395,
                    0.9353650249841438,
                    0.9454463245627841
                ],
                "race": [
                    0.7278599841556637,
                    0.639423076923077,
                    0.6938931103425457
                ]
            }
        },
        "EOR": {
            "Train": {
                "sex": [
                    0.7664660639180871,
                    0.9415140172269338,
                    0.7686441923573893
                ],
                "race": [
                    0.6543292124529252,
                    0.5766423357664233,
                    0.43334613907030356
                ]
            },
            "Validation": {
                "sex": [
                    0.7554954198453799,
                    0.9316790391191925,
                    0.7342524497819156
                ],
                "race": [
                    0.6638605178640875,
                    0.5943396226415094,
                    0.34501347708894875
                ]
            },
            "Test": {
                "sex": [
                    0.7734876051377254,
                    0.9463624621818548,
                    0.7525418545982723
                ],
                "race": [
                    0.7095487910189983,
                    0.525974025974026,
                    0.5021645021645021
                ]
            }
        }
    },
    "SVM": {
        "AUC": {
            "Train": [
                0.40620478884444033,
                0.4062610743279167,
                0.4061962578966021
            ],
            "Validation": [
                0.40576308927567045,
                0.40592076480142386,
                0.40576682425447697
            ],
            "Test": [
                0.4062374092282696,
                0.4064066132337197,
                0.4062488379567232
            ]
        },
        "DPR": {
            "Train": {
                "sex": [
                    0.9954771494919378,
                    0.9954771494919378,
                    0.9954771494919378
                ],
                "race": [
                    0.9939849624060151,
                    0.9939849624060151,
                    0.9939849624060151
                ]
            },
            "Validation": {
                "sex": [
                    0.9960698432590213,
                    0.9960698432590213,
                    0.9960698432590213
                ],
                "race": [
                    0.9878048780487805,
                    0.9878048780487805,
                    0.9878048780487805
                ]
            },
            "Test": {
                "sex": [
                    0.996217509646498,
                    0.996217509646498,
                    0.996217509646498
                ],
                "race": [
                    0.9883720930232558,
                    0.9883720930232558,
                    0.9883720930232558
                ]
            }
        },
        "EOR": {
            "Train": {
                "sex": [
                    0.9987103752802995,
                    0.9987103752802995,
                    0.9987103752802995
                ],
                "race": [
                    0.9615384615384616,
                    0.9615384615384616,
                    0.9615384615384616
                ]
            },
            "Validation": {
                "sex": [
                    0.9977549580835074,
                    0.9977549580835074,
                    0.9977549580835074
                ],
                "race": [
                    0.9333333333333333,
                    0.9333333333333333,
                    0.9333333333333333
                ]
            },
            "Test": {
                "sex": [
                    0.9987875019118226,
                    0.9987875019118226,
                    0.9987875019118226
                ],
                "race": [
                    0.75,
                    0.75,
                    0.75
                ]
            }
        }
    },
    "MLP": {
        "AUC": {
            "Train": [
                0.4558862236455765,
                0.47039358539468357,
                0.4262638421929
            ],
            "Validation": [
                0.4578743412218915,
                0.4718115844102664,
                0.42493153104760545
            ],
            "Test": [
                0.45241985047441613,
                0.4663992232162182,
                0.42149824915661654
            ]
        },
        "DPR": {
            "Train": {
                "sex": [
                    0.9849698129447663,
                    0.9887320828198178,
                    0.9867318912610957
                ],
                "race": [
                    0.9856437969924811,
                    0.9800969687092568,
                    0.9815811204311357
                ]
            },
            "Validation": {
                "sex": [
                    0.9865058893169633,
                    0.990564754663302,
                    0.9858278662900785
                ],
                "race": [
                    0.9805423836240287,
                    0.9826512664165103,
                    0.9778582930756844
                ]
            },
            "Test": {
                "sex": [
                    0.9843658359269011,
                    0.989133160703872,
                    0.9831673973509516
                ],
                "race": [
                    0.9889184060721062,
                    0.9913957934990439,
                    0.9663865546218487
                ]
            }
        },
        "EOR": {
            "Train": {
                "sex": [
                    0.9985379688853007,
                    0.9983302954945309,
                    0.9828382415762116
                ],
                "race": [
                    0.8989501312335959,
                    0.8616352201257862,
                    0.91
                ]
            },
            "Validation": {
                "sex": [
                    0.9918251584918251,
                    0.992000392618767,
                    0.9770771160416938
                ],
                "race": [
                    0.9239130434782609,
                    0.9333333333333333,
                    0.9275
                ]
            },
            "Test": {
                "sex": [
                    0.9969172156214396,
                    0.996457136160649,
                    0.9945787091121495
                ],