{
    "Random Forest": {
        "AUC": {
            "Train": [
                0.8750881983201333,
                0.8781998354715976,
                0.8808600154891977
            ],
            "Validation": [
                0.8744646035209646,
                0.878229865365898,
                0.8831142839001531
            ],
            "Test": [
                0.8743903330100375,
                0.8776522685836902,
                0.8823538667947245
            ]
        },
        "DPR": {
            "Train": {
                "sex": [
                    0.6051154491356834,
                    0.5397080477225047,
                    0.5560508013594371
                ],
                "race": [
                    0.3792664736334123,
                    0.3184865900383142,
                    0.371757602862254
                ]
            },
            "Validation": {
                "sex": [
                    0.548426772436327,
                    0.4996684164533855,
                    0.5415108839182724
                ],
                "race": [
                    0.3203330131284022,
                    0.267188009123493,
                    0.27609427609427606
                ]
            },
            "Test": {
                "sex": [
                    0.5639667248058856,
                    0.532157909305034,
                    0.5399086184971478
                ],
                "race": [
                    0.28111962813794694,
                    0.19610192788919042,
                    0.28878892733564016
                ]
            }
        },
        "EOR": {
            "Train": {
                "sex": [
                    0.7386987109469139,
                    0.5895625025543341,
                    0.5899009315705194
                ],
                "race": [
                    0.20990990990990993,
                    0.1799227799227799,
                    0.10746926013889307
                ]
            },
            "Validation": {
                "sex": [
                    0.6450641872572026,
                    0.6158203476754457,
                    0.6329989799387964
                ],
                "race": [
                    0.27897551365043627,
                    0.1120607787274454,
                    0.15128205128205127
                ]
            },
            "Test": {
                "sex": [
                    0.6995582321735355,
                    0.5881868788634268,
                    0.6090749949922053
                ],
                "race": [
                    0.2932330827067669,
                    0.0,
                    0.25396825396825395
                ]
            }
        }
    },
    "SVM": {
        "AUC": {
            "Train": [
                0.6290443054463115,
                0.6290689075318258,
                0.6275078275096577
            ],
            "Validation": [
                0.6317793472988718,
                0.6308458996978232,
                0.6302902791574091
            ],
            "Test": [
                0.6371399514606776,
                0.6332614317852182,
                0.6346400851810022
            ]
        },
        "DPR": {
            "Train": {
                "sex": [
                    0.3785297355021078,
                    0.4452793986821671,
                    0.4241187719207371
                ],
                "race": [
                    0.356305672761369,
                    0.29398762157382846,
                    0.4231129864041256
                ]
            },
            "Validation": {
                "sex": [
                    0.499995669345898,
                    0.4525213330645703,
                    0.47406996797240697
                ],
                "race": [
                    0.0,
                    0.0,
                    0.18004665843282555
                ]
            },
            "Test": {
                "sex": [
                    0.41935935508116745,
                    0.39721868219545037,
                    0.40564118156091394
                ],
                "race": [
                    0.0,
                    0.0,
                    0.0
                ]
            }
        },
        "EOR": {
            "Train": {
                "sex": [
                    0.535403217542781,
                    0.535403217542781,
                    0.535403217542781
                ],
                "race": [
                    0.0,
                    0.0,
                    0.0
                ]
            },
            "Validation": {
                "sex": [
                    0.6782169890664423,
                    0.7493692178301095,
                    0.7153069806560135
                ],
                "race": [
                    0.0,
                    0.0,
                    0.3018867924528302
                ]
            },
            "Test": {
                "sex": [
                    0.6303889634029507,
                    0.6303889634029507,
                    0.6303889634029507
                ],
                "race": [
                    0.0,
                    0.0,
                    0.0
                ]
            }
        }
    },
    "MLP": {
        "AUC": {
            "Train": [
                0.5775914839865349,
                0.5193388765722026,
                0.6340742273808384
            ],
            "Validation": [
                0.5760403061935626,
                0.5214808180825944,
                0.6356914404981375
            ],
            "Test": [
                0.5796019970526486,
                0.5197428973078748,
                0.642217374163082
            ]
        },
        "DPR": {
            "Train": {
                "sex": [
                    0.46178112583512954,
                    0.9997806384554851,
                    0.5289545340208026
                ],
                "race": [
                    0.26004063134864824,
                    0.9994338942926252,
                    0.5225398334686978
                ]
            },
            "Validation": {
                "sex": [
                    0.4956186028802437,
                    0.99975741163291,
                    0.5496884904710732
                ],
                "race": [
                    0.0,
                    0.9994863893168978,
                    0.42339097022094135
                ]
            },
            "Test": {
                "sex": [
                    0.6321316532344443,
                    0.9994565454015047,
                    0.6021086095821787
                ],
                "race": [
                    0.4075650184172341,
                    0.9990512333965844,
                    0.21288014311270126
                ]
            }
        },
        "EOR": {
            "Train": {
                "sex": [
                    0.6883755654121471,
                    0.9999012689588106,
                    0.8175102940507486
                ],
                "race": [
                    0.0,
                    0.9992307154346458,
                    0.22604422604422605
                ]
            },
            "Validation": {
                "sex": [
                    0.8591735092206219,
                    0.9995574394509804,
                    0.729382077272149
                ],
                "race": [
                    0.0,
                    0.9993055555555556,
                    0.2540106951871658
                ]
            },
            "Test": {
                "sex": [
                    0.840518617870601,
                    0.9994711584118555,
                    0.8639411953268566
                ],
                "race": [
                    0.0,
                    0.9988888888888889,
                    0.0
                ]
            }
        }
    },