{
    "Random Forest": {
        "AUC": {
            "Train": [
                0.9820397788294412,
                0.9815798741799914,
                0.9819770012738019
            ],
            "Validation": [
                0.9057273523193622,
                0.9055737725374139,
                0.9037837415014378
            ],
            "Test": [
                0.911995828682184,
                0.9119323404149292,
                0.9106383100305621
            ]
        },
        "DPR": {
            "Train": {
                "sex": [
                    0.34531293493835535,
                    0.34597159095214225,
                    0.3575496263432513
                ],
                "race": [
                    0.36236846562249175,
                    0.3884589253167064,
                    0.3781534325889165
                ]
            },
            "Validation": {
                "sex": [
                    0.30284354423381366,
                    0.29573990992671184,
                    0.29772389908865227
                ],
                "race": [
                    0.17454235845040442,
                    0.16687016687016684,
                    0.23107890499194844
                ]
            },
            "Test": {
                "sex": [
                    0.305345356640591,
                    0.29876619710813784,
                    0.3011481696077306
                ],
                "race": [
                    0.27307963354474984,
                    0.2612066059993259,
                    0.27307963354474984
                ]
            }
        },
        "EOR": {
            "Train": {
                "sex": [
                    0.11185303987662555,
                    0.12080128306675561,
                    0.15880603910167235
                ],
                "race": [
                    0.3085198824843795,
                    0.19481605351170567,
                    0.35511923973462434
                ]
            },
            "Validation": {
                "sex": [
                    0.2596386468649072,
                    0.2563170437067207,
                    0.24541187169422735
                ],
                "race": [
                    0.0,
                    0.0,
                    0.0
                ]
            },
            "Test": {
                "sex": [
                    0.19361962471443542,
                    0.17104108162989906,
                    0.18541428176686536
                ],
                "race": [
                    0.12459720730397422,
                    0.10292812777284825,
                    0.11273080660835762
                ]
            }
        }
    },
    "SVM": {
        "AUC": {
            "Train": [
                0.6313664440485584,
                0.6313663449727583,
                0.6313664440485584
            ],
            "Validation": [
                0.6230039297070198,
                0.6230039297070198,
                0.6230039297070198
            ],
            "Test": [
                0.6367338744528128,
                0.6367338744528128,
                0.6367338744528128
            ]
        },
        "DPR": {
            "Train": {
                "sex": [
                    0.42089425531847746,
                    0.42089425531847746,
                    0.42089425531847746
                ],
                "race": [
                    0.5635796458581268,
                    0.5635796458581268,
                    0.5635796458581268
                ]
            },
            "Validation": {
                "sex": [
                    0.47334949689646105,
                    0.47334949689646105,
                    0.47334949689646105
                ],
                "race": [
                    0.27129859387923905,
                    0.27129859387923905,
                    0.27129859387923905
                ]
            },
            "Test": {
                "sex": [
                    0.4709728141680804,
                    0.4709728141680804,
                    0.4709728141680804
                ],
                "race": [
                    0.6141700000525633,
                    0.6141700000525633,
                    0.6141700000525633
                ]
            }
        },
        "EOR": {
            "Train": {
                "sex": [
                    0.7471004784688996,
                    0.7471004784688996,
                    0.7471004784688996
                ],
                "race": [
                    0.0,
                    0.0,
                    0.0
                ]
            },
            "Validation": {
                "sex": [
                    0.6072570031960894,
                    0.6072570031960894,
                    0.6072570031960894
                ],
                "race": [
                    0.0,
                    0.0,
                    0.0
                ]
            },
            "Test": {
                "sex": [
                    0.7931610942249241,
                    0.7931610942249241,
                    0.7931610942249241
                ],
                "race": [
                    0.0,
                    0.0,
                    0.0
                ]
            }
        }
    },
    "MLP": {
        "AUC": {
            "Train": [
                0.726969564331377,
                0.6349298042741927,
                0.6860657552527383
            ],
            "Validation": [
                0.7285252724794369,
                0.6375530515540823,
                0.6874995437383844
            ],
            "Test": [
                0.7346326985248915,
                0.6409208437443658,
                0.693504297306942
            ]
        },
        "DPR": {
            "Train": {
                "sex": [
                    0.4808804457468655,
                    0.4802773899697797,
                    0.47215502927089564
                ],
                "race": [
                    0.37643034501918704,
                    0.48235720793638154,
                    0.5329048506852451
                ]
            },
            "Validation": {
                "sex": [
                    0.47697779721798367,
                    0.5066191984066999,
                    0.47963090601313907
                ],
                "race": [
                    0.4096061479346782,
                    0.2933518831362417,
                    0.42536023054755046
                ]
            },
            "Test": {
                "sex": [
                    0.514263500731866,
                    0.5542741282386252,
                    0.5319835104742141
                ],
                "race": [
                    0.3610712577714012,
                    0.4612403100775194,
                    0.4096194503171247
                ]
            }
        },
        "EOR": {
            "Train": {
                "sex": [
                    0.5643961715613431,
                    0.7079220320843438,
                    0.624498309731082
                ],
                "race": [
                    0.3815149885079955,
                    0.41441441441441446,
                    0.444015444015444
                ]
            },
            "Validation": {
                "sex": [
                    0.5283481123251716,
                    0.7288890016748719,
                    0.5888691852490496
                ],
                "race": [
                    0.3657063998619976,
                    0.1711229946524064,
                    0.32085561497326204
                ]
            },
            "Test": {
                "sex": [
                    0.5932587046235204,
                    0.8841795804474564,
                    0.7138449848024316
                ],