{
    "Random Forest": {
        "AUC": {
            "Train": [
                0.8911944922615542,
                0.8920577240640934,
                0.8940116709206687
            ],
            "Validation": [
                0.8902835120548988,
                0.8936564525748519,
                0.8963762174545405
            ],
            "Test": [
                0.8962759488334145,
                0.8948641437216385,
                0.8997199037146436
            ]
        },
        "DPR": {
            "Train": {
                "sex": [
                    0.2691838925853401,
                    0.29609094525087976,
                    0.2665217498656612
                ],
                "race": [
                    0.40887536218517745,
                    0.38420604512558537,
                    0.35421923184749093
                ]
            },
            "Validation": {
                "sex": [
                    0.25407808164379114,
                    0.27753973859069747,
                    0.25181866444411233
                ],
                "race": [
                    0.287005069383019,
                    0.3452490444948597,
                    0.31802634059629936
                ]
            },
            "Test": {
                "sex": [
                    0.26889093474681797,
                    0.2834558603789373,
                    0.2706331403836165
                ],
                "race": [
                    0.28969107948628947,
                    0.2655690310380566,
                    0.18342799551649758
                ]
            }
        },
        "EOR": {
            "Train": {
                "sex": [
                    0.19633916333923807,
                    0.22363686376322844,
                    0.17891955624214453
                ],
                "race": [
                    0.4067514488414344,
                    0.2296253472724061,
                    0.2539232781168265
                ]
            },
            "Validation": {
                "sex": [
                    0.1885243941496744,
                    0.20609135921136454,
                    0.19769680681604682
                ],
                "race": [
                    0.19700013042911177,
                    0.266829640947288,
                    0.25240641711229944
                ]
            },
            "Test": {
                "sex": [
                    0.17699550219803048,
                    0.21021202006451975,
                    0.17324308110702288
                ],
                "race": [
                    0.24550571379839672,
                    0.41596347243093285,
                    0.11317073170731709
                ]
            }
        }
    },
    "SVM": {
        "AUC": {
            "Train": [
                0.6065370786488731,
                0.608374350714566,
                0.6011703511392361
            ],
            "Validation": [
                0.6037879306197127,
                0.6032166698555463,
                0.5896186518729816
            ],
            "Test": [
                0.6060701128120543,
                0.6070421429739812,
                0.5995447290389242
            ]
        },
        "DPR": {
            "Train": {
                "sex": [
                    0.4259851632775437,
                    0.4292894507075792,
                    0.45246132446736326
                ],
                "race": [
                    0.47318819403857393,
                    0.4777298850574712,
                    0.5493045788404438
                ]
            },
            "Validation": {
                "sex": [
                    0.4306691962566232,
                    0.41808683105104233,
                    0.47958240946045827
                ],
                "race": [
                    0.2450635073113459,
                    0.2450635073113459,
                    0.28643786568858615
                ]
            },
            "Test": {
                "sex": [
                    0.4956428187197418,
                    0.48737485247244144,
                    0.47035956831629905
                ],
                "race": [
                    0.4838501291989664,
                    0.5100041902367484,
                    0.39866524729773994
                ]
            }
        },
        "EOR": {
            "Train": {
                "sex": [
                    0.6424838610513371,
                    0.2677016087713905,
                    0.8031048263141715
                ],
                "race": [
                    0.0,
                    0.0,
                    0.0
                ]
            },
            "Validation": {
                "sex": [
                    0.0,
                    0.0,
                    0.7139126200699394
                ],
                "race": [
                    0.0,
                    0.0,
                    0.0
                ]
            },
            "Test": {
                "sex": [
                    0.763225678620963,
                    0.7776533852111512,
                    0.8019076818259241
                ],
                "race": [
                    0.0,
                    0.0,
                    0.0
                ]
            }
        }
    },
    "MLP": {
        "AUC": {
            "Train": [
                0.5131307608666859,
                0.6324167361761622,
                0.608816922313518
            ],
            "Validation": [
                0.5131952344726322,
                0.6350243647947009,
                0.6113774287760763
            ],
            "Test": [
                0.5151534645034829,
                0.6353713137151087,
                0.610890494167714
            ]
        },
        "DPR": {
            "Train": {
                "sex": [
                    0.999821637224155,
                    0.46246661174059733,
                    0.2985311831537242
                ],
                "race": [
                    0.9963460449796716,
                    0.2629956385230647,
                    0.09961685823754789
                ]
            },
            "Validation": {
                "sex": [
                    0.9976973022526698,
                    0.4325369294767017,
                    0.2710359038202901
                ],
                "race": [
                    0.989247311827957,
                    0.12768787408556861,
                    0.09077809798270893
                ]
            },
            "Test": {
                "sex": [
                    0.998052355339002,
                    0.461329636154811,
                    0.2401037876150998
                ],
                "race": [
                    0.9960973605833419,
                    0.2032258064516129,
                    0.11290322580645161
                ]
            }
        },
        "EOR": {
            "Train": {
                "sex": [
                    0.9982531447761773,
                    0.5636335690132186,
                    0.4118486288790623
                ],
                "race": [
                    0.9947388932190179,
                    0.11364134441057518,
                    0.0
                ]
            },
            "Validation": {
                "sex": [
                    0.9966738420477331,
                    0.4468873364254722,
                    0.4241127162475477
                ],
                "race": [
                    0.9333333333333333,
                    0.0,
                    0.0
                ]
            },
            "Test": {
                "sex": [
                    0.9963552985231191,
                    0.48177192389958345,
                    0.2138861377685188
                ],