{
    "Random Forest": {
        "AUC": {
            "Train": [
                0.8517522337421306,
                0.8530610459192347,
                0.8481311957573031
            ],
            "Validation": [
                0.8470609154670735,
                0.8546052118912897,
                0.8550176723917666
            ],
            "Test": [
                0.8476753651195125,
                0.8563766191241367,
                0.8558713390725998
            ]
        },
        "DPR": {
            "Train": {
                "sex": [
                    0.32517711302308305,
                    0.20224632268455206,
                    0.2273193141347721
                ],
                "race": [
                    0.3342661466111812,
                    0.3653846153846154,
                    0.21708808167141502
                ]
            },
            "Validation": {
                "sex": [
                    0.26353694075713946,
                    0.21348077284131836,
                    0.18966065913713454
                ],
                "race": [
                    0.2681545976659105,
                    0.12330901352789175,
                    0.19721019721019722
                ]
            },
            "Test": {
                "sex": [
                    0.2884026576334269,
                    0.23777268288097264,
                    0.21009081416321237
                ],
                "race": [
                    0.16480484750008462,
                    0.3041529354803442,
                    0.16031027795733677
                ]
            }
        },
        "EOR": {
            "Train": {
                "sex": [
                    0.25906607300457146,
                    0.16781294878206568,
                    0.1734312262960665
                ],
                "race": [
                    0.26993985035943074,
                    0.23885009855343603,
                    0.2469528351881293
                ]
            },
            "Validation": {
                "sex": [
                    0.1891826787056722,
                    0.20101164261108445,
                    0.1493166396637739
                ],
                "race": [
                    0.1891025641025641,
                    0.0,
                    0.2056644880174292
                ]
            },
            "Test": {
                "sex": [
                    0.1723302655976158,
                    0.18380559362391186,
                    0.16465622715555386
                ],
                "race": [
                    0.19902107184337148,
                    0.17911896465903435,
                    0.0946938775510204
                ]
            }
        }
    },
    "SVM": {
        "AUC": {
            "Train": [
                0.5919827080398864,
                0.5915607285638035,
                0.59932169057105
            ],
            "Validation": [
                0.5796650606823704,
                0.5746728795209584,
                0.5933838924964445
            ],
            "Test": [
                0.587737970181355,
                0.5910250741680358,
                0.5999457429520145
            ]
        },
        "DPR": {
            "Train": {
                "sex": [
                    0.35123682330620115,
                    0.35123682330620115,
                    0.35123682330620115
                ],
                "race": [
                    0.0,
                    0.0,
                    0.0
                ]
            },
            "Validation": {
                "sex": [
                    0.2976718403547672,
                    0.2976718403547672,
                    0.2976718403547672
                ],
                "race": [
                    0.0,
                    0.0,
                    0.0
                ]
            },
            "Test": {
                "sex": [
                    0.39080722877776886,
                    0.39080722877776886,
                    0.39080722877776886
                ],
                "race": [
                    0.0,
                    0.0,
                    0.0
                ]
            }
        },
        "EOR": {
            "Train": {
                "sex": [
                    0.9429152364502942,
                    0.9429152364502942,
                    0.9429152364502942
                ],
                "race": [
                    0.0,
                    0.0,
                    0.0
                ]
            },
            "Validation": {
                "sex": [
                    0.8778146917681802,
                    0.8778146917681802,
                    0.8778146917681802
                ],
                "race": [
                    0.0,
                    0.0,
                    0.0
                ]
            },
            "Test": {
                "sex": [
                    0.9434829510810938,
                    0.9434829510810938,
                    0.9434829510810938
                ],
                "race": [
                    0.0,
                    0.0,
                    0.0
                ]
            }
        }
    },
    "MLP": {
        "AUC": {
            "Train": [
                0.5346841536496709,
                0.6835307236141851,
                0.5611236050909526
            ],
            "Validation": [
                0.5269824206431598,
                0.6845660574293737,
                0.5636710962383502
            ],
            "Test": [
                0.5333784838136223,
                0.690697557063074,
                0.564866164337636
            ]
        },
        "DPR": {
            "Train": {
                "sex": [
                    0.337697081818207,
                    0.5037098179814613,
                    0.9968248740283415
                ],
                "race": [
                    0.0,
                    0.4411403567521711,
                    0.9951923076923077
                ]
            },
            "Validation": {
                "sex": [
                    0.30475926512511875,
                    0.4865454934453651,
                    0.9960095904856843
                ],
                "race": [
                    0.0,
                    0.35183560957273524,
                    0.989247311827957
                ]
            },
            "Test": {
                "sex": [
                    0.5102205486820872,
                    0.5293272821278796,
                    0.9996817936661448
                ],
                "race": [
                    0.0,
                    0.33209302325581397,
                    0.9972270719934271
                ]
            }
        },
        "EOR": {
            "Train": {
                "sex": [
                    0.9065670300565185,
                    0.6023286197356287,
                    0.9964904976812342
                ],
                "race": [
                    0.0,
                    0.31081081081081086,
                    0.9945652173913043
                ]
            },
            "Validation": {
                "sex": [
                    0.8987150415721843,
                    0.554787172397808,
                    0.9954276665485472
                ],
                "race": [
                    0.0,
                    0.2420489726991275,
                    0.9333333333333333
                ]
            },
            "Test": {
                "sex": [
                    0.0,
                    0.6279191995947315,
                    0.9993509316156566
                ],
                "race": [
                    0.0,
                    0.34146341463414637,
                    0.9969431707655968
                ]
            }
        }
    },