{
    "Random Forest": {
        "AUC": {
            "Train": [
                0.968151281029237,
                0.9670668807538271,
                0.9674544861417986
            ],
            "Validation": [
                0.8855472193846758,
                0.8858032776476289,
                0.8862304870700974
            ],
            "Test": [
                0.890316812336035,
                0.8921522787308885,
                0.8907568183814962
            ]
        },
        "DPR": {
            "Train": {
                "sex": [
                    0.35457112416573683,
                    0.32553962531270675,
                    0.3349079699607504
                ],
                "race": [
                    0.46536997015539777,
                    0.4537460738803818,
                    0.4504896837378547
                ]
            },
            "Validation": {
                "sex": [
                    0.3430092407344451,
                    0.30640328004150513,
                    0.32021070218282993
                ],
                "race": [
                    0.4182980555831594,
                    0.40125783065264337,
                    0.39639304638839823
                ]
            },
            "Test": {
                "sex": [
                    0.3354781244096482,
                    0.30780518346722635,
                    0.3179806529001165
                ],
                "race": [
                    0.3849627455407541,
                    0.43389319552110245,
                    0.5249491984646647
                ]
            }
        },
        "EOR": {
            "Train": {
                "sex": [
                    0.246007799308555,
                    0.18749064346665417,
                    0.21432938849828753
                ],
                "race": [
                    0.4545680423177731,
                    0.35235180475880695,
                    0.4230096826250672
                ]
            },
            "Validation": {
                "sex": [
                    0.3037968399701078,
                    0.25690972579636245,
                    0.2725943116054393
                ],
                "race": [
                    0.35340618460823064,
                    0.39740584821936514,
                    0.34911242603550297
                ]
            },
            "Test": {
                "sex": [
                    0.2754691225451832,
                    0.227934998838724,
                    0.25019175455417064
                ],
                "race": [
                    0.44830917874396137,
                    0.3853820598006644,
                    0.5542222222222222
                ]
            }
        }
    },
    "SVM": {
        "AUC": {
            "Train": [
                0.6407661980068452,
                0.6242867741732958,
                0.6328294285996168
            ],
            "Validation": [
                0.6449890123714382,
                0.6195984778942732,
                0.6300618724705068
            ],
            "Test": [
                0.6489660383148961,
                0.6379937026865874,
                0.6494992599268066
            ]
        },
        "DPR": {
            "Train": {
                "sex": [
                    0.47968715809310725,
                    0.44084191170616854,
                    0.4473957028320367
                ],
                "race": [
                    0.5151742788461539,
                    0.5555100251581917,
                    0.5379170972980954
                ]
            },
            "Validation": {
                "sex": [
                    0.5586205911262487,
                    0.48571007879315803,
                    0.5011450846777277
                ],
                "race": [
                    0.37125070741369554,
                    0.3918757467144564,
                    0.37125070741369554
                ]
            },
            "Test": {
                "sex": [
                    0.5343254564938392,
                    0.4980986781950397,
                    0.5284810735822881
                ],
                "race": [
                    0.5930232558139535,
                    0.5930232558139535,
                    0.5930232558139535
                ]
            }
        },
        "EOR": {
            "Train": {
                "sex": [
                    0.9591154791154792,
                    0.8577820308346623,
                    0.9888094567970728
                ],
                "race": [
                    0.0,
                    0.0,
                    0.0
                ]
            },
            "Validation": {
                "sex": [
                    0.7891752832335627,
                    0.8025395392726006,
                    0.8043612633882883
                ],
                "race": [
                    0.0,
                    0.0,
                    0.0
                ]
            },
            "Test": {
                "sex": [
                    0.8039679189531448,
                    0.8411697690146471,
                    0.7982529440649202
                ],
                "race": [
                    0.0,
                    0.0,
                    0.0
                ]
            }
        }
    },
    "MLP": {
        "AUC": {
            "Train": [
                0.6435348868835946,
                0.6625400605175844,
                0.5002064166076905
            ],
            "Validation": [
                0.6499085524393571,
                0.6626681737872057,
                0.5004094046087262
            ],
            "Test": [
                0.6495244283398347,
                0.6700253192554368,
                0.5002350452462099
            ]
        },
        "DPR": {
            "Train": {
                "sex": [
                    0.8844170125549249,
                    0.5175770086678335,
                    1.0
                ],
                "race": [
                    0.8575808951753537,
                    0.6291648780419707,
                    1.0
                ]
            },
            "Validation": {
                "sex": [
                    0.8919538656666028,
                    0.5318005514647488,
                    1.0
                ],
                "race": [
                    0.8455165692007798,
                    0.46512053428479944,
                    1.0
                ]
            },
            "Test": {
                "sex": [
                    0.8841264278597526,
                    0.5751924537577088,
                    1.0
                ],
                "race": [
                    0.7895199063231849,
                    0.3604651162790698,
                    1.0
                ]
            }
        },
        "EOR": {
            "Train": {
                "sex": [
                    0.886530172439921,
                    0.6932301180596233,
                    1.0
                ],
                "race": [
                    0.7916666666666666,
                    0.3825363825363826,
                    1.0
                ]
            },
            "Validation": {
                "sex": [
                    0.8850866753141395,
                    0.6511501237502995,
                    1.0
                ],
                "race": [
                    0.8450753186558517,
                    0.3683897801544861,
                    1.0
                ]
            },
            "Test": {
                "sex": [
                    0.8823309162039873,
                    0.7565536591068506,
                    1.0
                ],
                "race": [
                    0.7467307311274024,
                    0.33285509325681495,
                    1.0
                ]
            }
        }
    },