{
    "Random Forest": {
        "AUC": {
            "Train": [
                0.8188287404921126,
                0.8153120397537997,
                0.8130792883812871
            ],
            "Validation": [
                0.8239440705598615,
                0.8204253597591006,
                0.8163027495725573
            ],
            "Test": [
                0.8172186231298221,
                0.8108937463132372,
                0.8190409801008611
            ]
        },
        "DPR": {
            "Train": {
                "sex": [
                    0.2677848418225183,
                    0.3589538472569324,
                    0.3649191799453808
                ],
                "race": [
                    0.3407620190031251,
                    0.31441156243185586,
                    0.2282522509823269
                ]
            },
            "Validation": {
                "sex": [
                    0.25356473381416617,
                    0.3336659704892899,
                    0.33910154052354635
                ],
                "race": [
                    0.31757773045966037,
                    0.20596741417171288,
                    0.3135324431789613
                ]
            },
            "Test": {
                "sex": [
                    0.2578326215026864,
                    0.3264156066924233,
                    0.3551400982777579
                ],
                "race": [
                    0.2609636192386918,
                    0.27896744513477895,
                    0.1179794340735236
                ]
            }
        },
        "EOR": {
            "Train": {
                "sex": [
                    0.22820465010020174,
                    0.3258759462754572,
                    0.34418778270607353
                ],
                "race": [
                    0.32936334188570326,
                    0.31290719689991653,
                    0.22007941882657148
                ]
            },
            "Validation": {
                "sex": [
                    0.2189032203754455,
                    0.3197861473369556,
                    0.3383346662126959
                ],
                "race": [
                    0.30179028132992325,
                    0.19407851832529022,
                    0.27993234968216013
                ]
            },
            "Test": {
                "sex": [
                    0.20429906972460163,
                    0.29649605072662966,
                    0.33107079421466634
                ],
                "race": [
                    0.3806954436450839,
                    0.29090041279669765,
                    0.06921789643763945
                ]
            }
        }
    },
    "SVM": {
        "AUC": {
            "Train": [
                0.4948071088033751,
                0.501747191305358,
                0.4903509504706518
            ],
            "Validation": [
                0.5030991835506101,
                0.5081859700274742,
                0.4991135791775611
            ],
            "Test": [
                0.4955264511407363,
                0.5033684496421442,
                0.4909042867941925
            ]
        },
        "DPR": {
            "Train": {
                "sex": [
                    NaN,
                    NaN,
                    NaN
                ],
                "race": [
                    NaN,
                    NaN,
                    NaN
                ]
            },
            "Validation": {
                "sex": [
                    NaN,
                    NaN,
                    NaN
                ],
                "race": [
                    NaN,
                    NaN,
                    NaN
                ]
            },
            "Test": {
                "sex": [
                    NaN,
                    NaN,
                    NaN
                ],
                "race": [
                    NaN,
                    NaN,
                    NaN
                ]
            }
        },
        "EOR": {
            "Train": {
                "sex": [
                    NaN,
                    NaN,
                    NaN
                ],
                "race": [
                    NaN,
                    NaN,
                    NaN
                ]
            },
            "Validation": {
                "sex": [
                    NaN,
                    NaN,
                    NaN
                ],
                "race": [
                    NaN,
                    NaN,
                    NaN
                ]
            },
            "Test": {
                "sex": [
                    NaN,
                    NaN,
                    NaN
                ],
                "race": [
                    NaN,
                    NaN,
                    NaN
                ]
            }
        }
    },
    "MLP": {
        "AUC": {
            "Train": [
                0.5016808313773685,
                0.51095423240346,
                0.6023038252227797
            ],
            "Validation": [
                0.5022689147390923,
                0.5109385220790725,
                0.6028467584034052
            ],
            "Test": [
                0.5017531963569416,
                0.5119369287132642,
                0.6054678356295063
            ]
        },
        "DPR": {
            "Train": {
                "sex": [
                    1.0,
                    NaN,
                    0.7931156753480169
                ],
                "race": [
                    1.0,
                    NaN,
                    0.5260853855548687
                ]
            },
            "Validation": {
                "sex": [
                    1.0,
                    0.0,
                    0.8057001134235201
                ],
                "race": [
                    1.0,
                    0.0,
                    0.531082750102923
                ]
            },
            "Test": {
                "sex": [
                    1.0,
                    NaN,
                    0.829463470148695
                ],
                "race": [
                    1.0,
                    NaN,
                    0.45617173524150273
                ]
            }
        },
        "EOR": {
            "Train": {
                "sex": [
                    1.0,
                    NaN,
                    0.7549261896948808
                ],
                "race": [
                    1.0,
                    NaN,
                    0.5064491937035452
                ]
            },
            "Validation": {
                "sex": [
                    1.0,
                    NaN,
                    0.7339506172839507
                ],
                "race": [
                    1.0,
                    NaN,
                    0.5045934457699163
                ]
            },
            "Test": {
                "sex": [
                    1.0,
                    NaN,
                    0.7838371456002082
                ],
                "race": [
                    1.0,
                    NaN,
                    0.2916666666666667
                ]
            }
        }
    },
    "XGBoost": {
        "AUC": {
            "Train": [
                0.825084214430067,
                0.828528495973038,
                0.8194259746295034
            ],
            "Validation": [
                0.8302686205246254,
                0.8291114349601827,
                0.8220671800451629
            ],
            "Test": [
                0.8276904056622962,
                0.8321548157405355,
                0.8238781263927449
            ]
        },