{
    "Random Forest": {
        "AUC": {
            "Train": [
                0.8765491544245478,
                0.8775566562355493,
                0.8784222189266482
            ],
            "Validation": [
                0.8780720837327921,
                0.8771650780839761,
                0.8806764038130059
            ],
            "Test": [
                0.8768739595707891,
                0.8773102260690724,
                0.8831024485084311
            ]
        },
        "DPR": {
            "Train": {
                "sex": [
                    0.6151201051628518,
                    0.5379169141348542,
                    0.5062088954201369
                ],
                "race": [
                    0.46787054409005624,
                    0.36985539488320357,
                    0.47500814863102997
                ]
            },
            "Validation": {
                "sex": [
                    0.5600694294325825,
                    0.5051489189060189,
                    0.4703265222366805
                ],
                "race": [
                    0.3758614698557943,
                    0.3088512241054614,
                    0.3538823456097713
                ]
            },
            "Test": {
                "sex": [
                    0.5721470532714698,
                    0.5214414404383556,
                    0.4921904362984052
                ],
                "race": [
                    0.09203996559253622,
                    0.31893219783819193,
                    0.185912857524726
                ]
            }
        },
        "EOR": {
            "Train": {
                "sex": [
                    0.7275810611905872,
                    0.5965921566905273,
                    0.5201059827558444
                ],
                "race": [
                    0.3911532990480359,
                    0.26238738738738737,
                    0.194591872839607
                ]
            },
            "Validation": {
                "sex": [
                    0.6541880486873913,
                    0.6047615023546312,
                    0.5326522187822498
                ],
                "race": [
                    0.33618233618233617,
                    0.21454545454545454,
                    0.45093945720250517
                ]
            },
            "Test": {
                "sex": [
                    0.6932513419960775,
                    0.5691384950926937,
                    0.5037136806926057
                ],
                "race": [
                    0.09523809523809523,
                    0.1533168591027225,
                    0.2979260669785155
                ]
            }
        }
    },
    "SVM": {
        "AUC": {
            "Train": [
                0.6301753443509794,
                0.6268281258049908,
                0.6291713519091072
            ],
            "Validation": [
                0.6355550288858168,
                0.6286763438835732,
                0.6295161199138715
            ],
            "Test": [
                0.6392473333562187,
                0.6320636422189498,
                0.6331583841509083
            ]
        },
        "DPR": {
            "Train": {
                "sex": [
                    0.3785297355021078,
                    0.4452793986821671,
                    0.4241187719207371
                ],
                "race": [
                    0.356305672761369,
                    0.29398762157382846,
                    0.4231129864041256
                ]
            },
            "Validation": {
                "sex": [
                    0.499995669345898,
                    0.4525213330645703,
                    0.47406996797240697
                ],
                "race": [
                    0.0,
                    0.0,
                    0.18004665843282555
                ]
            },
            "Test": {
                "sex": [
                    0.41935935508116745,
                    0.39721868219545037,
                    0.40564118156091394
                ],
                "race": [
                    0.0,
                    0.0,
                    0.0
                ]
            }
        },
        "EOR": {
            "Train": {
                "sex": [
                    0.535403217542781,
                    0.535403217542781,
                    0.535403217542781
                ],
                "race": [
                    0.0,
                    0.0,
                    0.0
                ]
            },
            "Validation": {
                "sex": [
                    0.6782169890664423,
                    0.7493692178301095,
                    0.7153069806560135
                ],
                "race": [
                    0.0,
                    0.0,
                    0.3018867924528302
                ]
            },
            "Test": {
                "sex": [
                    0.6303889634029507,
                    0.6303889634029507,
                    0.6303889634029507
                ],
                "race": [
                    0.0,
                    0.0,
                    0.0
                ]
            }
        }
    },
    "MLP": {
        "AUC": {
            "Train": [
                0.6500038587416872,
                0.6056415377064767,
                0.5254448868439644
            ],
            "Validation": [
                0.6498488564428639,
                0.6071628447364217,
                0.519201971695312
            ],
            "Test": [
                0.6575572067733871,
                0.6089354252892467,
                0.5291534677808388
            ]
        },
        "DPR": {
            "Train": {
                "sex": [
                    0.567343060407891,
                    0.5481810894405525,
                    0.30844481266948076
                ],
                "race": [
                    0.5436920402959304,
                    0.40624245265595477,
                    0.0
                ]
            },
            "Validation": {
                "sex": [
                    0.5736644990590472,
                    0.5147242239467849,
                    0.20914851528194428
                ],
                "race": [
                    0.4509863564728742,
                    0.18534214838673224,
                    0.0
                ]
            },
            "Test": {
                "sex": [
                    0.6312638620330928,
                    0.559429637133659,
                    0.4421911421911422
                ],
                "race": [
                    0.3843669250645995,
                    0.2466686933171201,
                    0.3263757115749526
                ]
            }
        },
        "EOR": {
            "Train": {
                "sex": [
                    0.8194391617646293,
                    0.7844279698882606,
                    0.8280376491634649
                ],
                "race": [
                    0.2869022869022869,
                    0.27218934911242604,
                    0.0
                ]
            },
            "Validation": {
                "sex": [
                    0.7993344783168742,
                    0.7800391070555646,
                    0.6167652246083618
                ],
                "race": [
                    0.28520499108734404,
                    0.07130124777183601,
                    0.0
                ]
            },
            "Test": {
                "sex": [
                    0.8647924581398622,
                    0.8555111364934324,
                    0.0
                ],
                "race": [
                    0.39837398373983735,
                    0.0,
                    0.0
                ]
            }
        }
    },