{
    "Random Forest": {
        "AUC": {
            "Train": [
                0.8594950179473203,
                0.8573548242301445,
                0.8612670720639826
            ],
            "Validation": [
                0.8674172714927233,
                0.8621891075794434,
                0.8619486258758312
            ],
            "Test": [
                0.8666973281523658,
                0.8640115139397085,
                0.8689549432044719
            ]
        },
        "DPR": {
            "Train": {
                "sex": [
                    0.5591838267403749,
                    0.5185692937108837,
                    0.5299075223381859
                ],
                "race": [
                    0.36766826923076923,
                    0.36091307370224873,
                    0.30448717948717946
                ]
            },
            "Validation": {
                "sex": [
                    0.530090379881337,
                    0.4921602960132206,
                    0.5166927724323115
                ],
                "race": [
                    0.30919227557973555,
                    0.263049819774564,
                    0.2756964457252642
                ]
            },
            "Test": {
                "sex": [
                    0.5595032153161524,
                    0.5391179956870903,
                    0.5615224320047834
                ],
                "race": [
                    0.23508594539939334,
                    0.24031007751937983,
                    0.17533245099892858
                ]
            }
        },
        "EOR": {
            "Train": {
                "sex": [
                    0.6908678737590411,
                    0.6231969020204224,
                    0.6241399625115707
                ],
                "race": [
                    0.3935810810810811,
                    0.3547773125237914,
                    0.3532202063670595
                ]
            },
            "Validation": {
                "sex": [
                    0.6765153984031286,
                    0.6145865121765631,
                    0.6304312431985558
                ],
                "race": [
                    0.3111055838826017,
                    0.20697326203208558,
                    0.2524064171122995
                ]
            },
            "Test": {
                "sex": [
                    0.6778350004058697,
                    0.6658378659414494,
                    0.6855574213021022
                ],
                "race": [
                    0.24919441460794844,
                    0.20209059233449475,
                    0.18400061359104158
                ]
            }
        }
    },
    "SVM": {
        "AUC": {
            "Train": [
                0.6239575661476973,
                0.6293246691024713,
                0.6217937611030078
            ],
            "Validation": [
                0.6102494863979712,
                0.6362745640643088,
                0.6099537015422577
            ],
            "Test": [
                0.6312739464949791,
                0.642500193174923,
                0.6299644327046006
            ]
        },
        "DPR": {
            "Train": {
                "sex": [
                    0.35123682330620115,
                    0.35123682330620115,
                    0.35123682330620115
                ],
                "race": [
                    0.0,
                    0.0,
                    0.0
                ]
            },
            "Validation": {
                "sex": [
                    0.2976718403547672,
                    0.2976718403547672,
                    0.2976718403547672
                ],
                "race": [
                    0.0,
                    0.0,
                    0.0
                ]
            },
            "Test": {
                "sex": [
                    0.39080722877776886,
                    0.39080722877776886,
                    0.39080722877776886
                ],
                "race": [
                    0.0,
                    0.0,
                    0.0
                ]
            }
        },
        "EOR": {
            "Train": {
                "sex": [
                    0.9429152364502942,
                    0.9429152364502942,
                    0.9429152364502942
                ],
                "race": [
                    0.0,
                    0.0,
                    0.0
                ]
            },
            "Validation": {
                "sex": [
                    0.8778146917681802,
                    0.8778146917681802,
                    0.8778146917681802
                ],
                "race": [
                    0.0,
                    0.0,
                    0.0
                ]
            },
            "Test": {
                "sex": [
                    0.9434829510810938,
                    0.9434829510810938,
                    0.9434829510810938
                ],
                "race": [
                    0.0,
                    0.0,
                    0.0
                ]
            }
        }
    },
    "MLP": {
        "AUC": {
            "Train": [
                0.6327544177899256,
                0.51676613355543,
                0.6456051174423676
            ],
            "Validation": [
                0.6354739416470678,
                0.5180180046351087,
                0.6464001764947258
            ],
            "Test": [
                0.6397828659242504,
                0.5161691507274071,
                0.6532749840722603
            ]
        },
        "DPR": {
            "Train": {
                "sex": [
                    0.5077346969590647,
                    0.9990362335087054,
                    0.5268651957336
                ],
                "race": [
                    0.5092201906547899,
                    0.9992280376717616,
                    0.5265822784810127
                ]
            },
            "Validation": {
                "sex": [
                    0.5147328731750611,
                    0.9985611079382386,
                    0.5288089791048142
                ],
                "race": [
                    0.3675952609670189,
                    0.9907407407407407,
                    0.39902460651740196
                ]
            },
            "Test": {
                "sex": [
                    0.5535996236712525,
                    0.9987811083495887,
                    0.5669117207578747
                ],
                "race": [
                    0.23062015503875968,
                    0.9990512333965844,
                    0.3953488372093023
                ]
            }
        },
        "EOR": {
            "Train": {
                "sex": [
                    0.7685874269023877,
                    0.9990365667822401,
                    0.7495645045598935
                ],
                "race": [
                    0.31081081081081086,
                    0.9989509755926987,
                    0.23310810810810811
                ]
            },
            "Validation": {
                "sex": [
                    0.7385420771179285,
                    0.9986497282499437,
                    0.6971639059004315
                ],
                "race": [
                    0.18334606569900685,
                    0.99,
                    0.23529411764705882
                ]
            },
            "Test": {
                "sex": [
                    0.8225374310480693,
                    0.9987503962556175,
                    0.7508215340349815
                ],
                "race": [
                    0.0,
                    0.9988884257329442,
                    0.40418118466898956
                ]
            }
        }
    },