{
    "Random Forest": {
        "AUC": {
            "Train": [
                0.7609358668788349,
                0.783848908153396,
                0.7768415114670332
            ],
            "Validation": [
                0.7512224203647342,
                0.7816039688224342,
                0.7639172737846421
            ],
            "Test": [
                0.7605706809501123,
                0.7781888852002293,
                0.7739061792991863
            ]
        },
        "DPR": {
            "Train": {
                "sex": [
                    0.8354944575045671,
                    0.878837634779101,
                    0.8527362848979888
                ],
                "race": [
                    0.8062777852620233,
                    0.8892338174405006,
                    0.7085049275718647
                ]
            },
            "Validation": {
                "sex": [
                    0.848418801640691,
                    0.8916554290058831,
                    0.8512400984251673
                ],
                "race": [
                    0.7677565649915881,
                    0.8501597774186168,
                    0.6723911193625746
                ]
            },
            "Test": {
                "sex": [
                    0.8361709099246948,
                    0.8848539754701655,
                    0.8514916053925088
                ],
                "race": [
                    0.8146676852559206,
                    0.8645774248440159,
                    0.6879105272501331
                ]
            }
        },
        "EOR": {
            "Train": {
                "sex": [
                    0.8624923397118582,
                    0.8868274996143073,
                    0.8282801878582519
                ],
                "race": [
                    0.8131006864988557,
                    0.8827912775717417,
                    0.6996996996996997
                ]
            },
            "Validation": {
                "sex": [
                    0.8778837337245553,
                    0.9032348479272337,
                    0.8036358822135821
                ],
                "race": [
                    0.7418639053254438,
                    0.8291996742429851,
                    0.668825910931174
                ]
            },
            "Test": {
                "sex": [
                    0.869626279457272,
                    0.8939495205628978,
                    0.8410742943453224
                ],
                "race": [
                    0.793061224489796,
                    0.875496313102666,
                    0.7034937376400792
                ]
            }
        }
    },
    "SVM": {
        "AUC": {
            "Train": [
                0.4740611681474849,
                0.474029151020512,
                0.49859663300801005
            ],
            "Validation": [
                0.4779764428095802,
                0.46895663876354543,
                0.5041115750218879
            ],
            "Test": [
                0.477363260411183,
                0.4723293257012397,
                0.5036789160926707
            ]
        },
        "DPR": {
            "Train": {
                "sex": [
                    NaN,
                    NaN,
                    NaN
                ],
                "race": [
                    NaN,
                    NaN,
                    NaN
                ]
            },
            "Validation": {
                "sex": [
                    NaN,
                    NaN,
                    NaN
                ],
                "race": [
                    NaN,
                    NaN,
                    NaN
                ]
            },
            "Test": {
                "sex": [
                    NaN,
                    NaN,
                    NaN
                ],
                "race": [
                    NaN,
                    NaN,
                    NaN
                ]
            }
        },
        "EOR": {
            "Train": {
                "sex": [
                    NaN,
                    NaN,
                    NaN
                ],
                "race": [
                    NaN,
                    NaN,
                    NaN
                ]
            },
            "Validation": {
                "sex": [
                    NaN,
                    NaN,
                    NaN
                ],
                "race": [
                    NaN,
                    NaN,
                    NaN
                ]
            },
            "Test": {
                "sex": [
                    NaN,
                    NaN,
                    NaN
                ],
                "race": [
                    NaN,
                    NaN,
                    NaN
                ]
            }
        }
    },
    "MLP": {
        "AUC": {
            "Train": [
                0.5221555337797377,
                0.5003696830971888,
                0.4967369437389205
            ],
            "Validation": [
                0.5209134620689984,
                0.4998379740727958,
                0.49635183822923984
            ],
            "Test": [
                0.5210744282074801,
                0.5007371739939451,
                0.49345736809072965
            ]
        },
        "DPR": {
            "Train": {
                "sex": [
                    NaN,
                    0.9998031754362945,
                    0.9972650366233388
                ],
                "race": [
                    NaN,
                    0.9998456075343524,
                    0.9951923076923077
                ]
            },
            "Validation": {
                "sex": [
                    NaN,
                    0.999740158503313,
                    0.9968983627500393
                ],
                "race": [
                    NaN,
                    0.9907407407407407,
                    0.989247311827957
                ]
            },
            "Test": {
                "sex": [
                    NaN,
                    1.0,
                    0.997524377760711
                ],
                "race": [
                    NaN,
                    1.0,
                    0.9964054636951833
                ]
            }
        },
        "EOR": {
            "Train": {
                "sex": [
                    NaN,
                    0.9995826377295493,
                    0.9951227473138992
                ],
                "race": [
                    NaN,
                    0.9996102883865939,
                    0.9583333333333334
                ]
            },
            "Validation": {
                "sex": [
                    NaN,
                    0.9995794785534062,
                    0.9916899608033856
                ],
                "race": [
                    NaN,
                    0.99,
                    0.9333333333333333
                ]
            },
            "Test": {
                "sex": [
                    NaN,
                    1.0,
                    0.9985799636159335
                ],
                "race": [
                    NaN,
                    1.0,
                    0.9866141732283464
                ]
            }
        }
    },
    "XGBoost": {
        "AUC": {
            "Train": [
                0.7526728043603363,
                0.6988859552023033,
                0.6679510488372777
            ],
            "Validation": [
                0.7422691031857501,
                0.6936382997289934,
                0.6556487692141317
            ],
            "Test": [
                0.7542381149522517,
                0.6947082634286614,
                0.6678654156298702
            ]
        },