{
    "Random Forest": {
        "AUC": {
            "Train": [
                0.8510342470625067,
                0.8531690228977733,
                0.8471768924364282
            ],
            "Validation": [
                0.8460056141824616,
                0.8533340670303065,
                0.8539696712930037
            ],
            "Test": [
                0.8521883052762952,
                0.849730015198108,
                0.8559250372893779
            ]
        },
        "DPR": {
            "Train": {
                "sex": [
                    0.298654339582418,
                    0.19813747874964702,
                    0.19969835070551165
                ],
                "race": [
                    0.33375315886165446,
                    0.21314102564102566,
                    0.22543762327416172
                ]
            },
            "Validation": {
                "sex": [
                    0.26666435698447893,
                    0.16668622692413554,
                    0.18930884583965457
                ],
                "race": [
                    0.19896989392360045,
                    0.1677522746071133,
                    0.1557454890788224
                ]
            },
            "Test": {
                "sex": [
                    0.28034096081433363,
                    0.2082276855100835,
                    0.18805529969144855
                ],
                "race": [
                    0.08264301476829061,
                    0.27053985718651885,
                    0.1663685152057245
                ]
            }
        },
        "EOR": {
            "Train": {
                "sex": [
                    0.29064746095179544,
                    0.16045027348253374,
                    0.14854174633046668
                ],
                "race": [
                    0.1386153010973671,
                    0.23862781081777182,
                    0.2623873873873874
                ]
            },
            "Validation": {
                "sex": [
                    0.2434709877159692,
                    0.11158670319959821,
                    0.15904217876920967
                ],
                "race": [
                    0.13309566250742721,
                    0.12421052631578948,
                    0.20386672151378035
                ]
            },
            "Test": {
                "sex": [
                    0.22032252617359,
                    0.14059888375470714,
                    0.130863601059243
                ],
                "race": [
                    0.0,
                    0.3356340064356667,
                    0.10478771454381211
                ]
            }
        }
    },
    "SVM": {
        "AUC": {
            "Train": [
                0.5950297894858259,
                0.5945526925778042,
                0.5962136618645149
            ],
            "Validation": [
                0.5836229922578983,
                0.5812549308086687,
                0.5848972991179848
            ],
            "Test": [
                0.5918064294412785,
                0.593340610184014,
                0.5944676004582079
            ]
        },
        "DPR": {
            "Train": {
                "sex": [
                    0.35123682330620115,
                    0.35123682330620115,
                    0.35123682330620115
                ],
                "race": [
                    0.0,
                    0.0,
                    0.0
                ]
            },
            "Validation": {
                "sex": [
                    0.2976718403547672,
                    0.2976718403547672,
                    0.2976718403547672
                ],
                "race": [
                    0.0,
                    0.0,
                    0.0
                ]
            },
            "Test": {
                "sex": [
                    0.39080722877776886,
                    0.39080722877776886,
                    0.39080722877776886
                ],
                "race": [
                    0.0,
                    0.0,
                    0.0
                ]
            }
        },
        "EOR": {
            "Train": {
                "sex": [
                    0.9429152364502942,
                    0.9429152364502942,
                    0.9429152364502942
                ],
                "race": [
                    0.0,
                    0.0,
                    0.0
                ]
            },
            "Validation": {
                "sex": [
                    0.8778146917681802,
                    0.8778146917681802,
                    0.8778146917681802
                ],
                "race": [
                    0.0,
                    0.0,
                    0.0
                ]
            },
            "Test": {
                "sex": [
                    0.9434829510810938,
                    0.9434829510810938,
                    0.9434829510810938
                ],
                "race": [
                    0.0,
                    0.0,
                    0.0
                ]
            }
        }
    },
    "MLP": {
        "AUC": {
            "Train": [
                0.5663594065380433,
                0.584264744929874,
                0.5667992978758774
            ],
            "Validation": [
                0.5718078536757539,
                0.5912766004766173,
                0.5630663692152181
            ],
            "Test": [
                0.5713836698512622,
                0.5885237792973038,
                0.5650758310838977
            ]
        },
        "DPR": {
            "Train": {
                "sex": [
                    0.20683946261365177,
                    0.9988082253861024,
                    0.10661827969775864
                ],
                "race": [
                    0.0,
                    0.9925891616489115,
                    0.0
                ]
            },
            "Validation": {
                "sex": [
                    0.1777762379896526,
                    0.9990076081445471,
                    0.2370349839862035
                ],
                "race": [
                    0.0,
                    0.9878048780487805,
                    0.0
                ]
            },
            "Test": {
                "sex": [
                    0.17007351622736236,
                    0.9970377634797527,
                    0.49777614505569473
                ],
                "race": [
                    0.0,
                    0.9883720930232558,
                    0.0
                ]
            }
        },
        "EOR": {
            "Train": {
                "sex": [
                    0.0,
                    0.9966129419056727,
                    0.20077620657854287
                ],
                "race": [
                    0.0,
                    0.9615384615384616,
                    0.0
                ]
            },
            "Validation": {
                "sex": [
                    0.0,
                    0.9967846456684036,
                    0.0
                ],
                "race": [
                    0.0,
                    0.9333333333333333,
                    0.0
                ]
            },
            "Test": {
                "sex": [
                    0.0,
                    0.9974987438448396,
                    0.8139774601429357
                ],
                "race": [
                    0.0,
                    0.75,
                    0.0
                ]
            }
        }
    },
    "XGBoost": {
        "AUC": {
            "Train": [
                0.8546612713114654,
                0.852272209613523,
                0.8566306844218843
            ],