{
    "Random Forest": {
        "AUC": {
            "Train": [
                0.8464877107420485,
                0.855084220687486,
                0.8504580847834379
            ],
            "Validation": [
                0.8432856795310089,
                0.8568413606799428,
                0.8529854831560095
            ],
            "Test": [
                0.8493487284468152,
                0.8564313257581313,
                0.8549250655670773
            ]
        },
        "DPR": {
            "Train": {
                "sex": [
                    0.35010688549304086,
                    0.2192180195537533,
                    0.20926386100332445
                ],
                "race": [
                    0.34294421003281766,
                    0.28003930376193154,
                    0.20234907497565727
                ]
            },
            "Validation": {
                "sex": [
                    0.2913178047464028,
                    0.20456443823466877,
                    0.183237702354225
                ],
                "race": [
                    0.25720951204689374,
                    0.23076402700545248,
                    0.11533052039381153
                ]
            },
            "Test": {
                "sex": [
                    0.30022895096003804,
                    0.247258157187128,
                    0.19343694467131317
                ],
                "race": [
                    0.17580889787664308,
                    0.34006143045195264,
                    0.16896802325581395
                ]
            }
        },
        "EOR": {
            "Train": {
                "sex": [
                    0.3622395894913571,
                    0.18554177187779278,
                    0.17313465839430378
                ],
                "race": [
                    0.28648274802120954,
                    0.3246934225195095,
                    0.21554116558741906
                ]
            },
            "Validation": {
                "sex": [
                    0.26784475362751314,
                    0.15899647699370129,
                    0.13203334551497306
                ],
                "race": [
                    0.0,
                    0.1844508432743727,
                    0.08428571428571428
                ]
            },
            "Test": {
                "sex": [
                    0.25401891252955083,
                    0.207386157664315,
                    0.17854708614587037
                ],
                "race": [
                    0.27172846031865894,
                    0.26303854875283444,
                    0.0946938775510204
                ]
            }
        }
    },
    "SVM": {
        "AUC": {
            "Train": [
                0.5931960841489357,
                0.5982310745928141,
                0.5977159847227203
            ],
            "Validation": [
                0.5817274905135783,
                0.5889537407595351,
                0.5880482206136536
            ],
            "Test": [
                0.5892983277543351,
                0.5973141101560513,
                0.5952163082240667
            ]
        },
        "DPR": {
            "Train": {
                "sex": [
                    0.35123682330620115,
                    0.35123682330620115,
                    0.35123682330620115
                ],
                "race": [
                    0.0,
                    0.0,
                    0.0
                ]
            },
            "Validation": {
                "sex": [
                    0.2976718403547672,
                    0.2976718403547672,
                    0.2976718403547672
                ],
                "race": [
                    0.0,
                    0.0,
                    0.0
                ]
            },
            "Test": {
                "sex": [
                    0.39080722877776886,
                    0.39080722877776886,
                    0.39080722877776886
                ],
                "race": [
                    0.0,
                    0.0,
                    0.0
                ]
            }
        },
        "EOR": {
            "Train": {
                "sex": [
                    0.9429152364502942,
                    0.9429152364502942,
                    0.9429152364502942
                ],
                "race": [
                    0.0,
                    0.0,
                    0.0
                ]
            },
            "Validation": {
                "sex": [
                    0.8778146917681802,
                    0.8778146917681802,
                    0.8778146917681802
                ],
                "race": [
                    0.0,
                    0.0,
                    0.0
                ]
            },
            "Test": {
                "sex": [
                    0.9434829510810938,
                    0.9434829510810938,
                    0.9434829510810938
                ],
                "race": [
                    0.0,
                    0.0,
                    0.0
                ]
            }
        }
    },
    "MLP": {
        "AUC": {
            "Train": [
                0.5748074279317416,
                0.5784942105316949,
                0.5772076434789664
            ],
            "Validation": [
                0.5737371612225672,
                0.5779383545143415,
                0.5757045825303836
            ],
            "Test": [
                0.5757419860348502,
                0.58053780822955,
                0.5785771720477
            ]
        },
        "DPR": {
            "Train": {
                "sex": [
                    0.2706310725786098,
                    0.2530482787294676,
                    0.3078908031271915
                ],
                "race": [
                    0.24248580507370943,
                    0.16252539459290516,
                    0.17065166432255038
                ]
            },
            "Validation": {
                "sex": [
                    0.25787322433663895,
                    0.20317284341674585,
                    0.27350190459946555
                ],
                "race": [
                    0.10502721741914826,
                    0.0,
                    0.10502721741914826
                ]
            },
            "Test": {
                "sex": [
                    0.4445485968715215,
                    0.38266541151156536,
                    0.3901686548745372
                ],
                "race": [
                    0.3676470588235294,
                    0.0,
                    0.49935894148417864
                ]
            }
        },
        "EOR": {
            "Train": {
                "sex": [
                    0.3706637659911561,
                    0.5226092290914048,
                    0.4888464160173218
                ],
                "race": [
                    0.0,
                    0.0,
                    0.0
                ]
            },
            "Validation": {
                "sex": [
                    0.5920946156240274,
                    0.149704475091472,
                    0.0
                ],
                "race": [
                    0.0,
                    0.0,
                    0.0
                ]
            },
            "Test": {
                "sex": [
                    0.4326333241226858,
                    0.396580547112462,
                    0.3399261832392531
                ],
                "race": [
                    0.0,
                    0.0,
                    0.0
                ]
            }
        }
    },
    "XGBoost": {
        "AUC": {
            "Train": [
                0.8485611065119082,
                0.8504909466619693,
                0.8573679335228496
            ],