{
    "Random Forest": {
        "AUC": {
            "Train": [
                0.8943927268768034,
                0.8931953593312404,
                0.8973103371101029
            ],
            "Validation": [
                0.893900075056097,
                0.8949966945437562,
                0.8979489406326817
            ],
            "Test": [
                0.8959085488275407,
                0.8968618812535785,
                0.8966355336058608
            ]
        },
        "DPR": {
            "Train": {
                "sex": [
                    0.3119644659206873,
                    0.3074640660473202,
                    0.275134541268781
                ],
                "race": [
                    0.3770211188521462,
                    0.3337945127295705,
                    0.3934208470073449
                ]
            },
            "Validation": {
                "sex": [
                    0.2858764864502195,
                    0.28028954310777343,
                    0.26586034384784235
                ],
                "race": [
                    0.26699226699226697,
                    0.1412575366063738,
                    0.31250850687355386
                ]
            },
            "Test": {
                "sex": [
                    0.2957073906900112,
                    0.2866407576865658,
                    0.2720507008221261
                ],
                "race": [
                    0.14613450659962288,
                    0.16617553360942977,
                    0.15448504983388706
                ]
            }
        },
        "EOR": {
            "Train": {
                "sex": [
                    0.24030995662711238,
                    0.22054962086279334,
                    0.1844587056905341
                ],
                "race": [
                    0.3532202063670595,
                    0.2924511386049848,
                    0.381705706880532
                ]
            },
            "Validation": {
                "sex": [
                    0.22531535017990126,
                    0.21479337730515546,
                    0.21401794995026321
                ],
                "race": [
                    0.21759173888991332,
                    0.08137931034482758,
                    0.10805860805860805
                ]
            },
            "Test": {
                "sex": [
                    0.17808452892787585,
                    0.17827239832103056,
                    0.1793233778247654
                ],
                "race": [
                    0.10478771454381211,
                    0.14890885750962773,
                    0.1286031042128603
                ]
            }
        }
    },
    "SVM": {
        "AUC": {
            "Train": [
                0.6087866729073992,
                0.623105149250914,
                0.6289261497329438
            ],
            "Validation": [
                0.592739863309962,
                0.6122359009218777,
                0.6197323004871941
            ],
            "Test": [
                0.6112750162575764,
                0.6302383230223374,
                0.6345935509281997
            ]
        },
        "DPR": {
            "Train": {
                "sex": [
                    0.42212135227275877,
                    0.4209470761829809,
                    0.41849614706401156
                ],
                "race": [
                    0.5515885895632732,
                    0.5635796458581268,
                    0.5515885895632732
                ]
            },
            "Validation": {
                "sex": [
                    0.47479263560651125,
                    0.47334949689646105,
                    0.47624460085301434
                ],
                "race": [
                    0.27129859387923905,
                    0.27129859387923905,
                    0.27129859387923905
                ]
            },
            "Test": {
                "sex": [
                    0.4743334764506253,
                    0.45700736262321917,
                    0.47910953961610625
                ],
                "race": [
                    0.6107861433029623,
                    0.6141700000525633,
                    0.6074393699150009
                ]
            }
        },
        "EOR": {
            "Train": {
                "sex": [
                    0.9004590984974958,
                    0.7471004784688996,
                    0.9084631793730291
                ],
                "race": [
                    0.0,
                    0.0,
                    0.0
                ]
            },
            "Validation": {
                "sex": [
                    0.6072570031960894,
                    0.6072570031960894,
                    0.6072570031960894
                ],
                "race": [
                    0.0,
                    0.0,
                    0.0
                ]
            },
            "Test": {
                "sex": [
                    0.7885868139139561,
                    0.7931610942249241,
                    0.7804812157028282
                ],
                "race": [
                    0.0,
                    0.0,
                    0.0
                ]
            }
        }
    },
    "MLP": {
        "AUC": {
            "Train": [
                0.6372246761733547,
                0.6047383887855372,
                0.6256030952531428
            ],
            "Validation": [
                0.6382141428028401,
                0.6047204444760597,
                0.6276823726486822
            ],
            "Test": [
                0.642733473691004,
                0.6075711628474896,
                0.6298390108132998
            ]
        },
        "DPR": {
            "Train": {
                "sex": [
                    0.5323765713862743,
                    0.47081689832499746,
                    0.47759196800435727
                ],
                "race": [
                    0.6012658227848102,
                    0.45507110486013436,
                    0.5432991762105687
                ]
            },
            "Validation": {
                "sex": [
                    0.5389165584692147,
                    0.49154720181470773,
                    0.49543187294170093
                ],
                "race": [
                    0.3765609990393852,
                    0.276657060518732,
                    0.33842103390614436
                ]
            },
            "Test": {
                "sex": [
                    0.5693850439942465,
                    0.5395435687212875,
                    0.5397079008826281
                ],
                "race": [
                    0.3953488372093023,
                    0.2252906976744186,
                    0.44134897360703806
                ]
            }
        },
        "EOR": {
            "Train": {
                "sex": [
                    0.7223371682598051,
                    0.7776094350026105,
                    0.7527007577170477
                ],
                "race": [
                    0.3390663390663391,
                    0.0,
                    0.1776061776061776
                ]
            },
            "Validation": {
                "sex": [
                    0.6877228568378351,
                    0.6682460627271504,
                    0.7417789306334198
                ],
                "race": [
                    0.26143790849673204,
                    0.0,
                    0.0
                ]
            },
            "Test": {
                "sex": [
                    0.806719403527914,
                    0.7683748100303951,
                    0.8167203346474465
                ],