{
    "Random Forest": {
        "AUC": {
            "Train": [
                0.8239577069396237,
                0.8288988778153431,
                0.8248056289237928
            ],
            "Validation": [
                0.8233164667915394,
                0.8314944575461087,
                0.8230677723788471
            ],
            "Test": [
                0.8270411110270296,
                0.8293884331940191,
                0.8263613747970403
            ]
        },
        "DPR": {
            "Train": {
                "sex": [
                    0.3118635105998495,
                    0.3823855754223821,
                    0.36512767218967723
                ],
                "race": [
                    0.5000940026320736,
                    0.4562105714460709,
                    0.2968958183084991
                ]
            },
            "Validation": {
                "sex": [
                    0.30340125874505885,
                    0.36840706549548013,
                    0.3566258419445258
                ],
                "race": [
                    0.4950052153549946,
                    0.38257996323623644,
                    0.33254386664085717
                ]
            },
            "Test": {
                "sex": [
                    0.3066369216119048,
                    0.36980877820672226,
                    0.34748456474188366
                ],
                "race": [
                    0.28999140564504466,
                    0.47389297620882376,
                    0.24489026005600173
                ]
            }
        },
        "EOR": {
            "Train": {
                "sex": [
                    0.29871364600589245,
                    0.369742576140914,
                    0.36410385015720975
                ],
                "race": [
                    0.4887036040882195,
                    0.4035708640971799,
                    0.31886094014806887
                ]
            },
            "Validation": {
                "sex": [
                    0.298910350765487,
                    0.3955276178351321,
                    0.3485183547103052
                ],
                "race": [
                    0.43799337916984976,
                    0.4001565149341333,
                    0.3561253561253561
                ]
            },
            "Test": {
                "sex": [
                    0.28436707068872497,
                    0.3514094892799215,
                    0.3357908282120116
                ],
                "race": [
                    0.4128738621586476,
                    0.4179442508710801,
                    0.0
                ]
            }
        }
    },
    "SVM": {
        "AUC": {
            "Train": [
                0.4953445376591287,
                0.4990038554043972,
                0.4904519556415742
            ],
            "Validation": [
                0.5030690490625118,
                0.5066842963325394,
                0.5063588863040194
            ],
            "Test": [
                0.4956799826619466,
                0.5005375704111564,
                0.49363835797239736
            ]
        },
        "DPR": {
            "Train": {
                "sex": [
                    NaN,
                    NaN,
                    NaN
                ],
                "race": [
                    NaN,
                    NaN,
                    NaN
                ]
            },
            "Validation": {
                "sex": [
                    NaN,
                    NaN,
                    NaN
                ],
                "race": [
                    NaN,
                    NaN,
                    NaN
                ]
            },
            "Test": {
                "sex": [
                    NaN,
                    NaN,
                    NaN
                ],
                "race": [
                    NaN,
                    NaN,
                    NaN
                ]
            }
        },
        "EOR": {
            "Train": {
                "sex": [
                    NaN,
                    NaN,
                    NaN
                ],
                "race": [
                    NaN,
                    NaN,
                    NaN
                ]
            },
            "Validation": {
                "sex": [
                    NaN,
                    NaN,
                    NaN
                ],
                "race": [
                    NaN,
                    NaN,
                    NaN
                ]
            },
            "Test": {
                "sex": [
                    NaN,
                    NaN,
                    NaN
                ],
                "race": [
                    NaN,
                    NaN,
                    NaN
                ]
            }
        }
    },
    "MLP": {
        "AUC": {
            "Train": [
                0.5000294880868129,
                0.688935475372989,
                0.5004720805438281
            ],
            "Validation": [
                0.5,
                0.6897760769853831,
                0.5011697274535033
            ],
            "Test": [
                0.5,
                0.6961423797713522,
                0.5004113291808674
            ]
        },
        "DPR": {
            "Train": {
                "sex": [
                    1.0,
                    1.0,
                    1.0
                ],
                "race": [
                    1.0,
                    1.0,
                    1.0
                ]
            },
            "Validation": {
                "sex": [
                    1.0,
                    1.0,
                    1.0
                ],
                "race": [
                    1.0,
                    1.0,
                    1.0
                ]
            },
            "Test": {
                "sex": [
                    1.0,
                    1.0,
                    1.0
                ],
                "race": [
                    1.0,
                    1.0,
                    1.0
                ]
            }
        },
        "EOR": {
            "Train": {
                "sex": [
                    1.0,
                    1.0,
                    1.0
                ],
                "race": [
                    1.0,
                    1.0,
                    1.0
                ]
            },
            "Validation": {
                "sex": [
                    1.0,
                    1.0,
                    1.0
                ],
                "race": [
                    1.0,
                    1.0,
                    1.0
                ]
            },
            "Test": {
                "sex": [
                    1.0,
                    1.0,
                    1.0
                ],
                "race": [
                    1.0,
                    1.0,
                    1.0
                ]
            }
        }
    },
    "XGBoost": {
        "AUC": {
            "Train": [
                0.8227705076998584,
                0.8277492908779972,
                0.8176165220055696
            ],
            "Validation": [
                0.8270993636784516,
                0.8293834942118864,
                0.8264833043900771
            ],
            "Test": [
                0.8281561683641621,
                0.8308499448710913,
                0.8157412919076662
            ]
        },
        "DPR": {
            "Train": {
                "sex": [
                    0.3535528838563131,
                    0.4119388712257988,
                    0.4958226831883603
                ],
                "race": [
                    0.3946442443906229,
                    0.42110041408303267,
                    0.44268280555200384
                ]
            },