{
    "codi": {
        "shape": [
            0.8425550588789603,
            0.8504869707098492,
            0.8529583813441152
        ],
        "trend": [
            0.6619503574608695,
            0.6682089849877266,
            0.6785688176619382
        ],
        "quality": [
            0.7522527081699149,
            0.7593479778487879,
            0.7657635995030267
        ],
        "detection": [
            0.6843616599029592,
            0.7934396085959838,
            0.6637303265210241
        ]
    },
    "fairsmote": {
        "shape": [
            0.9066487191081105,
            0.9086763908638357,
            0.9103530538954605
        ],
        "trend": [
            0.7800797873955801,
            0.7871824082344078,
            0.776301867960599
        ],
        "quality": [
            0.8433642532518453,
            0.8479293995491217,
            0.8433274609280297
        ],
        "detection": [
            0.8384383114615672,
            0.8338072745049488,
            0.7235577014646781
        ]
    },
    "fairtabddpm": {
        "shape": [
            0.8084846890639495,
            0.7869322340133257,
            0.815232078896884
        ],
        "trend": [
            0.6063503186298382,
            0.6044431528427441,
            0.6058905684013192
        ],
        "quality": [
            0.707417503846894,
            0.6956876934280349,
            0.7105613236491015
        ],
        "detection": [
            0.5329680121179721,
            0.5728819874770155,
            0.5010894834471418
        ]
    },
    "fairtabgan": {
        "shape": [
            0.8185867630412093,
            0.8194905097635621,
            0.8363896935612269
        ],
        "trend": [
            0.6881534863016672,
            0.6911343805068252,
            0.7128418456018494
        ],
        "quality": [
            0.7533701246714382,
            0.7553124451351936,
            0.7746157695815381
        ],
        "detection": [
            0.782249115047832,
            0.839100710391809,
            1.0
        ]
    },
    "goggle": {
        "shape": [
            0.6219238985796672,
            0.6020560971405805,
            0.6058494930343484
        ],
        "trend": [
            0.4082932780745966,
            0.4110061209761443,
            0.40233656795734074
        ],
        "quality": [
            0.5151085883271319,
            0.5065311090583624,
            0.5040930304958446
        ],
        "detection": [
            0.10746599920617561,
            0.13425352158311255,
            0.1294298234955814
        ]
    },
    "great": {
        "shape": [
            0.9109297772264519,
            0.912131847946817,
            0.9180339857382229
        ],
        "trend": [
            0.7949951838585488,
            0.7423067641996712,
            0.7874225506604843
        ],
        "quality": [
            0.8529624805425003,
            0.8272193060732441,
            0.8527282681993535
        ],
        "detection": [
            0.855386260358193,
            0.7512494633585253,
            0.9731800766283525
        ]
    },
    "smote": {
        "shape": [
            0.8912901055833407,
            0.8916206020992534,
            0.8886636836119323
        ],
        "trend": [
            0.7615982188199953,
            0.7697375741089124,
            0.77336349762606
        ],
        "quality": [
            0.826444162201668,
            0.8306790881040829,
            0.8310135906189962
        ],
        "detection": [
            0.7457777453767831,
            0.7768178983094781,
            0.8040752351097179
        ]
    },
    "stasy": {
        "shape": [
            0.5072065755638564,
            0.4942616485362761,
            0.4709982166389932
        ],
        "trend": [
            0.3286111637458065,
            0.3141561540130111,
            0.30917313702330956
        ],
        "quality": [
            0.4179088696548314,
            0.4042089012746436,
            0.39008567683115136
        ],
        "detection": [
            0.04400460094124892,
            0.022644245178327083,
            0.02767449960713797
        ]
    },
    "tabddpm": {
        "shape": [
            0.7227837740437475,
            0.7142084179558881,
            0.7356614319069279
        ],
        "trend": [
            0.5107357737119504,
            0.5127449357892159,
            0.519347651360036
        ],
        "quality": [
            0.616759773877849,
            0.6134766768725519,
            0.6275045416334819
        ],
        "detection": [
            0.24039108000615617,
            0.3206159429094474,
            0.2543761593480921
        ]
    },
    "tabsyn": {
        "shape": [
            0.6252376361187635,
            0.6289374400850096,
            0.6222163731375673
        ],
        "trend": [
            0.412887588647022,
            0.4220756492705348,
            0.4209238084700561
        ],
        "quality": [
            0.5190626123828928,
            0.5255065446777722,
            0.5215700908038117
        ],
        "detection": [
            0.2657084072481025,
            0.27559071063481644,
            0.26593116408673756
        ]
    }
}