{
    "codi": [
        0.6513603329658508,
        0.6517142057418823,
        0.6535279750823975
    ],
    "fairsmote": [
        0.9700893759727478,
        0.968863844871521,
        0.9695262908935547
    ],
    "fairtabddpm": [
        0.6488387584686279,
        0.6528201699256897,
        0.6474673748016357
    ],
    "fairtabgan": [
        0.6552532911300659,
        0.6533510088920593,
        0.646317183971405
    ],
    "goggle": [
        0.6457421183586121,
        0.6472461819648743,
        0.6457863450050354
    ],
    "great": [
        0.6493316888809204,
        0.6563689112663269,
        0.6509559154510498
    ],
    "smote": [
        0.7357664108276367,
        0.7341738343238831,
        0.7361645698547363
    ],
    "stasy": [
        0.6564034819602966,
        0.6524220108985901,
        0.6564034819602966
    ],
    "tabddpm": [
        0.6471134424209595,
        0.6520239114761353,
        0.6497677564620972
    ],
    "tabsyn": [
        0.643043577671051,
        0.6481751799583435,
        0.6552532911300659
    ]
}