{
    "codi": {
        "shape": [
            0.8449046362811263,
            0.8457230392893104,
            0.8459908627722741
        ],
        "trend": [
            0.6549056083794758,
            0.6560111309094474,
            0.6563871551356862
        ],
        "quality": [
            0.749905122330301,
            0.7508670850993788,
            0.7511890089539801
        ],
        "detection": [
            0.036306864684440665,
            0.03771441140000531,
            0.036349329830790644
        ]
    },
    "fairsmote": {
        "shape": [
            0.9345587399548193,
            0.9337040574596364,
            0.9337262309982781
        ],
        "trend": [
            0.8887936875258073,
            0.8883929052599323,
            0.8885002491639572
        ],
        "quality": [
            0.9116762137403134,
            0.9110484813597843,
            0.9111132400811177
        ],
        "detection": [
            0.5658684533752818,
            0.5668689872240789,
            0.5667411821321164
        ]
    },
    "fairtabddpm": {
        "shape": [
            0.8794603840643552,
            0.8788805730258521,
            0.8784741774104459
        ],
        "trend": [
            0.8291910954351684,
            0.828570724364748,
            0.8190717021394127
        ],
        "quality": [
            0.8543257397497619,
            0.8537256486953,
            0.8487729397749293
        ],
        "detection": [
            0.41399477424453013,
            0.410802613187331,
            0.40454673722423995
        ]
    },
    "fairtabgan": {
        "shape": [
            0.96962509876464,
            0.9705932654970797,
            0.9697009905031676
        ],
        "trend": [
            0.9473226841766995,
            0.9475898669778954,
            0.9468929708120976
        ],
        "quality": [
            0.9584738914706697,
            0.9590915662374875,
            0.9582969806576326
        ],
        "detection": [
            0.9960335138074689,
            0.9932671254123354,
            0.9868962640262412
        ]
    },
    "goggle": {
        "shape": [
            0.6091908671766355,
            0.6097733211363661,
            0.608651952381574
        ],
        "trend": [
            0.48277964799251893,
            0.4822901330570593,
            0.4809586816355689
        ],
        "quality": [
            0.5459852575845772,
            0.5460317270967127,
            0.5448053170085714
        ],
        "detection": [
            0.012983027452665552,
            0.012401149806632539,
            0.012576237754699737
        ]
    },
    "great": {
        "shape": [
            0.8987828278133754,
            0.8972200458791898,
            0.8988822177566276
        ],
        "trend": [
            0.7925213547970885,
            0.7956120084176961,
            0.7731460931204124
        ],
        "quality": [
            0.8456520913052319,
            0.8464160271484429,
            0.83601415543852
        ],
        "detection": [
            0.5387197780182009,
            0.5364448907798871,
            0.5369534125692854
        ]
    },
    "smote": {
        "shape": [
            0.9794582475490134,
            0.9799375195157337,
            0.9798000530397653
        ],
        "trend": [
            0.9599774041997428,
            0.962460924093759,
            0.9518929563780338
        ],
        "quality": [
            0.9697178258743782,
            0.9711992218047464,
            0.9658465047088995
        ],
        "detection": [
            0.9069435017103191,
            0.9055487469944858,
            0.91283373759968
        ]
    },
    "stasy": {
        "shape": [
            0.817300506038203,
            0.8180102768301366,
            0.8176787273088171
        ],
        "trend": [
            0.7797541002350161,
            0.7769786950237275,
            0.7795621512751325
        ],
        "quality": [
            0.7985273031366096,
            0.7974944859269321,
            0.7986204392919748
        ],
        "detection": [
            0.2638166162212645,
            0.26342375733070655,
            0.2601357882877521
        ]
    },
    "tabddpm": {
        "shape": [
            0.9726982990917828,
            0.9721068039714146,
            0.970826535530112
        ],
        "trend": [
            0.9468811141280337,
            0.9487636476602787,
            0.948510789819829
        ],
        "quality": [
            0.9597897066099083,
            0.9604352258158466,
            0.9596686626749704
        ],
        "detection": [
            0.8807239580536115,
            0.8762288567880748,
            0.8698905349627454
        ]
    },
    "tabsyn": {
        "shape": [
            0.45569314118585,
            0.45409320038728546,
            0.45551618961895024
        ],
        "trend": [
            0.3325260311784736,
            0.33182949066316436,
            0.33246089147984303
        ],
        "quality": [
            0.39410958618216185,
            0.3929613455252249,
            0.39398854054939664
        ],
        "detection": [
            0.00011500076318771146,
            0.00012095776013343329,
            0.00013353095809431892
        ]
    }
}