{
    "codi": {
        "shape": [
            0.8449046362811263,
            0.8457230392893104,
            0.8459908627722741
        ],
        "trend": [
            0.6549056083794758,
            0.6560111309094474,
            0.6563871551356862
        ],
        "quality": [
            0.749905122330301,
            0.7508670850993788,
            0.7511890089539801
        ],
        "detection": [
            0.03621575515846853,
            0.03780688336624216,
            0.036459493492835615
        ]
    },
    "fairsmote": {
        "shape": [
            0.9345587399548193,
            0.9337040574596364,
            0.9337262309982781
        ],
        "trend": [
            0.8887936875258073,
            0.8883929052599323,
            0.8885002491639572
        ],
        "quality": [
            0.9116762137403134,
            0.9110484813597843,
            0.9111132400811177
        ],
        "detection": [
            0.5650661068123848,
            0.5658610976808056,
            0.5671647214343107
        ]
    },
    "fairtabddpm": {
        "shape": [
            0.8794603840643552,
            0.8788805730258521,
            0.8784741774104459
        ],
        "trend": [
            0.8291910954351684,
            0.828570724364748,
            0.8190717021394127
        ],
        "quality": [
            0.8543257397497619,
            0.8537256486953,
            0.8487729397749293
        ],
        "detection": [
            0.40934888761073285,
            0.4078000465321092,
            0.40335281262003353
        ]
    },
    "fairtabgan": {
        "shape": [
            0.96962509876464,
            0.9705932654970797,
            0.9697009905031676
        ],
        "trend": [
            0.9473226841766995,
            0.9475898669778954,
            0.9468929708120976
        ],
        "quality": [
            0.9584738914706697,
            0.9590915662374875,
            0.9582969806576326
        ],
        "detection": [
            0.9914785335871233,
            0.990177258165922,
            0.9888662914008235
        ]
    },
    "goggle": {
        "shape": [
            0.8683278175643421,
            0.868861131236342,
            0.8688780900714818
        ],
        "trend": [
            0.7678640060887691,
            0.7685068429998936,
            0.7675032206749304
        ],
        "quality": [
            0.8180959118265556,
            0.8186839871181177,
            0.8181906553732061
        ],
        "detection": [
            0.5463865588915742,
            0.557621343960343,
            0.5512323456764905
        ]
    },
    "great": {
        "shape": [
            0.8987828278133754,
            0.8972200458791898,
            0.8988822177566276
        ],
        "trend": [
            0.7925213547970885,
            0.7956120084176961,
            0.7731460931204124
        ],
        "quality": [
            0.8456520913052319,
            0.8464160271484429,
            0.83601415543852
        ],
        "detection": [
            0.5388357286475254,
            0.5338179959116618,
            0.5371077096707915
        ]
    },
    "smote": {
        "shape": [
            0.9794582475490134,
            0.9799375195157337,
            0.9798000530397653
        ],
        "trend": [
            0.9599774041997428,
            0.962460924093759,
            0.9518929563780338
        ],
        "quality": [
            0.9697178258743782,
            0.9711992218047464,
            0.9658465047088995
        ],
        "detection": [
            0.904905928448956,
            0.906484090061887,
            0.9112668373714171
        ]
    },
    "stasy": {
        "shape": [
            0.817300506038203,
            0.8180102768301366,
            0.8176787273088171
        ],
        "trend": [
            0.7797541002350161,
            0.7769786950237275,
            0.7795621512751325
        ],
        "quality": [
            0.7985273031366096,
            0.7974944859269321,
            0.7986204392919748
        ],
        "detection": [
            0.26397040476880296,
            0.2636294282647643,
            0.260149382041199
        ]
    },
    "tabddpm": {
        "shape": [
            0.9726982990917828,
            0.9721068039714146,
            0.970826535530112
        ],
        "trend": [
            0.9468811141280337,
            0.9487636476602787,
            0.948510789819829
        ],
        "quality": [
            0.9597897066099083,
            0.9604352258158466,
            0.9596686626749704
        ],
        "detection": [
            0.8767612018758787,
            0.8766774956563507,
            0.8687160412610133
        ]
    },
    "tabsyn": {
        "shape": [
            0.9911629094100515,
            0.9904762306395232,
            0.9912041876866149
        ],
        "trend": [
            0.9656495521291366,
            0.9657415140303169,
            0.9707451935494069
        ],
        "quality": [
            0.978406230769594,
            0.97810887233492,
            0.9809746906180109
        ],
        "detection": [
            0.9928868243172206,
            0.9803996494922048,
            0.9892123416288185
        ]
    }
}