{
    "CatBoost": {
        "AUC": {
            "Train": [
                0.8497367854416682,
                0.8483238525573376,
                0.8493330284483348
            ],
            "Validation": [
                0.7768108694687648,
                0.7752066818504496,
                0.7767119653632277
            ],
            "Test": [
                0.772083341034693,
                0.7695215607267618,
                0.7716063573184482
            ]
        },
        "DPR": {
            "Train": {
                "sex": [
                    0.6676177447723275,
                    0.6529539616676546,
                    0.6364127498649378
                ],
                "race": [
                    0.505717632621186,
                    0.4435420743639922,
                    0.500828637719589
                ]
            },
            "Validation": {
                "sex": [
                    0.738961463792748,
                    0.7348277031868257,
                    0.7024561849087456
                ],
                "race": [
                    0.35714285714285715,
                    0.4900840336134453,
                    0.35714285714285715
                ]
            },
            "Test": {
                "sex": [
                    0.6826901827825046,
                    0.6737157941383884,
                    0.6684104014514192
                ],
                "race": [
                    0.5826893353941267,
                    0.4998342724560822,
                    0.44444444444444436
                ]
            }
        },
        "EOR": {
            "Train": {
                "sex": [
                    0.550479105565146,
                    0.5612062836215338,
                    0.5223024524901914
                ],
                "race": [
                    0.1993984962406015,
                    0.0,
                    0.19278860133759815
                ]
            },
            "Validation": {
                "sex": [
                    0.7142623716153128,
                    0.7276269482151835,
                    0.6563726482295004
                ],
                "race": [
                    0.0,
                    0.2916666666666667,
                    0.0
                ]
            },
            "Test": {
                "sex": [
                    0.6477060960039006,
                    0.6568716285450558,
                    0.6087712471332412
                ],
                "race": [
                    0.45022854240731336,
                    0.32279206947402916,
                    0.3282786202299617
                ]
            }
        }
    }
}