{
    "CatBoost": {
        "AUC": {
            "Train": [
                0.7021590848182518,
                0.7201283936264788,
                0.7197319718935923
            ],
            "Validation": [
                0.7071754466398487,
                0.7239711200011831,
                0.727656222269877
            ],
            "Test": [
                0.7020782119290983,
                0.7343804872188233,
                0.7307940409958782
            ]
        },
        "DPR": {
            "Train": {
                "sex": [
                    0.8165804783451842,
                    0.5789473684210527,
                    0.5974769302651559
                ],
                "race": [
                    0.15714285714285714,
                    0.34637691126240744,
                    0.3142857142857143
                ]
            },
            "Validation": {
                "sex": [
                    0.905820086191439,
                    0.56882677728239,
                    0.60883297736746
                ],
                "race": [
                    0.0,
                    0.3922101408323349,
                    0.47440347071583516
                ]
            },
            "Test": {
                "sex": [
                    0.8772336455220796,
                    0.7576962189146713,
                    0.7054486013624871
                ],
                "race": [
                    0.2222222222222222,
                    0.2521036500417944,
                    0.23015873015873015
                ]
            }
        },
        "EOR": {
            "Train": {
                "sex": [
                    0.88258082210566,
                    0.5901218468560251,
                    0.5920646348292137
                ],
                "race": [
                    0.0,
                    0.0,
                    0.0
                ]
            },
            "Validation": {
                "sex": [
                    0.9281856103822019,
                    0.4748779787539477,
                    0.7031191880546257
                ],
                "race": [
                    0.0,
                    0.0,
                    0.0
                ]
            },
            "Test": {
                "sex": [
                    0.7553952660891089,
                    0.6437430966737284,
                    0.819216757741348
                ],
                "race": [
                    0.0,
                    0.0,
                    0.0
                ]
            }
        }
    }
}