{
    "CatBoost": {
        "AUC": {
            "Train": [
                0.8695363283683054,
                0.8681110064023541,
                0.8689559764236643
            ],
            "Validation": [
                0.800938849532655,
                0.7996678855596309,
                0.7997868940043776
            ],
            "Test": [
                0.7983325786000777,
                0.7990774541152987,
                0.7983242611315453
            ]
        },
        "DPR": {
            "Train": {
                "sex": [
                    0.7512419726160184,
                    0.7481203007518797,
                    0.7401790755828023
                ],
                "race": [
                    0.4271579344138711,
                    0.4281261805817907,
                    0.4276415094339623
                ]
            },
            "Validation": {
                "sex": [
                    0.7963565945372588,
                    0.7858378503056164,
                    0.7913163629262635
                ],
                "race": [
                    0.3553016354381024,
                    0.35714285714285715,
                    0.3555712117927596
                ]
            },
            "Test": {
                "sex": [
                    0.7830696223944041,
                    0.7946764767900714,
                    0.793441970003968
                ],
                "race": [
                    0.3333333333333333,
                    0.39999999999999997,
                    0.39999999999999997
                ]
            }
        },
        "EOR": {
            "Train": {
                "sex": [
                    0.7722582193424525,
                    0.7535917568583463,
                    0.7433248391899765
                ],
                "race": [
                    0.0,
                    0.0,
                    0.0
                ]
            },
            "Validation": {
                "sex": [
                    0.8820247764377717,
                    0.8657245238958006,
                    0.8708424110384895
                ],
                "race": [
                    0.0,
                    0.0,
                    0.0
                ]
            },
            "Test": {
                "sex": [
                    0.8473064693799998,
                    0.8631696417926108,
                    0.8591421797542927
                ],
                "race": [
                    0.3264291632145816,
                    0.3511586452762923,
                    0.4047252182845403
                ]
            }
        }
    }
}