{
    "CatBoost": {
        "AUC": {
            "Train": [
                0.7167164001175489,
                0.7156913407885763,
                0.7018795940678422
            ],
            "Validation": [
                0.7230362682279341,
                0.7067291072009583,
                0.7012579539236276
            ],
            "Test": [
                0.7285378121361108,
                0.7113005517254127,
                0.7112827615843853
            ]
        },
        "DPR": {
            "Train": {
                "sex": [
                    0.63003663003663,
                    0.5151699954261321,
                    0.6836543884123356
                ],
                "race": [
                    0.5546218487394958,
                    0.5416123566214807,
                    0.56622392471999
                ]
            },
            "Validation": {
                "sex": [
                    0.6519513392192438,
                    0.5114634008691236,
                    0.7111500968113801
                ],
                "race": [
                    0.565311046010684,
                    0.5399866669958766,
                    0.4733766233766234
                ]
            },
            "Test": {
                "sex": [
                    0.6401650063613303,
                    0.5362726846520436,
                    0.6949398755797671
                ],
                "race": [
                    0.42424242424242425,
                    0.49589032131405014,
                    0.5804961505560308
                ]
            }
        },
        "EOR": {
            "Train": {
                "sex": [
                    0.5557951379384946,
                    0.406581815713183,
                    0.6395656425661842
                ],
                "race": [
                    0.24812030075187969,
                    0.2764547813194959,
                    0.4134447493140434
                ]
            },
            "Validation": {
                "sex": [
                    0.6573391749862337,
                    0.43510805956728343,
                    0.6660288996890305
                ],
                "race": [
                    0.20422240802675584,
                    0.4323008849557522,
                    0.19857723577235772
                ]
            },
            "Test": {
                "sex": [
                    0.5740660492396376,
                    0.44011963092586703,
                    0.6151640468768925
                ],
                "race": [
                    0.2956182472989196,
                    0.4242424242424242,
                    0.518138944313441
                ]
            }
        }
    }
}