{
    "CatBoost": {
        "AUC": {
            "Train": [
                0.7053234122106788,
                0.7233685572154934,
                0.7262233597202482
            ],
            "Validation": [
                0.7164879152123758,
                0.7255233136387838,
                0.7316445072172266
            ],
            "Test": [
                0.7121582906678003,
                0.7343084024915438,
                0.7362972016339205
            ]
        },
        "DPR": {
            "Train": {
                "sex": [
                    0.5269235759698975,
                    0.7050856120623562,
                    0.6058835381825508
                ],
                "race": [
                    0.24631043256997456,
                    0.16838468824873237,
                    0.13140653988868273
                ]
            },
            "Validation": {
                "sex": [
                    0.6312704790138868,
                    0.7147552447552448,
                    0.6352189289970399
                ],
                "race": [
                    0.0,
                    0.18666780471150565,
                    0.0
                ]
            },
            "Test": {
                "sex": [
                    0.665559104823836,
                    0.8434848710115249,
                    0.639388277848376
                ],
                "race": [
                    0.218931475029036,
                    0.22724532851115128,
                    0.0
                ]
            }
        },
        "EOR": {
            "Train": {
                "sex": [
                    0.52057082396971,
                    0.7293549849345385,
                    0.5405807535397168
                ],
                "race": [
                    0.17477592829705504,
                    0.0,
                    0.0
                ]
            },
            "Validation": {
                "sex": [
                    0.6125925925925926,
                    0.6793456909175328,
                    0.6991838194647677
                ],
                "race": [
                    0.0,
                    0.0,
                    0.0
                ]
            },
            "Test": {
                "sex": [
                    0.686223161168695,
                    0.9761113712548591,
                    0.5852209969761167
                ],
                "race": [
                    0.0,
                    0.0,
                    0.0
                ]
            }
        }
    }
}