{
    "CatBoost": {
        "AUC": {
            "Train": [
                0.8375057007102842,
                0.8325789181611345,
                0.8349987454971899
            ],
            "Validation": [
                0.7739923335453147,
                0.7751352767836015,
                0.7797553463677236
            ],
            "Test": [
                0.7705649409459735,
                0.7706476535497107,
                0.7754417499953792
            ]
        },
        "DPR": {
            "Train": {
                "sex": [
                    0.7929744997414171,
                    0.7745196777192439,
                    0.7649576067829148
                ],
                "race": [
                    0.4958433603150295,
                    0.4138970051132213,
                    0.3682172641611611
                ]
            },
            "Validation": {
                "sex": [
                    0.7913734484224101,
                    0.7543151812698562,
                    0.7751100583612899
                ],
                "race": [
                    0.3681405005049938,
                    0.3502562459961563,
                    0.3613283401255645
                ]
            },
            "Test": {
                "sex": [
                    0.8153554486762079,
                    0.76626442507385,
                    0.7486261905114571
                ],
                "race": [
                    0.40987171124157423,
                    0.5674617329439665,
                    0.4922206506364922
                ]
            }
        },
        "EOR": {
            "Train": {
                "sex": [
                    0.8372363624953587,
                    0.7657795430056871,
                    0.7759665421244092
                ],
                "race": [
                    0.0,
                    0.16055860510171133,
                    0.0
                ]
            },
            "Validation": {
                "sex": [
                    0.8326236218393082,
                    0.8022358984145159,
                    0.8410412868499708
                ],
                "race": [
                    0.0,
                    0.0,
                    0.0
                ]
            },
            "Test": {
                "sex": [
                    0.8660578186019338,
                    0.8423446903283893,
                    0.7707326037778779
                ],
                "race": [
                    0.4697933227344992,
                    0.3516182770109471,
                    0.3210037477594916
                ]
            }
        }
    }
}