{
    "CatBoost": {
        "AUC": {
            "Train": [
                0.7419105939181333,
                0.7514742718338937,
                0.7453684183653666
            ],
            "Validation": [
                0.7436682885707526,
                0.752940086296143,
                0.7471890898603881
            ],
            "Test": [
                0.7440687207733396,
                0.7455395264587916,
                0.7444755836090421
            ]
        },
        "DPR": {
            "Train": {
                "sex": [
                    0.5099978122949026,
                    0.5530655759105347,
                    0.5586562855393229
                ],
                "race": [
                    0.4504173290937996,
                    0.3198199469436135,
                    0.38622550411814827
                ]
            },
            "Validation": {
                "sex": [
                    0.49491737137904773,
                    0.5648209549071618,
                    0.5335375057917925
                ],
                "race": [
                    0.36,
                    0.0,
                    0.3547445255474453
                ]
            },
            "Test": {
                "sex": [
                    0.5033273280592315,
                    0.5683874557591798,
                    0.6024834377030097
                ],
                "race": [
                    0.4166666666666667,
                    0.22222222222222218,
                    0.34276622343448115
                ]
            }
        },
        "EOR": {
            "Train": {
                "sex": [
                    0.4421604631250951,
                    0.4948689758379372,
                    0.5111613928028614
                ],
                "race": [
                    0.14399478751900383,
                    0.14519307978684576,
                    0.14519307978684576
                ]
            },
            "Validation": {
                "sex": [
                    0.39953361112272434,
                    0.5136884068048022,
                    0.5095838559890847
                ],
                "race": [
                    0.0,
                    0.0,
                    0.3309620596205962
                ]
            },
            "Test": {
                "sex": [
                    0.4865748396532113,
                    0.532637715006804,
                    0.5998515219005197
                ],
                "race": [
                    0.16230021420332838,
                    0.22262682069311904,
                    0.0
                ]
            }
        }
    }
}