{
    "CatBoost": {
        "AUC": {
            "Train": [
                0.6489764539294817,
                0.629623062336083,
                0.6262429223400382
            ],
            "Validation": [
                0.651994119365239,
                0.627809985802177,
                0.6299063831045907
            ],
            "Test": [
                0.6666378250743952,
                0.6472679426279504,
                0.6444242925530932
            ]
        },
        "DPR": {
            "Train": {
                "sex": [
                    0.7977607128202122,
                    0.8807212205270458,
                    0.6888888888888889
                ],
                "race": [
                    0.36386768447837153,
                    0.3751862274457871,
                    0.35920271416454624
                ]
            },
            "Validation": {
                "sex": [
                    0.801620367801294,
                    0.9211485155270497,
                    0.6588085939963091
                ],
                "race": [
                    0.3309624697336562,
                    0.25629907418258524,
                    0.3327247832040164
                ]
            },
            "Test": {
                "sex": [
                    0.8897924480434439,
                    0.9474255993279438,
                    0.7257866341379181
                ],
                "race": [
                    0.2364864864864865,
                    0.31027027027027027,
                    0.3111111111111111
                ]
            }
        },
        "EOR": {
            "Train": {
                "sex": [
                    0.8366897751874726,
                    0.8921922609827578,
                    0.6736807665556247
                ],
                "race": [
                    0.15019255455712452,
                    0.188942718723283,
                    0.289983962676775
                ]
            },
            "Validation": {
                "sex": [
                    0.8437430256655508,
                    0.9434802449508332,
                    0.6707787492101218
                ],
                "race": [
                    0.0,
                    0.0,
                    0.0
                ]
            },
            "Test": {
                "sex": [
                    0.9422371866816311,
                    0.9457136707459566,
                    0.7467828974678289
                ],
                "race": [
                    0.0,
                    0.3123678646934461,
                    0.3014998469543924
                ]
            }
        }
    }
}