{
    "CatBoost": {
        "AUC": {
            "Train": [
                0.7215544953248401,
                0.7067013148945293,
                0.7080225859022531
            ],
            "Validation": [
                0.7243067700322409,
                0.6930234938845834,
                0.7060945495518811
            ],
            "Test": [
                0.7270219534961093,
                0.7033753904589394,
                0.7117681782895589
            ]
        },
        "DPR": {
            "Train": {
                "sex": [
                    0.8266791213426945,
                    0.7556909840473203,
                    0.8034051046328777
                ],
                "race": [
                    0.5089515371738864,
                    0.4684399801587302,
                    0.5084033613445378
                ]
            },
            "Validation": {
                "sex": [
                    0.8952424168106698,
                    0.8081683867957049,
                    0.862705979070528
                ],
                "race": [
                    0.551344537815126,
                    0.5595735607675906,
                    0.46714798359535203
                ]
            },
            "Test": {
                "sex": [
                    0.8274423143796203,
                    0.7795579211863553,
                    0.8344547040785775
                ],
                "race": [
                    0.4848484848484848,
                    0.5503685503685504,
                    0.5454545454545454
                ]
            }
        },
        "EOR": {
            "Train": {
                "sex": [
                    0.8061252849339278,
                    0.689623584977015,
                    0.8079947735106701
                ],
                "race": [
                    0.166827427133571,
                    0.1678976913012282,
                    0.3341874238669299
                ]
            },
            "Validation": {
                "sex": [
                    0.9322958817952691,
                    0.7863539012591854,
                    0.869944532507232
                ],
                "race": [
                    0.19384920634920635,
                    0.19665861513687602,
                    0.1954
                ]
            },
            "Test": {
                "sex": [
                    0.8286608653058726,
                    0.7254643265986128,
                    0.8531835225190361
                ],
                "race": [
                    0.37141779788838614,
                    0.4918490233514466,
                    0.5616269124774304
                ]
            }
        }
    }
}