{
    "CatBoost": {
        "AUC": {
            "Train": [
                0.74561700860917,
                0.7421121691855297,
                0.7451335456361785
            ],
            "Validation": [
                0.7337332787358022,
                0.7343442657802887,
                0.73610767052177
            ],
            "Test": [
                0.7353386133855793,
                0.7330074117886254,
                0.734271435964734
            ]
        },
        "DPR": {
            "Train": {
                "sex": [
                    0.8508931210675225,
                    0.7106986899563319,
                    0.8678654873164219
                ],
                "race": [
                    0.7208229550806577,
                    0.6722190176971601,
                    0.7180266709277161
                ]
            },
            "Validation": {
                "sex": [
                    0.8271186202525125,
                    0.6850021326432281,
                    0.8826356613126493
                ],
                "race": [
                    0.5873769024171889,
                    0.5088413215449046,
                    0.3663316582914573
                ]
            },
            "Test": {
                "sex": [
                    0.8177460799834528,
                    0.6949716419363116,
                    0.8884623316464934
                ],
                "race": [
                    0.5717717717717717,
                    0.554954954954955,
                    0.5925925925925926
                ]
            }
        },
        "EOR": {
            "Train": {
                "sex": [
                    0.8136964652583891,
                    0.6448754202756564,
                    0.8208514277231491
                ],
                "race": [
                    0.0,
                    0.0,
                    0.0
                ]
            },
            "Validation": {
                "sex": [
                    0.8841266370240785,
                    0.6481517432789031,
                    0.9613394518874223
                ],
                "race": [
                    0.0,
                    0.0,
                    0.0
                ]
            },
            "Test": {
                "sex": [
                    0.845191968235566,
                    0.676809625764734,
                    0.952293466674755
                ],
                "race": [
                    0.0,
                    0.0,
                    0.0
                ]
            }
        }
    }
}