{
    "CatBoost": {
        "AUC": {
            "Train": [
                0.8371694916468133,
                0.8361794336393427,
                0.8367496779416359
            ],
            "Validation": [
                0.7713341701668244,
                0.7720701738493847,
                0.7709572715777331
            ],
            "Test": [
                0.7645943847845775,
                0.7650763358778625,
                0.7665018575679723
            ]
        },
        "DPR": {
            "Train": {
                "sex": [
                    0.7556149519288307,
                    0.7205312672938572,
                    0.751431798015649
                ],
                "race": [
                    0.3021978021978022,
                    0.3021978021978022,
                    0.4230769230769231
                ]
            },
            "Validation": {
                "sex": [
                    0.8437682046550689,
                    0.7656935988811606,
                    0.8645090477778138
                ],
                "race": [
                    0.47619047619047616,
                    0.35584119752684673,
                    0.48102936324645323
                ]
            },
            "Test": {
                "sex": [
                    0.7714731544427422,
                    0.7300395482624973,
                    0.78344009212444
                ],
                "race": [
                    0.4166666666666667,
                    0.4855640227541053,
                    0.3333333333333333
                ]
            }
        },
        "EOR": {
            "Train": {
                "sex": [
                    0.7549198976703223,
                    0.6901030896251705,
                    0.7645356371490281
                ],
                "race": [
                    0.0,
                    0.0,
                    0.0
                ]
            },
            "Validation": {
                "sex": [
                    0.905980371564715,
                    0.7884661600223775,
                    0.9526456815165402
                ],
                "race": [
                    0.0,
                    0.0,
                    0.0
                ]
            },
            "Test": {
                "sex": [
                    0.8230520881890852,
                    0.7960222464539977,
                    0.8531752721852013
                ],
                "race": [
                    0.3255122273628553,
                    0.4586372807698278,
                    0.3157557300849495
                ]
            }
        }
    }
}