{
    "CatBoost": {
        "AUC": {
            "Train": [
                0.7033229365161511,
                0.6989177371911336,
                0.7033830914276104
            ],
            "Validation": [
                0.7106719840718172,
                0.7061492010027212,
                0.7063232075248462
            ],
            "Test": [
                0.7035705044082582,
                0.7005177624161323,
                0.7046104190155815
            ]
        },
        "DPR": {
            "Train": {
                "sex": [
                    0.7049362174154187,
                    0.7538503107268306,
                    0.7296113847837985
                ],
                "race": [
                    0.4230769230769231,
                    0.4486487361931395,
                    0.4001588983050847
                ]
            },
            "Validation": {
                "sex": [
                    0.6795601163417255,
                    0.7215579814782725,
                    0.7009412404388047
                ],
                "race": [
                    0.36188637617209046,
                    0.32788605697151424,
                    0.4155082054186592
                ]
            },
            "Test": {
                "sex": [
                    0.6564792446159738,
                    0.701645247957173,
                    0.7187164512703785
                ],
                "race": [
                    0.40877876390506407,
                    0.4159442220391902,
                    0.43174530462666055
                ]
            }
        },
        "EOR": {
            "Train": {
                "sex": [
                    0.7166790293140186,
                    0.7716501420043878,
                    0.7313099790459182
                ],
                "race": [
                    0.1201885310290652,
                    0.11077694235588972,
                    0.1108942908117752
                ]
            },
            "Validation": {
                "sex": [
                    0.6786564996368918,
                    0.7396317403078728,
                    0.7087848178757269
                ],
                "race": [
                    0.0,
                    0.0,
                    0.0
                ]
            },
            "Test": {
                "sex": [
                    0.707089947089947,
                    0.7232387020382849,
                    0.7651167371180098
                ],
                "race": [
                    0.27716450216450217,
                    0.3141945773524721,
                    0.2939128704993037
                ]
            }
        }
    }
}