{
    "CatBoost": {
        "AUC": {
            "Train": [
                0.6507272419790371,
                0.6272840383808551,
                0.6335218110215117
            ],
            "Validation": [
                0.6476609410124822,
                0.6211036866274254,
                0.6301029203516919
            ],
            "Test": [
                0.662566193187069,
                0.6410783597952054,
                0.6459951389017244
            ]
        },
        "DPR": {
            "Train": {
                "sex": [
                    0.72781217750258,
                    0.8557017219717685,
                    0.7172539767105564
                ],
                "race": [
                    0.09271434382733866,
                    0.06475344266041941,
                    0.09750390761303399
                ]
            },
            "Validation": {
                "sex": [
                    0.710705799125687,
                    0.9194344273870932,
                    0.7466094000279814
                ],
                "race": [
                    0.0,
                    0.14245700885878063,
                    0.0
                ]
            },
            "Test": {
                "sex": [
                    0.7800209566391717,
                    0.9263323018984908,
                    0.7758472069018416
                ],
                "race": [
                    0.08312564727892294,
                    0.10629699248120301,
                    0.09521370819229354
                ]
            }
        },
        "EOR": {
            "Train": {
                "sex": [
                    0.7400136172822249,
                    0.8826541749000505,
                    0.7310999972737104
                ],
                "race": [
                    0.0683082629301463,
                    0.0,
                    0.0
                ]
            },
            "Validation": {
                "sex": [
                    0.7458963694257812,
                    0.9182244311840598,
                    0.7728925058107428
                ],
                "race": [
                    0.0,
                    0.0,
                    0.0
                ]
            },
            "Test": {
                "sex": [
                    0.7770800106326422,
                    0.8813308300272136,
                    0.7636042423095234
                ],
                "race": [
                    0.0,
                    0.0,
                    0.0
                ]
            }
        }
    }
}