{
    "CatBoost": {
        "AUC": {
            "Train": [
                0.7026453201731445,
                0.6961728480771684,
                0.7008934347224198
            ],
            "Validation": [
                0.7108910520438949,
                0.7012093106661146,
                0.7066009709240415
            ],
            "Test": [
                0.7063439180821767,
                0.6982420106093932,
                0.7022473337892539
            ]
        },
        "DPR": {
            "Train": {
                "sex": [
                    0.6850894785560012,
                    0.7372960012375279,
                    0.6704025256511444
                ],
                "race": [
                    0.4031483457844184,
                    0.45443609022556386,
                    0.4187915742793792
                ]
            },
            "Validation": {
                "sex": [
                    0.6650813449182457,
                    0.6984616272735885,
                    0.6325994694960212
                ],
                "race": [
                    0.34560682680151705,
                    0.3476579058923272,
                    0.4628221600786034
                ]
            },
            "Test": {
                "sex": [
                    0.6719630076001673,
                    0.6939671153955849,
                    0.6453874214389312
                ],
                "race": [
                    0.4856124209315699,
                    0.47059936073232084,
                    0.41356120826709064
                ]
            }
        },
        "EOR": {
            "Train": {
                "sex": [
                    0.7078517599907164,
                    0.727612041036717,
                    0.6863805418388106
                ],
                "race": [
                    0.10927370618613338,
                    0.10758911667658354,
                    0.11657484468409329
                ]
            },
            "Validation": {
                "sex": [
                    0.6922953089281689,
                    0.7276269482151836,
                    0.6192569772044114
                ],
                "race": [
                    0.0,
                    0.0,
                    0.0
                ]
            },
            "Test": {
                "sex": [
                    0.7226009764040189,
                    0.7310690423162584,
                    0.6711210096510766
                ],
                "race": [
                    0.3581818181818182,
                    0.3372004564473184,
                    0.305963967695175
                ]
            }
        }
    }
}