{
    "CatBoost": {
        "AUC": {
            "Train": [
                0.7055212332109173,
                0.7243624272480782,
                0.7248646037989025
            ],
            "Validation": [
                0.7176877052029105,
                0.7266098722935401,
                0.7349252118581401
            ],
            "Test": [
                0.7088758941278672,
                0.7391034231003826,
                0.7353949873389646
            ]
        },
        "DPR": {
            "Train": {
                "sex": [
                    0.40022452989054164,
                    0.4182908545727136,
                    0.2751898965864372
                ],
                "race": [
                    0.0,
                    0.20133111480865226,
                    0.12434167215273205
                ]
            },
            "Validation": {
                "sex": [
                    0.5262588816805684,
                    0.41077887629611776,
                    0.24570460637871228
                ],
                "race": [
                    0.0,
                    0.23821972420103263,
                    0.2707407169968985
                ]
            },
            "Test": {
                "sex": [
                    0.5124993005071958,
                    0.4880181790369458,
                    0.30678731596988584
                ],
                "race": [
                    0.1355546233595014,
                    0.15182226995100342,
                    0.0
                ]
            }
        },
        "EOR": {
            "Train": {
                "sex": [
                    0.4196812138637342,
                    0.4461356604985115,
                    0.28176989084116516
                ],
                "race": [
                    0.0,
                    0.0,
                    0.0
                ]
            },
            "Validation": {
                "sex": [
                    0.5713820078226858,
                    0.24929776243131774,
                    0.1596481067813905
                ],
                "race": [
                    0.0,
                    0.0,
                    0.0
                ]
            },
            "Test": {
                "sex": [
                    0.5413474519754713,
                    0.5220081946309866,
                    0.23523589094138025
                ],
                "race": [
                    0.0,
                    0.0,
                    0.0
                ]
            }
        }
    }
}