{
    "CatBoost": {
        "AUC": {
            "Train": [
                0.6581983780179688,
                0.671535181064262,
                0.6651979781018794
            ],
            "Validation": [
                0.6479428639301349,
                0.6644993649801822,
                0.6613172178182679
            ],
            "Test": [
                0.6665204563517735,
                0.6831396826423674,
                0.6835714978836663
            ]
        },
        "DPR": {
            "Train": {
                "sex": [
                    0.8816846483816456,
                    0.8607879924953095,
                    0.8905099754614318
                ],
                "race": [
                    0.585217139516312,
                    0.6039908932636936,
                    0.6867141342220875
                ]
            },
            "Validation": {
                "sex": [
                    0.9262483719636332,
                    0.8845873156217984,
                    0.9077330098137337
                ],
                "race": [
                    0.6363869775084727,
                    0.6952947588336815,
                    0.7716402697193039
                ]
            },
            "Test": {
                "sex": [
                    0.9112340993881801,
                    0.8859045431053975,
                    0.9044744011069792
                ],
                "race": [
                    0.5990704079876055,
                    0.5801801801801802,
                    0.7412841261438403
                ]
            }
        },
        "EOR": {
            "Train": {
                "sex": [
                    0.8759271242736378,
                    0.8276434502289886,
                    0.8978664839342972
                ],
                "race": [
                    0.4895938512546153,
                    0.48114870235338836,
                    0.5609334790425494
                ]
            },
            "Validation": {
                "sex": [
                    0.9458976088422794,
                    0.8775661320133167,
                    0.8993262256303322
                ],
                "race": [
                    0.4914486921529175,
                    0.5712336776456831,
                    0.6666666666666666
                ]
            },
            "Test": {
                "sex": [
                    0.9274749124899855,
                    0.9090359826743142,
                    0.931192962377351
                ],
                "race": [
                    0.4633519308609561,
                    0.4477272727272727,
                    0.5457063711911357
                ]
            }
        }
    }
}