{
    "CatBoost": {
        "AUC": {
            "Train": [
                0.8386640942813155,
                0.8330339642196393,
                0.8350433923973895
            ],
            "Validation": [
                0.7772744246923806,
                0.7762918539990535,
                0.779097911367132
            ],
            "Test": [
                0.7741518492505037,
                0.7711464706208528,
                0.7741821155943294
            ]
        },
        "DPR": {
            "Train": {
                "sex": [
                    0.7757013022780029,
                    0.7619432264020309,
                    0.7850142017042044
                ],
                "race": [
                    0.48200329629432714,
                    0.46739186472134864,
                    0.3646235521235521
                ]
            },
            "Validation": {
                "sex": [
                    0.7461177082806323,
                    0.7575033562352569,
                    0.7816303165107347
                ],
                "race": [
                    0.47409494905701277,
                    0.34058347176079734,
                    0.35584119752684673
                ]
            },
            "Test": {
                "sex": [
                    0.7812623340476726,
                    0.785530720053302,
                    0.7800984244739064
                ],
                "race": [
                    0.47626065901673853,
                    0.5747747747747748,
                    0.5626865671641791
                ]
            }
        },
        "EOR": {
            "Train": {
                "sex": [
                    0.8428409598199886,
                    0.747965328336647,
                    0.8152133319056362
                ],
                "race": [
                    0.0,
                    0.15837248188550043,
                    0.0
                ]
            },
            "Validation": {
                "sex": [
                    0.7611100930507197,
                    0.8145311570479106,
                    0.8677318198310268
                ],
                "race": [
                    0.0,
                    0.0,
                    0.0
                ]
            },
            "Test": {
                "sex": [
                    0.8300271058856028,
                    0.8610952688216805,
                    0.8021270350995321
                ],
                "race": [
                    0.44306344696969696,
                    0.397979797979798,
                    0.47492767598842817
                ]
            }
        }
    }
}