{
    "CatBoost": {
        "AUC": {
            "Train": [
                0.7170206690312004,
                0.7136661735677412,
                0.7065580462839917
            ],
            "Validation": [
                0.7211587078132394,
                0.6994617352032063,
                0.707281398818327
            ],
            "Test": [
                0.7260707585531302,
                0.7116584339130916,
                0.7134714110123284
            ]
        },
        "DPR": {
            "Train": {
                "sex": [
                    0.8864784913102428,
                    0.8373349339735895,
                    0.8165622612681436
                ],
                "race": [
                    0.5166293671515604,
                    0.43402910762160096,
                    0.36974789915966383
                ]
            },
            "Validation": {
                "sex": [
                    0.9211672225953712,
                    0.8829843247423826,
                    0.8398536854122765
                ],
                "race": [
                    0.5582404492470008,
                    0.5366871165644173,
                    0.48006848713671085
                ]
            },
            "Test": {
                "sex": [
                    0.8831856214404136,
                    0.8163751367929708,
                    0.8134742262019966
                ],
                "race": [
                    0.36363636363636365,
                    0.42424242424242425,
                    0.5
                ]
            }
        },
        "EOR": {
            "Train": {
                "sex": [
                    0.8789636875888337,
                    0.8125684011213169,
                    0.8158215035104884
                ],
                "race": [
                    0.16803244065219228,
                    0.17579212514914488,
                    0.2593333043591638
                ]
            },
            "Validation": {
                "sex": [
                    0.9491571701278418,
                    0.9196831607095016,
                    0.8476427112403242
                ],
                "race": [
                    0.2002049180327869,
                    0.20559764309764308,
                    0.20840443686006827
                ]
            },
            "Test": {
                "sex": [
                    0.924384747185581,
                    0.8101315757032849,
                    0.8202051421905064
                ],
                "race": [
                    0.2835620381921121,
                    0.29411764705882354,
                    0.5699132111861138
                ]
            }
        }
    }
}