{
    "CatBoost": {
        "AUC": {
            "Train": [
                0.7396092281503962,
                0.7487628245766109,
                0.743078777462753
            ],
            "Validation": [
                0.74154254355478,
                0.751576919663985,
                0.7490405377425461
            ],
            "Test": [
                0.7445331127663901,
                0.7432942720366709,
                0.741076511468865
            ]
        },
        "DPR": {
            "Train": {
                "sex": [
                    0.7123975315464677,
                    0.7103334961587993,
                    0.6134703584168507
                ],
                "race": [
                    0.47179433805162363,
                    0.32159884215903284,
                    0.3751862274457871
                ]
            },
            "Validation": {
                "sex": [
                    0.7414187211701245,
                    0.7412609389353575,
                    0.6170256346988195
                ],
                "race": [
                    0.39782925054571916,
                    0.3853970864661654,
                    0.5682123076692474
                ]
            },
            "Test": {
                "sex": [
                    0.7323229734278592,
                    0.7020912191344976,
                    0.6657048242932986
                ],
                "race": [
                    0.37037037037037035,
                    0.1700304431164731,
                    0.3334807607253427
                ]
            }
        },
        "EOR": {
            "Train": {
                "sex": [
                    0.729942700474373,
                    0.6800854641306114,
                    0.5856226557374905
                ],
                "race": [
                    0.15215728274173806,
                    0.14340302811824082,
                    0.13756138045507987
                ]
            },
            "Validation": {
                "sex": [
                    0.7795620578376066,
                    0.7444564150446503,
                    0.6148805201092782
                ],
                "race": [
                    0.0,
                    0.0,
                    0.32917789757412397
                ]
            },
            "Test": {
                "sex": [
                    0.810833781327599,
                    0.7432942771376004,
                    0.6497377539449848
                ],
                "race": [
                    0.1704152249134948,
                    0.0,
                    0.2941176470588235
                ]
            }
        }
    }
}