{
    "CatBoost": {
        "AUC": {
            "Train": [
                0.7411731692114052,
                0.7364724224241338,
                0.738132328329492
            ],
            "Validation": [
                0.7345822826697823,
                0.7386701649757454,
                0.7378562858642925
            ],
            "Test": [
                0.7320820934144132,
                0.7334346062140731,
                0.7318388074598452
            ]
        },
        "DPR": {
            "Train": {
                "sex": [
                    0.8031553046750615,
                    0.763470155941925,
                    0.8016764758337792
                ],
                "race": [
                    0.5301876617713296,
                    0.4315704289046508,
                    0.5335954421320275
                ]
            },
            "Validation": {
                "sex": [
                    0.7722315397435238,
                    0.7358424392615216,
                    0.78445780390518
                ],
                "race": [
                    0.5394139700078927,
                    0.5327908789709608,
                    0.5335187353629977
                ]
            },
            "Test": {
                "sex": [
                    0.7812254591989337,
                    0.7729262936667252,
                    0.7885554873865759
                ],
                "race": [
                    0.362918752406623,
                    0.4334578901983328,
                    0.28877824588280354
                ]
            }
        },
        "EOR": {
            "Train": {
                "sex": [
                    0.788594450905466,
                    0.7122516685151674,
                    0.7474582914621498
                ],
                "race": [
                    0.18488566648075852,
                    0.0,
                    0.17762100375066978
                ]
            },
            "Validation": {
                "sex": [
                    0.8147011461589467,
                    0.7333594898834758,
                    0.821659215101838
                ],
                "race": [
                    0.0,
                    0.0,
                    0.0
                ]
            },
            "Test": {
                "sex": [
                    0.7617746321067949,
                    0.7845618990711065,
                    0.7974074123467986
                ],
                "race": [
                    0.11922052771725974,
                    0.2769447047797563,
                    0.11519120570693488
                ]
            }
        }
    }
}