{
    "CatBoost": {
        "AUC": {
            "Train": [
                0.7393487686465786,
                0.7374343234279209,
                0.7400829011497991
            ],
            "Validation": [
                0.7293967496598438,
                0.7371750491747515,
                0.7374629802857312
            ],
            "Test": [
                0.7246169343659317,
                0.7321028870857438,
                0.734093996636046
            ]
        },
        "DPR": {
            "Train": {
                "sex": [
                    0.8493150684931507,
                    0.8208080008634026,
                    0.7817082767007654
                ],
                "race": [
                    0.5720595658758203,
                    0.4786582504223766,
                    0.48844643455773196
                ]
            },
            "Validation": {
                "sex": [
                    0.8626578564942265,
                    0.7663200512137308,
                    0.8036978014489258
                ],
                "race": [
                    0.5738952450928939,
                    0.5219701537533916,
                    0.5270620368324864
                ]
            },
            "Test": {
                "sex": [
                    0.8674155554707251,
                    0.8055363480375308,
                    0.7804013719292822
                ],
                "race": [
                    0.3852442264459432,
                    0.39999999999999997,
                    0.2909231214430404
                ]
            }
        },
        "EOR": {
            "Train": {
                "sex": [
                    0.8477421054435947,
                    0.7836149578621946,
                    0.7171806225152974
                ],
                "race": [
                    0.22561252268602539,
                    0.0,
                    0.0
                ]
            },
            "Validation": {
                "sex": [
                    0.9119958380110074,
                    0.7763825358441214,
                    0.8368036780911364
                ],
                "race": [
                    0.0,
                    0.0,
                    0.0
                ]
            },
            "Test": {
                "sex": [
                    0.9286065718459984,
                    0.8326706057431872,
                    0.7793559622887956
                ],
                "race": [
                    0.12460468058191017,
                    0.3375721500721501,
                    0.11946634323832626
                ]
            }
        }
    }
}