{
    "CatBoost": {
        "AUC": {
            "Train": [
                0.48739857125298724,
                0.39898820767358345,
                0.5391620602771273
            ],
            "Validation": [
                0.5040444384465216,
                0.405030567838973,
                0.5643141277582229
            ],
            "Test": [
                0.493090147496442,
                0.3977260965196015,
                0.5620364166497237
            ]
        },
        "DPR": {
            "Train": {
                "sex": [
                    0.9998735963932838,
                    0.9948446015613492,
                    0.9923286157507757
                ],
                "race": [
                    0.9983361064891847,
                    0.9545454545454546,
                    0.9679417122040073
                ]
            },
            "Validation": {
                "sex": [
                    0.9992603325582211,
                    0.9961843263868506,
                    0.9957426811246551
                ],
                "race": [
                    0.9986282578875172,
                    0.9702970297029703,
                    0.9781931464174455
                ]
            },
            "Test": {
                "sex": [
                    0.9991215226939971,
                    0.9953147877013178,
                    0.9939385065885799
                ],
                "race": [
                    0.9968454258675079,
                    0.972972972972973,
                    0.9757709251101322
                ]
            }
        },
        "EOR": {
            "Train": {
                "sex": [
                    0.9997523748453498,
                    0.9932791935032204,
                    0.9874110474652307
                ],
                "race": [
                    0.9955947136563876,
                    0.9090909090909091,
                    0.9583333333333334
                ]
            },
            "Validation": {
                "sex": [
                    0.9971790109124681,
                    0.9948659440958357,
                    0.9922315505941434
                ],
                "race": [
                    0.9983471074380166,
                    0.9629629629629629,
                    0.9745222929936306
                ]
            },
            "Test": {
                "sex": [
                    0.9987623762376238,
                    0.9944413563090606,
                    0.9936439972472584
                ],
                "race": [
                    0.9924242424242424,
                    0.96,
                    0.9732888146911519
                ]
            }
        }
    }
}