{
    "CatBoost": {
        "AUC": {
            "Train": [
                0.7427253276493344,
                0.7473429607375275,
                0.7442617470441789
            ],
            "Validation": [
                0.748555029504851,
                0.7515718358080927,
                0.7476334650822292
            ],
            "Test": [
                0.7509980962238693,
                0.7476644086279873,
                0.7488443339556032
            ]
        },
        "DPR": {
            "Train": {
                "sex": [
                    0.7588626779124934,
                    0.6470125291191839,
                    0.7135300229856104
                ],
                "race": [
                    0.41167922986104805,
                    0.5732962876599176,
                    0.3942596216568819
                ]
            },
            "Validation": {
                "sex": [
                    0.7427214025960107,
                    0.6440853254545922,
                    0.7281576990414624
                ],
                "race": [
                    0.40157914065369077,
                    0.5715814595006038,
                    0.4464285714285714
                ]
            },
            "Test": {
                "sex": [
                    0.720473912716263,
                    0.6408847184986595,
                    0.7301567085216886
                ],
                "race": [
                    0.3888888888888889,
                    0.4848484848484848,
                    0.38061585058051484
                ]
            }
        },
        "EOR": {
            "Train": {
                "sex": [
                    0.71720926277018,
                    0.5495099892008639,
                    0.6600622138908132
                ],
                "race": [
                    0.20307315330032158,
                    0.270269046109249,
                    0.09397146366814702
                ]
            },
            "Validation": {
                "sex": [
                    0.7329123739891438,
                    0.6118278078328016,
                    0.7438592522574199
                ],
                "race": [
                    0.0,
                    0.2157685512367491,
                    0.175
                ]
            },
            "Test": {
                "sex": [
                    0.720809236193217,
                    0.5785071119187835,
                    0.6941770683418791
                ],
                "race": [
                    0.29411764705882354,
                    0.3995943204868154,
                    0.2966271832965268
                ]
            }
        }
    }
}