{
    "CatBoost": {
        "AUC": {
            "Train": [
                0.6668768574958738,
                0.6732896367440409,
                0.6638718843048068
            ],
            "Validation": [
                0.6571840429779934,
                0.6701013120045551,
                0.6532913114129792
            ],
            "Test": [
                0.6754705145740533,
                0.6778010230486294,
                0.6812292063286695
            ]
        },
        "DPR": {
            "Train": {
                "sex": [
                    0.8225267966965384,
                    0.8172203460823582,
                    0.8658350241727412
                ],
                "race": [
                    0.5526934451872371,
                    0.588219876621487,
                    0.49301359990534205
                ]
            },
            "Validation": {
                "sex": [
                    0.8765701886757084,
                    0.8284040671971706,
                    0.8552046804171177
                ],
                "race": [
                    0.5462037962037962,
                    0.6405673847891921,
                    0.52851619139681
                ]
            },
            "Test": {
                "sex": [
                    0.8682211520003297,
                    0.8192986579570246,
                    0.8767928140459504
                ],
                "race": [
                    0.5691168875882252,
                    0.5756839746604333,
                    0.5232679184177045
                ]
            }
        },
        "EOR": {
            "Train": {
                "sex": [
                    0.7978834405531152,
                    0.7946720462890672,
                    0.8709181469564068
                ],
                "race": [
                    0.45408655065699355,
                    0.4940063866371898,
                    0.4241965973534972
                ]
            },
            "Validation": {
                "sex": [
                    0.8876879749189648,
                    0.8245530914937542,
                    0.8606602825590344
                ],
                "race": [
                    0.3311303168954414,
                    0.5572163395316805,
                    0.45907847093617843
                ]
            },
            "Test": {
                "sex": [
                    0.8676156675867864,
                    0.8142350763825718,
                    0.8880918635929771
                ],
                "race": [
                    0.4035544236518658,
                    0.4401975773256498,
                    0.2233560090702948
                ]
            }
        }
    }
}