{
    "CatBoost": {
        "AUC": {
            "Train": [
                0.7011125395295453,
                0.7016246215698705,
                0.7050113459729304
            ],
            "Validation": [
                0.7103528565724089,
                0.7050665707820636,
                0.7064780340451965
            ],
            "Test": [
                0.7060031329131471,
                0.7015558286971147,
                0.7073177550228268
            ]
        },
        "DPR": {
            "Train": {
                "sex": [
                    0.44355200239091447,
                    0.4158643635848789,
                    0.4746950428237736
                ],
                "race": [
                    0.2820433051269288,
                    0.4587305140257849,
                    0.4345936785808679
                ]
            },
            "Validation": {
                "sex": [
                    0.4166909390146652,
                    0.3925173728532141,
                    0.45185676392572943
                ],
                "race": [
                    0.22525491811721082,
                    0.30824524312896406,
                    0.3284112523776153
                ]
            },
            "Test": {
                "sex": [
                    0.46139834614867686,
                    0.41204259844127467,
                    0.46975843240739446
                ],
                "race": [
                    0.30108815014475393,
                    0.4506890508255696,
                    0.38682478902561435
                ]
            }
        },
        "EOR": {
            "Train": {
                "sex": [
                    0.36303736125031266,
                    0.3514208750940374,
                    0.38670200152533796
                ],
                "race": [
                    0.0,
                    0.10426714195848186,
                    0.2034678533067362
                ]
            },
            "Validation": {
                "sex": [
                    0.3563887093298858,
                    0.3734999920487254,
                    0.3851053568161785
                ],
                "race": [
                    0.0,
                    0.0,
                    0.0
                ]
            },
            "Test": {
                "sex": [
                    0.44845129752307217,
                    0.35469481294987254,
                    0.3717389713186319
                ],
                "race": [
                    0.2535718882739091,
                    0.33933014354066987,
                    0.28457241910631736
                ]
            }
        }
    }
}