{
    "CatBoost": {
        "AUC": {
            "Train": [
                0.6458990811402252,
                0.633363092157671,
                0.6268853929666519
            ],
            "Validation": [
                0.6448911638887246,
                0.630874511025497,
                0.6304106091753432
            ],
            "Test": [
                0.6623864434504557,
                0.6495878232260688,
                0.6441098460344159
            ]
        },
        "DPR": {
            "Train": {
                "sex": [
                    0.8309596367933328,
                    0.6902370080452271,
                    0.7227936029292983
                ],
                "race": [
                    0.2619047619047619,
                    0.35464330021347223,
                    0.2189714028081927
                ]
            },
            "Validation": {
                "sex": [
                    0.8507427526843219,
                    0.6590741426852419,
                    0.722272973997112
                ],
                "race": [
                    0.36371195742557794,
                    0.24125758411472698,
                    0.2059322033898305
                ]
            },
            "Test": {
                "sex": [
                    0.9072264196929075,
                    0.755299699610806,
                    0.7708360394968559
                ],
                "race": [
                    0.3121621621621622,
                    0.3477325134511914,
                    0.4187144245453283
                ]
            }
        },
        "EOR": {
            "Train": {
                "sex": [
                    0.8429848384406475,
                    0.6831756302712679,
                    0.744168909110222
                ],
                "race": [
                    0.15885312674706492,
                    0.17675286590242603,
                    0.12704394481349002
                ]
            },
            "Validation": {
                "sex": [
                    0.8562738626803857,
                    0.6849651248479032,
                    0.7518330652810424
                ],
                "race": [
                    0.0,
                    0.0,
                    0.0
                ]
            },
            "Test": {
                "sex": [
                    0.9834774952089916,
                    0.776120226023887,
                    0.799469126460803
                ],
                "race": [
                    0.0,
                    0.2998173701298701,
                    0.0
                ]
            }
        }
    }
}