{
    "CatBoost": {
        "AUC": {
            "Train": [
                0.4355195085583429,
                0.4629283156763411,
                0.5194930503316693
            ],
            "Validation": [
                0.4532998153173805,
                0.47715696451283723,
                0.5459817434113228
            ],
            "Test": [
                0.44212220209600206,
                0.46357399312422604,
                0.5460934467589598
            ]
        },
        "DPR": {
            "Train": {
                "sex": [
                    0.9943743283959462,
                    0.997490774907749,
                    0.9982729934078894
                ],
                "race": [
                    0.9900727994705493,
                    0.9923664122137404,
                    0.9985428051001821
                ]
            },
            "Validation": {
                "sex": [
                    0.9929556794834165,
                    0.9966062546496999,
                    0.9939521767411788
                ],
                "race": [
                    0.9899405578417924,
                    0.9906542056074766,
                    0.9977137631458619
                ]
            },
            "Test": {
                "sex": [
                    0.9944363103953148,
                    0.9966810469609435,
                    0.9968542661290068
                ],
                "race": [
                    0.9891891891891892,
                    0.9891891891891892,
                    0.9982316534040672
                ]
            }
        },
        "EOR": {
            "Train": {
                "sex": [
                    0.991318958274993,
                    0.9964583406179311,
                    0.9980007822149586
                ],
                "race": [
                    0.9877300613496932,
                    0.9815950920245399,
                    0.9979889391654098
                ]
            },
            "Validation": {
                "sex": [
                    0.9908727895037079,
                    0.9943547996786339,
                    0.9934640522875817
                ],
                "race": [
                    0.9833333333333333,
                    0.9833333333333333,
                    0.9975206611570248
                ]
            },
            "Test": {
                "sex": [
                    0.9922178988326849,
                    0.9932115353197339,
                    0.991552496006839
                ],
                "race": [
                    0.9733333333333334,
                    0.9733333333333334,
                    0.996661101836394
                ]
            }
        }
    }
}