{
    "CatBoost": {
        "AUC": {
            "Train": [
                0.8357070313149777,
                0.8375047477040056,
                0.8365766639836172
            ],
            "Validation": [
                0.7674501042652627,
                0.7718492572024374,
                0.7674764478821581
            ],
            "Test": [
                0.7607544868121915,
                0.766712566770789,
                0.7666762933663568
            ]
        },
        "DPR": {
            "Train": {
                "sex": [
                    0.7746263859874659,
                    0.7542429876963247,
                    0.7494696393547612
                ],
                "race": [
                    0.3724528921998247,
                    0.48351648351648346,
                    0.4230769230769231
                ]
            },
            "Validation": {
                "sex": [
                    0.8384453286177423,
                    0.811152560791783,
                    0.8530333133522933
                ],
                "race": [
                    0.47619047619047616,
                    0.47619047619047616,
                    0.48363555948695264
                ]
            },
            "Test": {
                "sex": [
                    0.7963534661479255,
                    0.750409346926297,
                    0.7616757158627525
                ],
                "race": [
                    0.40646900269541775,
                    0.41080963277759613,
                    0.4146046409325855
                ]
            }
        },
        "EOR": {
            "Train": {
                "sex": [
                    0.8176851734214204,
                    0.7867497476715181,
                    0.7750974039723881
                ],
                "race": [
                    0.0,
                    0.14473684210526314,
                    0.14473684210526314
                ]
            },
            "Validation": {
                "sex": [
                    0.914625222438424,
                    0.8803971083382848,
                    0.914625222438424
                ],
                "race": [
                    0.0,
                    0.0,
                    0.0
                ]
            },
            "Test": {
                "sex": [
                    0.8423446903283893,
                    0.8028781908514648,
                    0.7974496702912792
                ],
                "race": [
                    0.31151170145477547,
                    0.31923513206935666,
                    0.3210037477594916
                ]
            }
        }
    }
}