{
    "CatBoost": {
        "AUC": {
            "Train": [
                0.8660507801020607,
                0.8676045557627654,
                0.8644753740867311
            ],
            "Validation": [
                0.7975705639197823,
                0.798326903025911,
                0.7970233561583058
            ],
            "Test": [
                0.7972279725708372,
                0.7969373232537937,
                0.7967125205626305
            ]
        },
        "DPR": {
            "Train": {
                "sex": [
                    0.7431077694235589,
                    0.7456140350877193,
                    0.7527566077509322
                ],
                "race": [
                    0.4375482625482625,
                    0.500828637719589,
                    0.43907400232468036
                ]
            },
            "Validation": {
                "sex": [
                    0.8113450180986854,
                    0.8146577714674406,
                    0.8188008473821943
                ],
                "race": [
                    0.35714285714285715,
                    0.35714285714285715,
                    0.36188637617209046
                ]
            },
            "Test": {
                "sex": [
                    0.7843894026568665,
                    0.7851221411775279,
                    0.7998200138566738
                ],
                "race": [
                    0.4959982458063808,
                    0.48776280323450133,
                    0.41080963277759613
                ]
            }
        },
        "EOR": {
            "Train": {
                "sex": [
                    0.773319013599791,
                    0.7637718652837442,
                    0.7801384052541103
                ],
                "race": [
                    0.0,
                    0.0,
                    0.0
                ]
            },
            "Validation": {
                "sex": [
                    0.8827816713477002,
                    0.8949904110299072,
                    0.9139818551583259
                ],
                "race": [
                    0.0,
                    0.0,
                    0.0
                ]
            },
            "Test": {
                "sex": [
                    0.8204420815671625,
                    0.8259008322588208,
                    0.8744039538332956
                ],
                "race": [
                    0.44772727272727275,
                    0.3292112299465241,
                    0.33883728930168555
                ]
            }
        }
    }
}