{
    "CatBoost": {
        "AUC": {
            "Train": [
                0.739005051048792,
                0.7423857108664433,
                0.7444202926341509
            ],
            "Validation": [
                0.7427030492043302,
                0.7455638735654283,
                0.7483135463499764
            ],
            "Test": [
                0.7449582278247047,
                0.743302589505203,
                0.7468633902001738
            ]
        },
        "DPR": {
            "Train": {
                "sex": [
                    0.7932687539260092,
                    0.8209866248624128,
                    0.8037514804263628
                ],
                "race": [
                    0.4498412208353548,
                    0.5078195017028141,
                    0.49432933478735
                ]
            },
            "Validation": {
                "sex": [
                    0.8209851054598524,
                    0.8249840824223236,
                    0.790902612570137
                ],
                "race": [
                    0.3920057357949453,
                    0.39978064162325194,
                    0.4464285714285714
                ]
            },
            "Test": {
                "sex": [
                    0.8098279352853401,
                    0.8367697487374526,
                    0.7972709240582342
                ],
                "race": [
                    0.3888888888888889,
                    0.46919726197884254,
                    0.5175461175461175
                ]
            }
        },
        "EOR": {
            "Train": {
                "sex": [
                    0.7706917726500744,
                    0.7854818189887275,
                    0.7834829027631278
                ],
                "race": [
                    0.2873308614628978,
                    0.2951622477245746,
                    0.18777436865706867
                ]
            },
            "Validation": {
                "sex": [
                    0.8709620486825392,
                    0.8568394332633978,
                    0.814581089992404
                ],
                "race": [
                    0.0,
                    0.0,
                    0.175
                ]
            },
            "Test": {
                "sex": [
                    0.8651704642795957,
                    0.85060912531795,
                    0.8266340972771032
                ],
                "race": [
                    0.29411764705882354,
                    0.3634686346863469,
                    0.35053380782918153
                ]
            }
        }
    }
}