{
    "CatBoost": {
        "AUC": {
            "Train": [
                0.738622837773149,
                0.7487277654971528,
                0.7453667433846346
            ],
            "Validation": [
                0.7387644473941078,
                0.7508989181554662,
                0.7499937607223143
            ],
            "Test": [
                0.7421557030109236,
                0.7448406280612905,
                0.7482417795686007
            ]
        },
        "DPR": {
            "Train": {
                "sex": [
                    0.7764283351448419,
                    0.7583363702623906,
                    0.6556009605257614
                ],
                "race": [
                    0.4832690945762037,
                    0.33407523141324214,
                    0.36002859260828124
                ]
            },
            "Validation": {
                "sex": [
                    0.7867552727459332,
                    0.7773566750526403,
                    0.6470249436495188
                ],
                "race": [
                    0.41253772635814884,
                    0.3998659190638712,
                    0.4480027313076136
                ]
            },
            "Test": {
                "sex": [
                    0.784584362038099,
                    0.7552416088502355,
                    0.7093782432598545
                ],
                "race": [
                    0.3333333333333333,
                    0.14814814814814814,
                    0.3126684636118598
                ]
            }
        },
        "EOR": {
            "Train": {
                "sex": [
                    0.8205813428668328,
                    0.7239920806335494,
                    0.6375801226224482
                ],
                "race": [
                    0.1576569435637286,
                    0.15601223625382382,
                    0.13167825223435947
                ]
            },
            "Validation": {
                "sex": [
                    0.8628064684402712,
                    0.7953639914424229,
                    0.6654767560811707
                ],
                "race": [
                    0.0,
                    0.0,
                    0.0
                ]
            },
            "Test": {
                "sex": [
                    0.8535200489745943,
                    0.8343389350070863,
                    0.7610764368777345
                ],
                "race": [
                    0.2681001633097442,
                    0.16941864465084278,
                    0.23677884615384617
                ]
            }
        }
    }
}