{
    "CatBoost": {
        "AUC": {
            "Train": [
                0.8867694253868859,
                0.886747737274305,
                0.8881667636230226
            ],
            "Validation": [
                0.808911490993256,
                0.8079839183773072,
                0.8094166414014434
            ],
            "Test": [
                0.8102076132561965,
                0.8086113524203833,
                0.8108868731863298
            ]
        },
        "DPR": {
            "Train": {
                "sex": [
                    0.6622843056696794,
                    0.6598583558320615,
                    0.6537127265640226
                ],
                "race": [
                    0.4163299044819986,
                    0.4163299044819986,
                    0.4148060029282577
                ]
            },
            "Validation": {
                "sex": [
                    0.6925744971293777,
                    0.6711930710833116,
                    0.6801886393137311
                ],
                "race": [
                    0.34207507820646504,
                    0.33935036722871625,
                    0.34182557049077833
                ]
            },
            "Test": {
                "sex": [
                    0.6698540524264761,
                    0.6723258385977915,
                    0.6829505108325484
                ],
                "race": [
                    0.3333333333333333,
                    0.44444444444444436,
                    0.3333333333333333
                ]
            }
        },
        "EOR": {
            "Train": {
                "sex": [
                    0.5504733175065003,
                    0.5577420473028825,
                    0.5153641586224122
                ],
                "race": [
                    0.0,
                    0.0,
                    0.0
                ]
            },
            "Validation": {
                "sex": [
                    0.676089219268193,
                    0.65330373031316,
                    0.6507265689447299
                ],
                "race": [
                    0.0,
                    0.0,
                    0.0
                ]
            },
            "Test": {
                "sex": [
                    0.6307717034417836,
                    0.637724021246581,
                    0.6665016910005774
                ],
                "race": [
                    0.3148976982097187,
                    0.34159028981917267,
                    0.31319554848966613
                ]
            }
        }
    }
}