{
    "CatBoost": {
        "AUC": {
            "Train": [
                0.8477788773609143,
                0.8419111599461049,
                0.8447388450903888
            ],
            "Validation": [
                0.7778271784784666,
                0.7791182467907005,
                0.7826127044634407
            ],
            "Test": [
                0.7770634253183741,
                0.7765807811027114,
                0.7810606620704952
            ]
        },
        "DPR": {
            "Train": {
                "sex": [
                    0.6662976254103994,
                    0.642915073572008,
                    0.6536325864947773
                ],
                "race": [
                    0.47756005056890005,
                    0.5324067730253499,
                    0.35593885777103074
                ]
            },
            "Validation": {
                "sex": [
                    0.6379718641414227,
                    0.6354235742705571,
                    0.655606631585875
                ],
                "race": [
                    0.46492346938775503,
                    0.3254464285714286,
                    0.46911196911196906
                ]
            },
            "Test": {
                "sex": [
                    0.6591762513782327,
                    0.6190113529058595,
                    0.6661194631235594
                ],
                "race": [
                    0.39999999999999997,
                    0.5277998275163962,
                    0.5479651162790697
                ]
            }
        },
        "EOR": {
            "Train": {
                "sex": [
                    0.5427500182007912,
                    0.5031908759516434,
                    0.5131925259932695
                ],
                "race": [
                    0.0,
                    0.0,
                    0.0
                ]
            },
            "Validation": {
                "sex": [
                    0.6351467845331579,
                    0.6083807260277848,
                    0.6292852108163527
                ],
                "race": [
                    0.0,
                    0.0,
                    0.32566666666666666
                ]
            },
            "Test": {
                "sex": [
                    0.5910945653764245,
                    0.5774690024266197,
                    0.5987303041025748
                ],
                "race": [
                    0.5,
                    0.0,
                    0.0
                ]
            }
        }
    }
}