{
    "CatBoost": {
        "AUC": {
            "Train": [
                0.4600990710672377,
                0.46331780645447473,
                0.473881101319469
            ],
            "Validation": [
                0.47314510896089684,
                0.4829426236024018,
                0.48806599491984143
            ],
            "Test": [
                0.46182097111065923,
                0.4631333983328096,
                0.49693790085577505
            ]
        },
        "DPR": {
            "Train": {
                "sex": [
                    0.9916078017923036,
                    0.9990094001601821,
                    0.9978324620680863
                ],
                "race": [
                    0.9958085153320098,
                    0.9967213114754099,
                    0.9679417122040073
                ]
            },
            "Validation": {
                "sex": [
                    0.9971919768093529,
                    0.995121188416264,
                    0.995890813031993
                ],
                "race": [
                    0.9972565157750343,
                    0.9929922915206727,
                    0.9775753328661527
                ]
            },
            "Test": {
                "sex": [
                    0.9937029956187572,
                    0.99697358615876,
                    0.9967614817221643
                ],
                "race": [
                    0.9963289280469897,
                    0.9941262848751835,
                    0.9691629955947136
                ]
            }
        },
        "EOR": {
            "Train": {
                "sex": [
                    0.987802893576733,
                    0.9980007822149586,
                    0.9972840476346666
                ],
                "race": [
                    0.9939668174962293,
                    0.9967126890203813,
                    0.9558823529411765
                ]
            },
            "Validation": {
                "sex": [
                    0.9949230024213075,
                    0.992485506443632,
                    0.9918828511534826
                ],
                "race": [
                    0.996694214876033,
                    0.9924906132665833,
                    0.9713375796178344
                ]
            },
            "Test": {
                "sex": [
                    0.9907033194934807,
                    0.9932115353197339,
                    0.9904484728606789
                ],
                "race": [
                    0.9939086294416244,
                    0.989983305509182,
                    0.9565943238731218
                ]
            }
        }
    }
}