{
    "Random Forest": {
        "AUC": {
            "Train": [
                0.7271701570184695,
                0.7225750495332233,
                0.7305021846369382
            ],
            "Validation": [
                0.719246484744735,
                0.7202602518264907,
                0.7299111434423805
            ],
            "Test": [
                0.7213708112304308,
                0.7182655074579968,
                0.7250244903240115
            ]
        },
        "DPR": {
            "Train": {
                "sex": [
                    0.769370460048426,
                    0.8404588112617309,
                    0.7896493570374533
                ],
                "race": [
                    0.5413372981244866,
                    0.5249854175648601,
                    0.4249156355455567
                ]
            },
            "Validation": {
                "sex": [
                    0.7971308620295325,
                    0.8468046155182436,
                    0.7928474010231519
                ],
                "race": [
                    0.5379279811097992,
                    0.42363196125907987,
                    0.5142010721339227
                ]
            },
            "Test": {
                "sex": [
                    0.7778282440549162,
                    0.8930511373261877,
                    0.760694027891584
                ],
                "race": [
                    0.4616216216216216,
                    0.5074457857066552,
                    0.4666666666666666
                ]
            }
        },
        "EOR": {
            "Train": {
                "sex": [
                    0.7088004639746208,
                    0.8054675742558671,
                    0.7436045462184351
                ],
                "race": [
                    0.31156015037593987,
                    0.17555163283318623,
                    0.10114416475972539
                ]
            },
            "Validation": {
                "sex": [
                    0.8436934403913579,
                    0.8840646771342414,
                    0.8157891551682401
                ],
                "race": [
                    0.0,
                    0.24425000000000002,
                    0.0
                ]
            },
            "Test": {
                "sex": [
                    0.7757610591147484,
                    0.9551976678587749,
                    0.7926609396542581
                ],
                "race": [
                    0.24242424242424243,
                    0.3310045985143261,
                    0.29411764705882354
                ]
            }
        }
    },
    "SVM": {
        "AUC": {
            "Train": [
                0.7067031053911739,
                0.7112322821693333,
                0.7068428507663789
            ],
            "Validation": [
                0.7144573769522007,
                0.718487834795019,
                0.7174851597624823
            ],
            "Test": [
                0.7120361856089311,
                0.7190697604569063,
                0.7158170526588175
            ]
        },
        "DPR": {
            "Train": {
                "sex": [
                    0.8134481344813448,
                    0.8007778487258373,
                    0.8088055442315532
                ],
                "race": [
                    0.36898656898656895,
                    0.36648071792384185,
                    0.36731221132809333
                ]
            },
            "Validation": {
                "sex": [
                    0.8403208986547006,
                    0.8305383434100453,
                    0.8303192380587645
                ],
                "race": [
                    0.5357142857142857,
                    0.5357142857142857,
                    0.5357142857142857
                ]
            },
            "Test": {
                "sex": [
                    0.8779767919130954,
                    0.8750453168148881,
                    0.8766711386623747
                ],
                "race": [
                    0.47619047619047616,
                    0.38095238095238093,
                    0.38095238095238093
                ]
            }
        },
        "EOR": {
            "Train": {
                "sex": [
                    0.7505044666849187,
                    0.7408704236176443,
                    0.7953903779863509
                ],
                "race": [
                    0.23684210526315788,
                    0.23314968936818659,
                    0.2326315789473684
                ]
            },
            "Validation": {
                "sex": [
                    0.8788989850682821,
                    0.8652747150869805,
                    0.8756133813857838
                ],
                "race": [
                    0.0,
                    0.0,
                    0.0
                ]
            },
            "Test": {
                "sex": [
                    0.8624063413905235,
                    0.8675377059408167,
                    0.8596598243797257
                ],
                "race": [
                    0.0,
                    0.0,
                    0.0
                ]
            }
        }
    },
    "MLP": {
        "AUC": {
            "Train": [
                0.7304930588798468,
                0.7247523223319058,
                0.7178298002406427
            ],
            "Validation": [
                0.7341788093794369,
                0.7281070678537624,
                0.7285666946432797
            ],
            "Test": [
                0.7357438589357337,
                0.7325418645916124,
                0.7206564330998281
            ]
        },
        "DPR": {
            "Train": {
                "sex": [
                    0.8000853196821841,
                    0.7480368193873835,
                    0.8450242048149713
                ],
                "race": [
                    0.45875260235947257,
                    0.37319699664098005,
                    0.4386019609529544
                ]
            },
            "Validation": {
                "sex": [
                    0.7727796784092013,
                    0.6876081190174143,
                    0.8745614785659279
                ],
                "race": [
                    0.3060025185392472,
                    0.29586038961038963,
                    0.4878647274025163
                ]
            },
            "Test": {
                "sex": [
                    0.8078378804604951,
                    0.7674459864374704,
                    0.8845282286971297
                ],
                "race": [
                    0.4191217342968315,
                    0.25,
                    0.519104991394148
                ]
            }
        },
        "EOR": {
            "Train": {
                "sex": [
                    0.8288043232692013,
                    0.7610513058691453,
                    0.8178155441442236
                ],
                "race": [
                    0.18017936407283267,
                    0.17105263157894735,
                    0.17713064386855462
                ]
            },
            "Validation": {
                "sex": [
                    0.851373027843616,
                    0.7225987433965084,
                    0.9254088146283157
                ],
                "race": [
                    0.0,
                    0.0,
                    0.0
                ]
            },
            "Test": {
                "sex": [
                    0.8734680055744409,
                    0.8540258955871806,
                    0.9273434882342327
                ],