{
    "Random Forest": {
        "AUC": {
            "Train": [
                0.7161488415602226,
                0.7256402065147278,
                0.7190310790942074
            ],
            "Validation": [
                0.7186037236009228,
                0.7314837880457288,
                0.7181228370504023
            ],
            "Test": [
                0.7289350867789217,
                0.7265193242518899,
                0.7196177892168641
            ]
        },
        "DPR": {
            "Train": {
                "sex": [
                    0.5602570738440303,
                    0.629616933756106,
                    0.6256731316492272
                ],
                "race": [
                    0.4945255750949274,
                    0.3160735203882412,
                    0.3235268927714971
                ]
            },
            "Validation": {
                "sex": [
                    0.5570092399565516,
                    0.5966862412658424,
                    0.6207880160924915
                ],
                "race": [
                    0.17440191387559809,
                    0.262104506232023,
                    0.3594083812654068
                ]
            },
            "Test": {
                "sex": [
                    0.592544140694985,
                    0.5995973741934656,
                    0.6658040225802955
                ],
                "race": [
                    0.4166666666666667,
                    0.4257481648785997,
                    0.5174425254489305
                ]
            }
        },
        "EOR": {
            "Train": {
                "sex": [
                    0.5074946422081204,
                    0.5881043362684831,
                    0.5831724237330886
                ],
                "race": [
                    0.23331378299120234,
                    0.13284798290141597,
                    0.2354403409090909
                ]
            },
            "Validation": {
                "sex": [
                    0.47030789439958987,
                    0.538369398224097,
                    0.6236802413273002
                ],
                "race": [
                    0.0,
                    0.0,
                    0.3265374331550802
                ]
            },
            "Test": {
                "sex": [
                    0.6010883291621703,
                    0.5352882465491917,
                    0.7141089546434758
                ],
                "race": [
                    0.14705882352941174,
                    0.31151170145477547,
                    0.3985007139457401
                ]
            }
        }
    },
    "SVM": {
        "AUC": {
            "Train": [
                0.6927534904288135,
                0.6939804426939419,
                0.6933719048666392
            ],
            "Validation": [
                0.7006630272420729,
                0.7011714128312826,
                0.7008337985831756
            ],
            "Test": [
                0.6973341358150196,
                0.6998718878805242,
                0.6977274827643569
            ]
        },
        "DPR": {
            "Train": {
                "sex": [
                    0.8673821387504791,
                    0.855379188712522,
                    0.8760905636139805
                ],
                "race": [
                    0.34629488158899924,
                    0.35757671373353317,
                    0.4244699977526406
                ]
            },
            "Validation": {
                "sex": [
                    0.8662898081398187,
                    0.8548641479675962,
                    0.8831745840366529
                ],
                "race": [
                    0.6896877956480605,
                    0.6853582554517132,
                    0.5714285714285714
                ]
            },
            "Test": {
                "sex": [
                    0.9033134790159678,
                    0.898331575982235,
                    0.9289720070830437
                ],
                "race": [
                    0.5714285714285714,
                    0.618018018018018,
                    0.6666666666666666
                ]
            }
        },
        "EOR": {
            "Train": {
                "sex": [
                    0.838510935210974,
                    0.8220284020337864,
                    0.8565225950088307
                ],
                "race": [
                    0.2036657792340774,
                    0.21234119782214153,
                    0.19714540588760035
                ]
            },
            "Validation": {
                "sex": [
                    0.9247040379937984,
                    0.9161404674864296,
                    0.9759440813362381
                ],
                "race": [
                    0.2916666666666667,
                    0.2916666666666667,
                    0.21875
                ]
            },
            "Test": {
                "sex": [
                    0.8871753601217769,
                    0.8672552123862936,
                    0.9288895437224162
                ],
                "race": [
                    0.0,
                    0.0,
                    0.0
                ]
            }
        }
    },
    "MLP": {
        "AUC": {
            "Train": [
                0.7033097965810986,
                0.7224400980683892,
                0.7267773740368284
            ],
            "Validation": [
                0.7228418107400615,
                0.726852741954567,
                0.7343823946994794
            ],
            "Test": [
                0.7173525497661867,
                0.7288237251169065,
                0.735894728573277
            ]
        },
        "DPR": {
            "Train": {
                "sex": [
                    0.5739765585187702,
                    0.7338484300509616,
                    0.47211866423415566
                ],
                "race": [
                    0.3444901154824819,
                    0.5429694557222128,
                    0.23310706572045667
                ]
            },
            "Validation": {
                "sex": [
                    0.570650922262002,
                    0.7795499205900561,
                    0.5225554412746531
                ],
                "race": [
                    0.342451398424514,
                    0.5614299148255437,
                    0.4079638398622471
                ]
            },
            "Test": {
                "sex": [
                    0.5976881647719589,
                    0.7594661995938676,
                    0.5821413627981218
                ],
                "race": [
                    0.41621621621621624,
                    0.44579114625674376,
                    0.2723449001051525
                ]
            }
        },
        "EOR": {
            "Train": {
                "sex": [
                    0.5430950826259481,
                    0.6770016988949255,
                    0.5113081227815989
                ],
                "race": [
                    0.2546599093091491,
                    0.35679690022602517,
                    0.0
                ]
            },
            "Validation": {
                "sex": [
                    0.5825995068686157,
                    0.7747139180020025,
                    0.4938787697820245
                ],
                "race": [
                    0.28601346634539604,
                    0.3925045913682277,
                    0.0
                ]
            },
            "Test": {
                "sex": [
                    0.5789264688109667,
                    0.7625835189309578,
                    0.5325212490341349
                ],