{
    "Random Forest": {
        "AUC": {
            "Train": [
                0.7141926662181569,
                0.7168469619777063,
                0.7221352226961968
            ],
            "Validation": [
                0.715002620496628,
                0.7250443913053124,
                0.7239096515617605
            ],
            "Test": [
                0.7251479816276362,
                0.731061355192873,
                0.7294798809677836
            ]
        },
        "DPR": {
            "Train": {
                "sex": [
                    0.7868485944435312,
                    0.7306266105210231,
                    0.757196574714823
                ],
                "race": [
                    0.41286033061614824,
                    0.6317206047546191,
                    0.5913894324853228
                ]
            },
            "Validation": {
                "sex": [
                    0.7731310685518216,
                    0.7541027653200482,
                    0.7583887689790362
                ],
                "race": [
                    0.40522512506948305,
                    0.5357142857142857,
                    0.4860432038403414
                ]
            },
            "Test": {
                "sex": [
                    0.7797724995507106,
                    0.7184352503063791,
                    0.7659499903625436
                ],
                "race": [
                    0.5460281043877259,
                    0.5871766029246344,
                    0.6567322905283075
                ]
            }
        },
        "EOR": {
            "Train": {
                "sex": [
                    0.7493728874956082,
                    0.6645810075868887,
                    0.7099564059415124
                ],
                "race": [
                    0.2852430804531765,
                    0.48990147783251226,
                    0.3666697391464651
                ]
            },
            "Validation": {
                "sex": [
                    0.776271123164348,
                    0.7602476220840639,
                    0.7334906086037307
                ],
                "race": [
                    0.0,
                    0.175,
                    0.0
                ]
            },
            "Test": {
                "sex": [
                    0.802471595386276,
                    0.6660116162277829,
                    0.73648030947104
                ],
                "race": [
                    0.4090909090909091,
                    0.5278025851938896,
                    0.5488775672663588
                ]
            }
        }
    },
    "SVM": {
        "AUC": {
            "Train": [
                0.6852912779941263,
                0.683071495339626,
                0.6790656634032651
            ],
            "Validation": [
                0.694242117250355,
                0.6900334933669546,
                0.6894300165641267
            ],
            "Test": [
                0.6885080309779494,
                0.6869422675267545,
                0.687690608653864
            ]
        },
        "DPR": {
            "Train": {
                "sex": [
                    0.9889892715979672,
                    0.9979609490855165,
                    0.9808643130128016
                ],
                "race": [
                    0.7211263124403436,
                    0.7143082256539552,
                    0.7223328818420842
                ]
            },
            "Validation": {
                "sex": [
                    0.9685486092950274,
                    0.9993897706535371,
                    0.993640212324576
                ],
                "race": [
                    0.6715126341294565,
                    0.6749740394600207,
                    0.7376237623762376
                ]
            },
            "Test": {
                "sex": [
                    0.960171684434769,
                    0.9789642886157632,
                    0.986348363401742
                ],
                "race": [
                    0.8479495268138801,
                    0.8551351351351351,
                    0.8333333333333334
                ]
            }
        },
        "EOR": {
            "Train": {
                "sex": [
                    0.967388439553923,
                    0.9625227455278172,
                    0.9500191935071108
                ],
                "race": [
                    0.506578947368421,
                    0.506578947368421,
                    0.6513157894736842
                ]
            },
            "Validation": {
                "sex": [
                    0.9449751194580671,
                    0.9158779871902788,
                    0.9218404703331528
                ],
                "race": [
                    0.512396694214876,
                    0.527363184079602,
                    0.6694214876033058
                ]
            },
            "Test": {
                "sex": [
                    0.9587315409108198,
                    0.9564174189599003,
                    0.9455076104625388
                ],
                "race": [
                    0.68,
                    0.6793103448275862,
                    0.75
                ]
            }
        }
    },
    "MLP": {
        "AUC": {
            "Train": [
                0.7132472839898643,
                0.7389675372561921,
                0.7293655658154222
            ],
            "Validation": [
                0.7231604760707525,
                0.7439534466694273,
                0.7359184124319688
            ],
            "Test": [
                0.7293821507125299,
                0.740581391050404,
                0.7374829029813503
            ]
        },
        "DPR": {
            "Train": {
                "sex": [
                    0.5526800092017483,
                    0.6731355205159305,
                    0.6291208791208791
                ],
                "race": [
                    0.25125637425171826,
                    0.4523410370015567,
                    0.40847651087348313
                ]
            },
            "Validation": {
                "sex": [
                    0.5855356598548573,
                    0.6976501151061956,
                    0.6520755588756554
                ],
                "race": [
                    0.33414820473643997,
                    0.3571428571428571,
                    0.41037027770828116
                ]
            },
            "Test": {
                "sex": [
                    0.6362166202201214,
                    0.6897718254734735,
                    0.6186145931454242
                ],
                "race": [
                    0.11410411622276029,
                    0.48033126293995854,
                    0.4552590266875981
                ]
            }
        },
        "EOR": {
            "Train": {
                "sex": [
                    0.558604090652655,
                    0.5867156601497854,
                    0.6090875310620312
                ],
                "race": [
                    0.20248396620177134,
                    0.24458927693064433,
                    0.15647864054755722
                ]
            },
            "Validation": {
                "sex": [
                    0.5892492566558419,
                    0.6738559607296613,
                    0.7078275754746343
                ],
                "race": [
                    0.0,
                    0.175,
                    0.0
                ]
            },
            "Test": {
                "sex": [
                    0.7223125592435324,
                    0.6966017673683454,
                    0.632381430897294
                ],