{
    "Random Forest": {
        "AUC": {
            "Train": [
                0.730267542939575,
                0.7245454622115105,
                0.7299326334301203
            ],
            "Validation": [
                0.7125512776192026,
                0.7217041824420256,
                0.7194766447660317
            ],
            "Test": [
                0.7266942221318595,
                0.7255733277267433,
                0.7217850673714952
            ]
        },
        "DPR": {
            "Train": {
                "sex": [
                    0.7866541353383457,
                    0.7597130902570233,
                    0.8213994327673958
                ],
                "race": [
                    0.7187562196976331,
                    0.6427144056135703,
                    0.6190931439497406
                ]
            },
            "Validation": {
                "sex": [
                    0.7817761203938083,
                    0.7328668588464826,
                    0.8843827572022298
                ],
                "race": [
                    0.7192532686974153,
                    0.49666919000757004,
                    0.6490134994807892
                ]
            },
            "Test": {
                "sex": [
                    0.7789229783515017,
                    0.7753997120183677,
                    0.82037606088273
                ],
                "race": [
                    0.5969969969969969,
                    0.5221621621621622,
                    0.39999999999999997
                ]
            }
        },
        "EOR": {
            "Train": {
                "sex": [
                    0.7725871197765848,
                    0.706268486973698,
                    0.7768355330896136
                ],
                "race": [
                    0.22888377445339472,
                    0.0,
                    0.0
                ]
            },
            "Validation": {
                "sex": [
                    0.7809412034507645,
                    0.7433199488066278,
                    0.9494302170536242
                ],
                "race": [
                    0.3091772151898734,
                    0.3276324614352783,
                    0.28139400921658986
                ]
            },
            "Test": {
                "sex": [
                    0.8179793480461632,
                    0.8035746802818282,
                    0.8575058668779241
                ],
                "race": [
                    0.0,
                    0.34848484848484845,
                    0.28542451463343954
                ]
            }
        }
    },
    "SVM": {
        "AUC": {
            "Train": [
                0.7067213280263783,
                0.7112478768175274,
                0.7067914461852949
            ],
            "Validation": [
                0.714466966953088,
                0.7185062060015381,
                0.7174391739750947
            ],
            "Test": [
                0.7120182799475075,
                0.719100488882317,
                0.7157763894793265
            ]
        },
        "DPR": {
            "Train": {
                "sex": [
                    0.8131147540983605,
                    0.8007778487258373,
                    0.8091353996737356
                ],
                "race": [
                    0.36877643996095016,
                    0.36648071792384185,
                    0.367520674558132
                ]
            },
            "Validation": {
                "sex": [
                    0.8403208986547006,
                    0.8298663868215258,
                    0.8310009451507667
                ],
                "race": [
                    0.5357142857142857,
                    0.5357142857142857,
                    0.5357142857142857
                ]
            },
            "Test": {
                "sex": [
                    0.8803361517838728,
                    0.8750453168148881,
                    0.8774016979445933
                ],
                "race": [
                    0.47619047619047616,
                    0.38095238095238093,
                    0.38095238095238093
                ]
            }
        },
        "EOR": {
            "Train": {
                "sex": [
                    0.7493318034557235,
                    0.7408704236176443,
                    0.7953903779863509
                ],
                "race": [
                    0.23630747297136745,
                    0.23314968936818659,
                    0.2326315789473684
                ]
            },
            "Validation": {
                "sex": [
                    0.8788989850682821,
                    0.8626526704958078,
                    0.8756133813857838
                ],
                "race": [
                    0.0,
                    0.0,
                    0.0
                ]
            },
            "Test": {
                "sex": [
                    0.856930745572171,
                    0.8675377059408167,
                    0.8624063413905235
                ],
                "race": [
                    0.0,
                    0.0,
                    0.0
                ]
            }
        }
    },
    "MLP": {
        "AUC": {
            "Train": [
                0.7300361934457196,
                0.7270160876701087,
                0.7182904776998842
            ],
            "Validation": [
                0.7341399872071701,
                0.730418835778514,
                0.7315005416617368
            ],
            "Test": [
                0.7337164759809991,
                0.7344990111454078,
                0.7210538232630355
            ]
        },
        "DPR": {
            "Train": {
                "sex": [
                    0.7574972232506479,
                    0.7065480576902832,
                    0.8251932302771855
                ],
                "race": [
                    0.46299196513686497,
                    0.38656365124846503,
                    0.45305836886993606
                ]
            },
            "Validation": {
                "sex": [
                    0.7603844277529028,
                    0.6972073506568933,
                    0.8232983410511172
                ],
                "race": [
                    0.30720606826801516,
                    0.30630252100840333,
                    0.40339389467859443
                ]
            },
            "Test": {
                "sex": [
                    0.7872339345194572,
                    0.7341990492778435,
                    0.848204701923605
                ],
                "race": [
                    0.42075892857142855,
                    0.25,
                    0.6055144106362095
                ]
            }
        },
        "EOR": {
            "Train": {
                "sex": [
                    0.7775914943379115,
                    0.6978236921769151,
                    0.7933947927690485
                ],
                "race": [
                    0.18301435406698566,
                    0.179253785147801,
                    0.18743815671676953
                ]
            },
            "Validation": {
                "sex": [
                    0.8239375333849486,
                    0.7149006757901254,
                    0.8642506686504774
                ],
                "race": [
                    0.0,
                    0.0,
                    0.0
                ]
            },
            "Test": {
                "sex": [
                    0.8432198536430162,
                    0.772690096007449,
                    0.905397838029417
                ],
                "race": [
                    0.0,
                    0.0,
                    0.35623869801084995
                ]
            }
        }
    },