{
    "Random Forest": {
        "AUC": {
            "Train": [
                0.395878374912901,
                0.3971517934538519,
                0.47621368526257224
            ],
            "Validation": [
                0.40462212623491484,
                0.4090901423109915,
                0.49374627954182443
            ],
            "Test": [
                0.3907937175387687,
                0.39478841284217137,
                0.49600715302293774
            ]
        },
        "DPR": {
            "Train": {
                "sex": [
                    0.9990314158174008,
                    0.9905729857121814,
                    0.9942960905789362
                ],
                "race": [
                    0.9900166389351082,
                    0.9872495446265938,
                    0.9693774593885582
                ]
            },
            "Validation": {
                "sex": [
                    0.9988259465805694,
                    0.9936865394307712,
                    0.9941012518225912
                ],
                "race": [
                    0.9937694704049844,
                    0.9887876664330764,
                    0.9
                ]
            },
            "Test": {
                "sex": [
                    0.9991215226939971,
                    0.9919592795306926,
                    0.9983603915916126
                ],
                "race": [
                    0.9905362776025236,
                    0.9779179810725552,
                    0.8678859189154623
                ]
            }
        },
        "EOR": {
            "Train": {
                "sex": [
                    0.9980397647717726,
                    0.9868384206104732,
                    0.9890805688628944
                ],
                "race": [
                    0.9823788546255506,
                    0.9779735682819384,
                    0.9081803005008348
                ]
            },
            "Validation": {
                "sex": [
                    0.9977181973759269,
                    0.9908727895037079,
                    0.99476327783462
                ],
                "race": [
                    0.9833333333333333,
                    0.9833333333333333,
                    0.8571428571428571
                ]
            },
            "Test": {
                "sex": [
                    0.9983324068927182,
                    0.9888827126181212,
                    0.9859819979341892
                ],
                "race": [
                    0.9772727272727273,
                    0.96,
                    0.7631474103585657
                ]
            }
        }
    },
    "SVM": {
        "AUC": {
            "Train": [
                0.3912823144213762,
                0.6393973257604182,
                0.40865816022888785
            ],
            "Validation": [
                0.38787578938416944,
                0.6451847565664931,
                0.3995693511890677
            ],
            "Test": [
                0.3869212428146313,
                0.6394536809419071,
                0.4091767092397834
            ]
        },
        "DPR": {
            "Train": {
                "sex": [
                    1.0,
                    1.0,
                    1.0
                ],
                "race": [
                    1.0,
                    1.0,
                    1.0
                ]
            },
            "Validation": {
                "sex": [
                    1.0,
                    1.0,
                    1.0
                ],
                "race": [
                    1.0,
                    1.0,
                    1.0
                ]
            },
            "Test": {
                "sex": [
                    1.0,
                    1.0,
                    1.0
                ],
                "race": [
                    1.0,
                    1.0,
                    1.0
                ]
            }
        },
        "EOR": {
            "Train": {
                "sex": [
                    1.0,
                    1.0,
                    1.0
                ],
                "race": [
                    1.0,
                    1.0,
                    1.0
                ]
            },
            "Validation": {
                "sex": [
                    1.0,
                    1.0,
                    1.0
                ],
                "race": [
                    1.0,
                    1.0,
                    1.0
                ]
            },
            "Test": {
                "sex": [
                    1.0,
                    1.0,
                    1.0
                ],
                "race": [
                    1.0,
                    1.0,
                    1.0
                ]
            }
        }
    },
    "MLP": {
        "AUC": {
            "Train": [
                0.37526808355404573,
                0.38394895998713613,
                0.3862654872183953
            ],
            "Validation": [
                0.36212386398929247,
                0.3759112811686583,
                0.374933678789044
            ],
            "Test": [
                0.37098208509694475,
                0.38138250189453454,
                0.38402214294955916
            ]
        },
        "DPR": {
            "Train": {
                "sex": [
                    0.9986833443054641,
                    0.9975859859004487,
                    0.996480545839271
                ],
                "race": [
                    0.9642857142857143,
                    0.9642857142857143,
                    0.9184388875905585
                ]
            },
            "Validation": {
                "sex": [
                    0.9992344735174826,
                    0.9961874739831492,
                    0.99912822913291
                ],
                "race": [
                    0.9844236760124611,
                    0.9,
                    0.9711934156378601
                ]
            },
            "Test": {
                "sex": [
                    0.9985111464212122,
                    0.9970039216312071,
                    0.9964242944413592
                ],
                "race": [
                    0.9285714285714286,
                    0.8571428571428571,
                    0.7857142857142857
                ]
            }
        },
        "EOR": {
            "Train": {
                "sex": [
                    0.9971246797549591,
                    0.9951046289730399,
                    0.9899201966764004
                ],
                "race": [
                    0.9473684210526315,
                    0.9473684210526315,
                    0.8181818181818182
                ]
            },
            "Validation": {
                "sex": [
                    0.9997475955151708,
                    0.9926756121856506,
                    0.9990984282068849
                ],
                "race": [
                    0.9800995024875622,
                    0.8571428571428571,
                    0.9651741293532339
                ]
            },
            "Test": {
                "sex": [
                    0.9959889724990396,
                    0.9919498454370324,
                    0.9803383399564446
                ],
                "race": [
                    0.8888888888888888,
                    0.7777777777777778,
                    0.6666666666666666
                ]
            }
        }
    },
    "XGBoost": {
        "AUC": {
            "Train": [
                0.4829697489238538,
                0.43261962596871645,
                0.4967605583854387
            ],
            "Validation": [
                0.5021768146592522,
                0.43666266582613583,
                0.5199354165434217
            ],