{
    "Random Forest": {
        "AUC": {
            "Train": [
                0.7007752619438833,
                0.6921275963356505,
                0.6823384602375746
            ],
            "Validation": [
                0.7040509550254378,
                0.683070112843114,
                0.6792698150215926
            ],
            "Test": [
                0.703682097111066,
                0.6834519342735154,
                0.6845804530247861
            ]
        },
        "DPR": {
            "Train": {
                "sex": [
                    0.8660188732131179,
                    0.8423753896533267,
                    0.8329233680227057
                ],
                "race": [
                    0.6184564040132656,
                    0.5334204433441075,
                    0.5084033613445378
                ]
            },
            "Validation": {
                "sex": [
                    0.8909288979260626,
                    0.8468533728193054,
                    0.8641637016872812
                ],
                "race": [
                    0.5764364786505007,
                    0.5522727272727272,
                    0.6524584661856015
                ]
            },
            "Test": {
                "sex": [
                    0.8713783453271249,
                    0.8622127180853001,
                    0.8604789453526579
                ],
                "race": [
                    0.5454545454545454,
                    0.42424242424242425,
                    0.3333333333333333
                ]
            }
        },
        "EOR": {
            "Train": {
                "sex": [
                    0.8723826606570824,
                    0.8105334080562185,
                    0.8377264766915532
                ],
                "race": [
                    0.339608144448713,
                    0.4322221739319397,
                    0.43545844644890097
                ]
            },
            "Validation": {
                "sex": [
                    0.896171808745715,
                    0.8540053143929376,
                    0.8898366988151688
                ],
                "race": [
                    0.20490771812080535,
                    0.418236301369863,
                    0.6108906046107003
                ]
            },
            "Test": {
                "sex": [
                    0.9232067804481598,
                    0.845400776589558,
                    0.886254618484236
                ],
                "race": [
                    0.48044093259194226,
                    0.37563161407188483,
                    0.28036053130929794
                ]
            }
        }
    },
    "SVM": {
        "AUC": {
            "Train": [
                0.6799912924105121,
                0.6707439548212646,
                0.6664977631498694
            ],
            "Validation": [
                0.6909364554986985,
                0.6846406776872338,
                0.682032544072409
            ],
            "Test": [
                0.6920687161525239,
                0.6851401493447683,
                0.68177342291555
            ]
        },
        "DPR": {
            "Train": {
                "sex": [
                    0.8387534385951689,
                    0.8235413044357284,
                    0.8678406446458963
                ],
                "race": [
                    0.6845363938387196,
                    0.6973832036777253,
                    0.7470844298876675
                ]
            },
            "Validation": {
                "sex": [
                    0.8575561164827015,
                    0.846085418829047,
                    0.8763690213043662
                ],
                "race": [
                    0.48326151806430223,
                    0.5237696084301281,
                    0.674306269270298
                ]
            },
            "Test": {
                "sex": [
                    0.8788296941979327,
                    0.8621647816537569,
                    0.9029708987679136
                ],
                "race": [
                    0.5185185185185185,
                    0.5925925925925926,
                    0.7407407407407407
                ]
            }
        },
        "EOR": {
            "Train": {
                "sex": [
                    0.8158004380926122,
                    0.7660730848625932,
                    0.8410404317531747
                ],
                "race": [
                    0.6235109717868338,
                    0.5563499852782412,
                    0.6785702951443986
                ]
            },
            "Validation": {
                "sex": [
                    0.8572168955688002,
                    0.8226607541909224,
                    0.865021632672467
                ],
                "race": [
                    0.27078713968957874,
                    0.2916666666666667,
                    0.6946039035591274
                ]
            },
            "Test": {
                "sex": [
                    0.8546557081945458,
                    0.8360368822534425,
                    0.8547884187082405
                ],
                "race": [
                    0.5208195637805684,
                    0.7169913055199838,
                    0.7714285714285714
                ]
            }
        }
    },
    "MLP": {
        "AUC": {
            "Train": [
                0.6536713960421476,
                0.6869176842848456,
                0.6864295140384179
            ],
            "Validation": [
                0.6675177888739351,
                0.7023254481187885,
                0.6946338052384052
            ],
            "Test": [
                0.6639546328299726,
                0.6950420956324048,
                0.6871994159288763
            ]
        },
        "DPR": {
            "Train": {
                "sex": [
                    0.9602356406480118,
                    0.8220915484838003,
                    0.8088573427971608
                ],
                "race": [
                    0.7917121046892039,
                    0.3142857142857143,
                    0.39740498838381627
                ]
            },
            "Validation": {
                "sex": [
                    0.9809257541339804,
                    0.8219973233533868,
                    0.8173661314055403
                ],
                "race": [
                    0.6778826284612206,
                    0.47820699708454806,
                    0.4921685120172833
                ]
            },
            "Test": {
                "sex": [
                    0.9657950079248379,
                    0.7763432262515091,
                    0.8088421855177886
                ],
                "race": [
                    0.6666666666666666,
                    0.47863806867365594,
                    0.4843243243243243
                ]
            }
        },
        "EOR": {
            "Train": {
                "sex": [
                    0.9603987828670698,
                    0.797487372324955,
                    0.7897075658091962
                ],
                "race": [
                    0.712608695652174,
                    0.22392344497607655,
                    0.27073502722323045
                ]
            },
            "Validation": {
                "sex": [
                    0.9832187013837714,
                    0.8455423464223834,
                    0.8459960408303197
                ],
                "race": [
                    0.5452008928571429,
                    0.2719933184855234,
                    0.2176916221033868
                ]
            },