{
    "Random Forest": {
        "AUC": {
            "Train": [
                0.6568357523135526,
                0.6613057560655096,
                0.6505676278668738
            ],
            "Validation": [
                0.6562428363848792,
                0.6584688720125413,
                0.6485236944658069
            ],
            "Test": [
                0.6706422240910856,
                0.6731914126758219,
                0.6644336959133506
            ]
        },
        "DPR": {
            "Train": {
                "sex": [
                    0.8318606222934241,
                    0.8626321367428462,
                    0.9438205188617503
                ],
                "race": [
                    0.5408478549544137,
                    0.6481666221074768,
                    0.5161391233059943
                ]
            },
            "Validation": {
                "sex": [
                    0.8433600760793052,
                    0.8872386895161494,
                    0.9599029699976636
                ],
                "race": [
                    0.6005751861116521,
                    0.7024947611545345,
                    0.504950495049505
                ]
            },
            "Test": {
                "sex": [
                    0.8460262407365404,
                    0.8875754305876785,
                    0.9524508343700899
                ],
                "race": [
                    0.575954168103334,
                    0.6153846153846153,
                    0.49378378378378385
                ]
            }
        },
        "EOR": {
            "Train": {
                "sex": [
                    0.8072894607812986,
                    0.8465951191058,
                    0.9468681350895531
                ],
                "race": [
                    0.43645131659522357,
                    0.4699627857522594,
                    0.39631382316313823
                ]
            },
            "Validation": {
                "sex": [
                    0.8375514209943827,
                    0.8904242438376877,
                    0.9767213808934799
                ],
                "race": [
                    0.4943498060381177,
                    0.6182753350971798,
                    0.42857142857142855
                ]
            },
            "Test": {
                "sex": [
                    0.8379494178206128,
                    0.917294349243231,
                    0.942997668672496
                ],
                "race": [
                    0.3986981730664041,
                    0.5113636363636364,
                    0.36704545454545456
                ]
            }
        }
    },
    "SVM": {
        "AUC": {
            "Train": [
                0.5522836571783436,
                0.42886749585528905,
                0.4630926659409187
            ],
            "Validation": [
                0.5343387890809868,
                0.4143481202673923,
                0.4757629481187885
            ],
            "Test": [
                0.5449947322699296,
                0.4263044563148069,
                0.46263608302681924
            ]
        },
        "DPR": {
            "Train": {
                "sex": [
                    1.0,
                    1.0,
                    1.0
                ],
                "race": [
                    1.0,
                    1.0,
                    1.0
                ]
            },
            "Validation": {
                "sex": [
                    1.0,
                    1.0,
                    1.0
                ],
                "race": [
                    1.0,
                    1.0,
                    1.0
                ]
            },
            "Test": {
                "sex": [
                    1.0,
                    1.0,
                    1.0
                ],
                "race": [
                    1.0,
                    1.0,
                    1.0
                ]
            }
        },
        "EOR": {
            "Train": {
                "sex": [
                    1.0,
                    1.0,
                    1.0
                ],
                "race": [
                    1.0,
                    1.0,
                    1.0
                ]
            },
            "Validation": {
                "sex": [
                    1.0,
                    1.0,
                    1.0
                ],
                "race": [
                    1.0,
                    1.0,
                    1.0
                ]
            },
            "Test": {
                "sex": [
                    1.0,
                    1.0,
                    1.0
                ],
                "race": [
                    1.0,
                    1.0,
                    1.0
                ]
            }
        }
    },
    "MLP": {
        "AUC": {
            "Train": [
                0.6189149971536878,
                0.6084197989191408,
                0.6413987255822464
            ],
            "Validation": [
                0.6379837057796971,
                0.6225469239898841,
                0.6657577348556554
            ],
            "Test": [
                0.6293287802894479,
                0.6161204092194519,
                0.6551496682254219
            ]
        },
        "DPR": {
            "Train": {
                "sex": [
                    0.9989594172736732,
                    0.9993355481727574,
                    0.9791782819402153
                ],
                "race": [
                    0.9285714285714286,
                    0.9285714285714286,
                    0.7492837673751157
                ]
            },
            "Validation": {
                "sex": [
                    0.9923706641048177,
                    0.9851803657919469,
                    0.9764758561938841
                ],
                "race": [
                    0.9,
                    0.9,
                    0.7425742574257426
                ]
            },
            "Test": {
                "sex": [
                    0.9989777387391163,
                    0.9977680524289958,
                    0.9817240631374469
                ],
                "race": [
                    0.9523809523809523,
                    0.9047619047619048,
                    0.745945945945946
                ]
            }
        },
        "EOR": {
            "Train": {
                "sex": [
                    0.9968055769341327,
                    0.9947105799118524,
                    0.9675419069922682
                ],
                "race": [
                    0.8888888888888888,
                    0.8888888888888888,
                    0.6686009996019283
                ]
            },
            "Validation": {
                "sex": [
                    0.9881951962789206,
                    0.9762698769664234,
                    0.9717265183226849
                ],
                "race": [
                    0.8571428571428571,
                    0.8571428571428571,
                    0.6611570247933884
                ]
            },
            "Test": {
                "sex": [
                    0.9944413563090606,
                    0.9897889023596238,
                    0.9722387380962132
                ],
                "race": [
                    0.75,
                    0.75,
                    0.6454545454545455
                ]
            }
        }
    },
    "XGBoost": {
        "AUC": {
            "Train": [
                0.6396009514352621,
                0.6503148501712408,
                0.6452782697472143
            ],
            "Validation": [
                0.6230493013857666,
                0.6446760243507453,
                0.6382466797799337
            ],