{
    "Random Forest": {
        "AUC": {
            "Train": [
                0.7036336743209051,
                0.694448657566477,
                0.684623191713905
            ],
            "Validation": [
                0.7126402450973142,
                0.6789873143930432,
                0.6838122402611808
            ],
            "Test": [
                0.707384410291481,
                0.689480712714637,
                0.6931124429329243
            ]
        },
        "DPR": {
            "Train": {
                "sex": [
                    0.5911117945563586,
                    0.5132387850751718,
                    0.6855343961292724
                ],
                "race": [
                    0.49905319711115026,
                    0.4964515705086083,
                    0.5665751623699767
                ]
            },
            "Validation": {
                "sex": [
                    0.6536664297313384,
                    0.517348867788035,
                    0.7224918221780656
                ],
                "race": [
                    0.49749772520473157,
                    0.551203863315307,
                    0.49940628425283157
                ]
            },
            "Test": {
                "sex": [
                    0.6278166846857646,
                    0.5292532871560724,
                    0.695176609312394
                ],
                "race": [
                    0.4848484848484848,
                    0.4583586626139817,
                    0.5293085293085292
                ]
            }
        },
        "EOR": {
            "Train": {
                "sex": [
                    0.5012633880965692,
                    0.44683441607658475,
                    0.6593192702686552
                ],
                "race": [
                    0.24812030075187969,
                    0.3308270676691729,
                    0.4907072368421052
                ]
            },
            "Validation": {
                "sex": [
                    0.6517825768300152,
                    0.45715865118850185,
                    0.6907010096237595
                ],
                "race": [
                    0.0,
                    0.5483450027361125,
                    0.175
                ]
            },
            "Test": {
                "sex": [
                    0.5676165102096038,
                    0.4529215985585946,
                    0.6857425019417026
                ],
                "race": [
                    0.39215686274509803,
                    0.33560477001703576,
                    0.0
                ]
            }
        }
    },
    "SVM": {
        "AUC": {
            "Train": [
                0.6801269658497997,
                0.671169861990829,
                0.6666763507506686
            ],
            "Validation": [
                0.6910859670787979,
                0.6850391826638665,
                0.6823121561464742
            ],
            "Test": [
                0.6921674860913443,
                0.6855958773080976,
                0.6819559451416742
            ]
        },
        "DPR": {
            "Train": {
                "sex": [
                    0.8336409174795676,
                    0.8185273543326189,
                    0.8660844756801894
                ],
                "race": [
                    0.6827721247824341,
                    0.6825330899963015,
                    0.7357302170703358
                ]
            },
            "Validation": {
                "sex": [
                    0.8594042977682247,
                    0.8434659593280283,
                    0.8740541082402224
                ],
                "race": [
                    0.48363555948695264,
                    0.5224558050645006,
                    0.6747917309472385
                ]
            },
            "Test": {
                "sex": [
                    0.8782603323477266,
                    0.8606592552597165,
                    0.8998030445751626
                ],
                "race": [
                    0.5185185185185185,
                    0.5925925925925926,
                    0.7407407407407407
                ]
            }
        },
        "EOR": {
            "Train": {
                "sex": [
                    0.8048002618714016,
                    0.755469997182834,
                    0.8398665221455527
                ],
                "race": [
                    0.6119169343528028,
                    0.5252897735609136,
                    0.6560964947142517
                ]
            },
            "Validation": {
                "sex": [
                    0.8597418348782813,
                    0.8195024246257643,
                    0.8694862604540023
                ],
                "race": [
                    0.27078713968957874,
                    0.2916666666666667,
                    0.6946039035591274
                ]
            },
            "Test": {
                "sex": [
                    0.8543879243686927,
                    0.8360368822534425,
                    0.8489742995028685
                ],
                "race": [
                    0.5208195637805684,
                    0.7037136887510953,
                    0.7714285714285714
                ]
            }
        }
    },
    "MLP": {
        "AUC": {
            "Train": [
                0.6465483383267012,
                0.7128411877993017,
                0.6766047701602992
            ],
            "Validation": [
                0.6627106565014198,
                0.7262033949065311,
                0.6808240884184216
            ],
            "Test": [
                0.657911529859712,
                0.7175849768035045,
                0.6874697336561744
            ]
        },
        "DPR": {
            "Train": {
                "sex": [
                    0.8204866952586309,
                    0.5392844160564989,
                    0.6483937115516063
                ],
                "race": [
                    0.7346720474546604,
                    0.23417481746797078,
                    0.40676597272074655
                ]
            },
            "Validation": {
                "sex": [
                    0.8646177679111295,
                    0.5391281299635847,
                    0.6467498350137723
                ],
                "race": [
                    0.6834849642336274,
                    0.3492494410731396,
                    0.40132122213047067
                ]
            },
            "Test": {
                "sex": [
                    0.8352011343021133,
                    0.6061246423255167,
                    0.645185958220127
                ],
                "race": [
                    0.7573241326432816,
                    0.2087486157253599,
                    0.3745356077200366
                ]
            }
        },
        "EOR": {
            "Train": {
                "sex": [
                    0.775449369009157,
                    0.5089883718393438,
                    0.5880687173273973
                ],
                "race": [
                    0.6260210803689064,
                    0.17956125304685383,
                    0.28040413533834585
                ]
            },
            "Validation": {
                "sex": [
                    0.8755135963850562,
                    0.5327734439056387,
                    0.6411396881985117
                ],
                "race": [
                    0.5519774011299435,
                    0.0,
                    0.21886200716845877
                ]
            },
            "Test": {
                "sex": [
                    0.8088495634676691,
                    0.5580014157214137,
                    0.6272306370080123
                ],