{
    "Random Forest": {
        "AUC": {
            "Train": [
                0.7243414322309727,
                0.7205304756390802,
                0.7257800385268671
            ],
            "Validation": [
                0.7178763855818149,
                0.7240852756743966,
                0.7238655144492427
            ],
            "Test": [
                0.7272502217991608,
                0.7204048296767278,
                0.7206188889710368
            ]
        },
        "DPR": {
            "Train": {
                "sex": [
                    0.8118671231878779,
                    0.8095964549053793,
                    0.7482207323362557
                ],
                "race": [
                    0.5521584486454882,
                    0.49108045644951615,
                    0.4831020272830618
                ]
            },
            "Validation": {
                "sex": [
                    0.8003792602461874,
                    0.7930086206896552,
                    0.7779456480787307
                ],
                "race": [
                    0.5488906736271459,
                    0.31837150621118016,
                    0.40816326530612246
                ]
            },
            "Test": {
                "sex": [
                    0.8392142870034972,
                    0.8282877350627061,
                    0.7603641633474694
                ],
                "race": [
                    0.3638996138996139,
                    0.4666666666666666,
                    0.42424242424242425
                ]
            }
        },
        "EOR": {
            "Train": {
                "sex": [
                    0.8084213685865856,
                    0.7522763193521778,
                    0.6775473056495103
                ],
                "race": [
                    0.20999841630153618,
                    0.0,
                    0.10354521318132126
                ]
            },
            "Validation": {
                "sex": [
                    0.8449527873256687,
                    0.8291667849001636,
                    0.7759861833173527
                ],
                "race": [
                    0.0,
                    0.0,
                    0.0
                ]
            },
            "Test": {
                "sex": [
                    0.9040962138084633,
                    0.862912356239291,
                    0.7525875424128853
                ],
                "race": [
                    0.11897572170551998,
                    0.2878787878787879,
                    0.22727272727272727
                ]
            }
        }
    },
    "SVM": {
        "AUC": {
            "Train": [
                0.7066627325797383,
                0.7113077140602273,
                0.706834880168413
            ],
            "Validation": [
                0.7144118533335306,
                0.7185542715481543,
                0.7174852753046617
            ],
            "Test": [
                0.7119006801840932,
                0.7191655268654233,
                0.7158113921593996
            ]
        },
        "DPR": {
            "Train": {
                "sex": [
                    0.8124488124488124,
                    0.8004525937101079,
                    0.8106109137499272
                ],
                "race": [
                    0.3683568990736226,
                    0.366273432449903,
                    0.36731221132809333
                ]
            },
            "Validation": {
                "sex": [
                    0.8396360405465877,
                    0.8298663868215258,
                    0.8289591737867599
                ],
                "race": [
                    0.5357142857142857,
                    0.5357142857142857,
                    0.5357142857142857
                ]
            },
            "Test": {
                "sex": [
                    0.89107375229853,
                    0.8743155042070356,
                    0.8766711386623747
                ],
                "race": [
                    0.47619047619047616,
                    0.38095238095238093,
                    0.38095238095238093
                ]
            }
        },
        "EOR": {
            "Train": {
                "sex": [
                    0.7469974364667649,
                    0.7408704236176443,
                    0.7953903779863509
                ],
                "race": [
                    0.23524541691306916,
                    0.23314968936818659,
                    0.2326315789473684
                ]
            },
            "Validation": {
                "sex": [
                    0.8788989850682821,
                    0.8626526704958078,
                    0.8701916267022806
                ],
                "race": [
                    0.0,
                    0.0,
                    0.0
                ]
            },
            "Test": {
                "sex": [
                    0.8683564888464665,
                    0.8647210250773725,
                    0.8624063413905235
                ],
                "race": [
                    0.0,
                    0.0,
                    0.0
                ]
            }
        }
    },
    "MLP": {
        "AUC": {
            "Train": [
                0.7304629092266718,
                0.724067024180715,
                0.7213723844887081
            ],
            "Validation": [
                0.7368080872130857,
                0.7276606128726928,
                0.7329459743256034
            ],
            "Test": [
                0.7321523298153523,
                0.7322438219692069,
                0.7230703473005193
            ]
        },
        "DPR": {
            "Train": {
                "sex": [
                    0.8086407173425718,
                    0.7520513735283625,
                    0.8159269369460452
                ],
                "race": [
                    0.4401255744708395,
                    0.40770189729665113,
                    0.4519341545551223
                ]
            },
            "Validation": {
                "sex": [
                    0.7996889491059672,
                    0.7121134866108669,
                    0.823507343841861
                ],
                "race": [
                    0.29336016096579476,
                    0.28376800311405215,
                    0.401837390904915
                ]
            },
            "Test": {
                "sex": [
                    0.8003524282640799,
                    0.780109338274034,
                    0.8461240359325567
                ],
                "race": [
                    0.38095238095238093,
                    0.2857142857142857,
                    0.5389082462253194
                ]
            }
        },
        "EOR": {
            "Train": {
                "sex": [
                    0.8263559994891926,
                    0.7747461646367259,
                    0.7846375291340949
                ],
                "race": [
                    0.16696046335935533,
                    0.16459781529294937,
                    0.1869360902255639
                ]
            },
            "Validation": {
                "sex": [
                    0.8750957079011721,
                    0.7576559968716833,
                    0.8577380792718363
                ],
                "race": [
                    0.0,
                    0.0,
                    0.0
                ]
            },
            "Test": {
                "sex": [
                    0.8610771846636492,
                    0.872511304582574,
                    0.9070812214886026
                ],
                "race": [
                    0.0,
                    0.0,
                    0.360146252285192
                ]
            }
        }
    },