{
    "Random Forest": {
        "AUC": {
            "Train": [
                0.7004056687816861,
                0.6863426171932036,
                0.6943210413620897
            ],
            "Validation": [
                0.7090904427206578,
                0.6988301816507927,
                0.7015680691330455
            ],
            "Test": [
                0.7034254107905292,
                0.6886487348206198,
                0.7007312441084598
            ]
        },
        "DPR": {
            "Train": {
                "sex": [
                    0.7369009092310063,
                    0.7457408461392525,
                    0.7599541338816178
                ],
                "race": [
                    0.5273308609943879,
                    0.48565689031739656,
                    0.5114366225089022
                ]
            },
            "Validation": {
                "sex": [
                    0.75473891791088,
                    0.7049552979989712,
                    0.7315050478392922
                ],
                "race": [
                    0.431187760340118,
                    0.30759493670886073,
                    0.509778892687475
                ]
            },
            "Test": {
                "sex": [
                    0.7393869381053059,
                    0.7251152815013405,
                    0.7460409694274862
                ],
                "race": [
                    0.4593359731952482,
                    0.3844451423398792,
                    0.5175304191077061
                ]
            }
        },
        "EOR": {
            "Train": {
                "sex": [
                    0.7293213880399356,
                    0.7652694571764577,
                    0.7894264497643746
                ],
                "race": [
                    0.4277189398419439,
                    0.303725949302657,
                    0.220620043258832
                ]
            },
            "Validation": {
                "sex": [
                    0.7403630615791886,
                    0.7331035352760473,
                    0.7551859761139513
                ],
                "race": [
                    0.0,
                    0.0,
                    0.0
                ]
            },
            "Test": {
                "sex": [
                    0.7750120804978982,
                    0.7676616076253945,
                    0.8025040630831277
                ],
                "race": [
                    0.0,
                    0.0,
                    0.42448183870305767
                ]
            }
        }
    },
    "SVM": {
        "AUC": {
            "Train": [
                0.6788546158310399,
                0.6803981394545061,
                0.678801305237399
            ],
            "Validation": [
                0.6890672141209182,
                0.6879686390795078,
                0.685682059349858
            ],
            "Test": [
                0.6815951749440883,
                0.6807236890745431,
                0.6786511376448625
            ]
        },
        "DPR": {
            "Train": {
                "sex": [
                    0.9558343996367689,
                    0.9640165631469979,
                    0.9538876091964014
                ],
                "race": [
                    0.5349619401664011,
                    0.6081117338421179,
                    0.5658116457592212
                ]
            },
            "Validation": {
                "sex": [
                    0.9171863212712628,
                    0.9197772430827635,
                    0.9070017517247814
                ],
                "race": [
                    0.6122448979591837,
                    0.6011315417256011,
                    0.6697819314641744
                ]
            },
            "Test": {
                "sex": [
                    0.9543620953252812,
                    0.9719154246506877,
                    0.967169804425752
                ],
                "race": [
                    0.7397476340694006,
                    0.750788643533123,
                    0.7823343848580442
                ]
            }
        },
        "EOR": {
            "Train": {
                "sex": [
                    0.9576420887678239,
                    0.9565143787027743,
                    0.948103098796726
                ],
                "race": [
                    0.23157894736842105,
                    0.34736842105263155,
                    0.28641370869033045
                ]
            },
            "Validation": {
                "sex": [
                    0.9214604644217129,
                    0.9388214878752973,
                    0.9558044616151544
                ],
                "race": [
                    0.35,
                    0.35,
                    0.4375
                ]
            },
            "Test": {
                "sex": [
                    0.9416966341845243,
                    0.909622993166138,
                    0.920537587781461
                ],
                "race": [
                    0.48571428571428577,
                    0.42500000000000004,
                    0.48571428571428577
                ]
            }
        }
    },
    "MLP": {
        "AUC": {
            "Train": [
                0.6924798909899437,
                0.6997474013540314,
                0.7046518026951248
            ],
            "Validation": [
                0.704487242294723,
                0.7113180959388311,
                0.7173043362517748
            ],
            "Test": [
                0.7059139511672181,
                0.7143247601796574,
                0.7167735615400255
            ]
        },
        "DPR": {
            "Train": {
                "sex": [
                    0.6752404124666899,
                    0.6050839763958238,
                    0.6584145021645021
                ],
                "race": [
                    0.3932165163081194,
                    0.27102598852040816,
                    0.36688005969477494
                ]
            },
            "Validation": {
                "sex": [
                    0.6706866376795768,
                    0.547582254308559,
                    0.580029033217123
                ],
                "race": [
                    0.444421865474497,
                    0.2513793103448276,
                    0.33232297381595993
                ]
            },
            "Test": {
                "sex": [
                    0.6637246551615725,
                    0.6467178599808396,
                    0.6255307811433233
                ],
                "race": [
                    0.4417537349868177,
                    0.24314737181554338,
                    0.25011057054400704
                ]
            }
        },
        "EOR": {
            "Train": {
                "sex": [
                    0.6765802098663966,
                    0.6658293555002994,
                    0.6691305689333673
                ],
                "race": [
                    0.10692973496048598,
                    0.0,
                    0.0
                ]
            },
            "Validation": {
                "sex": [
                    0.6949996998619364,
                    0.5218841559612349,
                    0.541264333808512
                ],
                "race": [
                    0.0,
                    0.0,
                    0.0
                ]
            },
            "Test": {
                "sex": [
                    0.7040004832516533,
                    0.7226010611311279,
                    0.6855445964577368
                ],
                "race": [
                    0.0,
                    0.0,
                    0.0
                ]
            }
        }
    },