{
    "Random Forest": {
        "AUC": {
            "Train": [
                0.9744957326111587,
                0.9747033147060074,
                0.9759418763203469
            ],
            "Validation": [
                0.8001198865653101,
                0.8025414195604591,
                0.8043978357563298
            ],
            "Test": [
                0.8067110419015582,
                0.8055792885791915,
                0.811732944568693
            ]
        },
        "DPR": {
            "Train": {
                "sex": [
                    0.7442977190876351,
                    0.7590008257638314,
                    0.7478967337512372
                ],
                "race": [
                    0.5141496058526626,
                    0.5105017174390449,
                    0.5770438472418671
                ]
            },
            "Validation": {
                "sex": [
                    0.7825870042618811,
                    0.8084257301868071,
                    0.7936653597573138
                ],
                "race": [
                    0.36021741517514,
                    0.36160714285714285,
                    0.36160714285714285
                ]
            },
            "Test": {
                "sex": [
                    0.8287970132868814,
                    0.8278905938052592,
                    0.8379257970264017
                ],
                "race": [
                    0.39999999999999997,
                    0.4666666666666666,
                    0.44444444444444436
                ]
            }
        },
        "EOR": {
            "Train": {
                "sex": [
                    0.6757259419246461,
                    0.7227106787209235,
                    0.648475203323447
                ],
                "race": [
                    0.0,
                    0.0,
                    0.0
                ]
            },
            "Validation": {
                "sex": [
                    0.8413097102936676,
                    0.9047378608095599,
                    0.8771643160188051
                ],
                "race": [
                    0.0,
                    0.0,
                    0.0
                ]
            },
            "Test": {
                "sex": [
                    0.906011305595704,
                    0.8957424071429284,
                    0.9502320837582999
                ],
                "race": [
                    0.35766158315177926,
                    0.5381533418320888,
                    0.3598830836682499
                ]
            }
        }
    },
    "SVM": {
        "AUC": {
            "Train": [
                0.70941279103079,
                0.7094202995651058,
                0.7094167185718168
            ],
            "Validation": [
                0.711838613456874,
                0.7118399999630265,
                0.7118368803241837
            ],
            "Test": [
                0.7115671728000295,
                0.7115641692697263,
                0.7115618588618007
            ]
        },
        "DPR": {
            "Train": {
                "sex": [
                    0.8302453102453101,
                    0.8302453102453101,
                    0.8302453102453101
                ],
                "race": [
                    0.3658595641646489,
                    0.3658595641646489,
                    0.3658595641646489
                ]
            },
            "Validation": {
                "sex": [
                    0.845409429280397,
                    0.845409429280397,
                    0.845409429280397
                ],
                "race": [
                    0.5357142857142857,
                    0.5357142857142857,
                    0.5357142857142857
                ]
            },
            "Test": {
                "sex": [
                    0.8904347709813937,
                    0.8904347709813937,
                    0.8904347709813937
                ],
                "race": [
                    0.47619047619047616,
                    0.47619047619047616,
                    0.47619047619047616
                ]
            }
        },
        "EOR": {
            "Train": {
                "sex": [
                    0.7593677179573737,
                    0.7593677179573737,
                    0.7593677179573737
                ],
                "race": [
                    0.23160223567768978,
                    0.23160223567768978,
                    0.23160223567768978
                ]
            },
            "Validation": {
                "sex": [
                    0.8873448612010704,
                    0.8873448612010704,
                    0.8873448612010704
                ],
                "race": [
                    0.0,
                    0.0,
                    0.0
                ]
            },
            "Test": {
                "sex": [
                    0.8579919601177711,
                    0.8579919601177711,
                    0.8579919601177711
                ],
                "race": [
                    0.0,
                    0.0,
                    0.0
                ]
            }
        }
    },
    "MLP": {
        "AUC": {
            "Train": [
                0.7516469681231528,
                0.7452016422666254,
                0.7554617078611813
            ],
            "Validation": [
                0.7458025837079981,
                0.7424534780969001,
                0.7518833375236631
            ],
            "Test": [
                0.7440423821229876,
                0.7376781324510655,
                0.7436260466147904
            ]
        },
        "DPR": {
            "Train": {
                "sex": [
                    0.7677467773265054,
                    0.9009390684872363,
                    0.7738434405101071
                ],
                "race": [
                    0.32236729817374976,
                    0.5897736143637783,
                    0.40155318018071223
                ]
            },
            "Validation": {
                "sex": [
                    0.7526317333981112,
                    0.9319115907448453,
                    0.7740403478120903
                ],
                "race": [
                    0.38350479307926116,
                    0.6744275691928147,
                    0.3981672533074402
                ]
            },
            "Test": {
                "sex": [
                    0.7497056260352983,
                    0.9107471645955901,
                    0.7759876414459237
                ],
                "race": [
                    0.4166666666666667,
                    0.5,
                    0.3333333333333333
                ]
            }
        },
        "EOR": {
            "Train": {
                "sex": [
                    0.7444062835628887,
                    0.8995926853292242,
                    0.7763227362863603
                ],
                "race": [
                    0.14600308302136092,
                    0.36048281861678994,
                    0.15933669790915644
                ]
            },
            "Validation": {
                "sex": [
                    0.8205163240980318,
                    0.9721510890130863,
                    0.8385578456268824
                ],
                "race": [
                    0.0,
                    0.5109832635983264,
                    0.0
                ]
            },
            "Test": {
                "sex": [
                    0.8313857529543803,
                    0.9337475771694441,
                    0.8209949401126928
                ],
                "race": [
                    0.3985702724575128,
                    0.39523312735735494,
                    0.0
                ]
            }
        }
    },