{
    "Random Forest": {
        "AUC": {
            "Train": [
                0.9195934452112648,
                0.914711136288446,
                0.9149591778316646
            ],
            "Validation": [
                0.7773703247012542,
                0.780620872833353,
                0.7911442234456341
            ],
            "Test": [
                0.7826833770770567,
                0.7772970075596547,
                0.7825829898526884
            ]
        },
        "DPR": {
            "Train": {
                "sex": [
                    0.6875407697325505,
                    0.6925288472745639,
                    0.6958308634657182
                ],
                "race": [
                    0.485617869194922,
                    0.46250382614018976,
                    0.3064991615729972
                ]
            },
            "Validation": {
                "sex": [
                    0.6278481859268451,
                    0.680373523423357,
                    0.6961170540741776
                ],
                "race": [
                    0.504304381245196,
                    0.49072550486163047,
                    0.3555712117927596
                ]
            },
            "Test": {
                "sex": [
                    0.7035173003796842,
                    0.6824737314475191,
                    0.6958574576532677
                ],
                "race": [
                    0.47766867279062397,
                    0.5769922024918328,
                    0.3244406196213425
                ]
            }
        },
        "EOR": {
            "Train": {
                "sex": [
                    0.5728288989628083,
                    0.603127287007122,
                    0.5496429673381231
                ],
                "race": [
                    0.0,
                    0.0,
                    0.0
                ]
            },
            "Validation": {
                "sex": [
                    0.6432451952649103,
                    0.6693153809366148,
                    0.7421040143230009
                ],
                "race": [
                    0.3866244558765334,
                    0.36923658352229777,
                    0.3459631728045326
                ]
            },
            "Test": {
                "sex": [
                    0.6689793924541112,
                    0.6283074764498802,
                    0.6778904577594222
                ],
                "race": [
                    0.3123513556365943,
                    0.0,
                    0.32011699707507313
                ]
            }
        }
    },
    "SVM": {
        "AUC": {
            "Train": [
                0.702236076173965,
                0.7055116453901757,
                0.7041964389678608
            ],
            "Validation": [
                0.705149530066848,
                0.7073952078650023,
                0.7083382631329862
            ],
            "Test": [
                0.7024713278376431,
                0.7085882483411271,
                0.7056334676450474
            ]
        },
        "DPR": {
            "Train": {
                "sex": [
                    0.874662592309651,
                    0.8752826121247174,
                    0.8738060631229235
                ],
                "race": [
                    0.405340153086773,
                    0.41660539666201013,
                    0.41299198250728864
                ]
            },
            "Validation": {
                "sex": [
                    0.882227543399659,
                    0.890842045820591,
                    0.8977286700511181
                ],
                "race": [
                    0.47619047619047616,
                    0.5714285714285714,
                    0.47619047619047616
                ]
            },
            "Test": {
                "sex": [
                    0.9335538506899628,
                    0.9267404256364988,
                    0.9278756208630021
                ],
                "race": [
                    0.6666666666666666,
                    0.6666666666666666,
                    0.5714285714285714
                ]
            }
        },
        "EOR": {
            "Train": {
                "sex": [
                    0.865654068974121,
                    0.86657983391863,
                    0.8666346890759905
                ],
                "race": [
                    0.1869360902255639,
                    0.1956714215445155,
                    0.19172932330827064
                ]
            },
            "Validation": {
                "sex": [
                    0.9603421917530935,
                    0.9820553077609278,
                    0.9770809598093002
                ],
                "race": [
                    0.21875,
                    0.21875,
                    0.21875
                ]
            },
            "Test": {
                "sex": [
                    0.917384658143413,
                    0.9348567142388342,
                    0.9368222319434532
                ],
                "race": [
                    0.0,
                    0.0,
                    0.0
                ]
            }
        }
    },
    "MLP": {
        "AUC": {
            "Train": [
                0.7421356189157768,
                0.739623321091727,
                0.743556868945811
            ],
            "Validation": [
                0.742408878815665,
                0.739829515203502,
                0.748894261343469
            ],
            "Test": [
                0.7363598136887048,
                0.7389927545607453,
                0.7458181616546218
            ]
        },
        "DPR": {
            "Train": {
                "sex": [
                    0.6275783040488923,
                    0.749319549529303,
                    0.6291222729578894
                ],
                "race": [
                    0.2506081379920389,
                    0.6626658895013335,
                    0.2715411894378684
                ]
            },
            "Validation": {
                "sex": [
                    0.6296079620520171,
                    0.7684099947544838,
                    0.6301721397724532
                ],
                "race": [
                    0.467807486631016,
                    0.6349206349206349,
                    0.32432031636183883
                ]
            },
            "Test": {
                "sex": [
                    0.6575572072508112,
                    0.7684582103522252,
                    0.6078915221441199
                ],
                "race": [
                    0.22463876061373453,
                    0.6647704014694306,
                    0.36488579171505997
                ]
            }
        },
        "EOR": {
            "Train": {
                "sex": [
                    0.5720651270975246,
                    0.6685829615660345,
                    0.5764355994377592
                ],
                "race": [
                    0.0,
                    0.5201699901928735,
                    0.11172274335786103
                ]
            },
            "Validation": {
                "sex": [
                    0.5837422542571892,
                    0.744720406681191,
                    0.6417973144232275
                ],
                "race": [
                    0.0,
                    0.4375,
                    0.0
                ]
            },
            "Test": {
                "sex": [
                    0.6682385032246831,
                    0.7245928077307023,
                    0.5949904884977602
                ],
                "race": [
                    0.0,
                    0.47990255785627284,
                    0.31557869443332
                ]
            }
        }
    },