{
    "Random Forest": {
        "AUC": {
            "Train": [
                0.7034066566737701,
                0.687968619178229,
                0.6821223010862192
            ],
            "Validation": [
                0.71308739333146,
                0.6753900241806673,
                0.6868064002972669
            ],
            "Test": [
                0.7115079108367374,
                0.6823353141230616,
                0.698827814538935
            ]
        },
        "DPR": {
            "Train": {
                "sex": [
                    0.8345248639757055,
                    0.8546024776540694,
                    0.8348781436349494
                ],
                "race": [
                    0.6342999225006458,
                    0.38916552197802196,
                    0.5689525330899132
                ]
            },
            "Validation": {
                "sex": [
                    0.8764980628851616,
                    0.8516671990223174,
                    0.8489055482781602
                ],
                "race": [
                    0.5767912087912088,
                    0.5761751298892266,
                    0.6506364922206507
                ]
            },
            "Test": {
                "sex": [
                    0.8464591383524724,
                    0.8475830338223072,
                    0.8645027677589833
                ],
                "race": [
                    0.6060606060606061,
                    0.2777777777777778,
                    0.4666666666666666
                ]
            }
        },
        "EOR": {
            "Train": {
                "sex": [
                    0.8062541195395624,
                    0.8469564866137418,
                    0.8339556892899197
                ],
                "race": [
                    0.3509948383112013,
                    0.17360565593087196,
                    0.46484995793213046
                ]
            },
            "Validation": {
                "sex": [
                    0.9267337982508261,
                    0.8888062169312169,
                    0.8744684274647726
                ],
                "race": [
                    0.20804940374787054,
                    0.4030528052805281,
                    0.4375
                ]
            },
            "Test": {
                "sex": [
                    0.8372028435158332,
                    0.8654505194587845,
                    0.8630957149647766
                ],
                "race": [
                    0.5249733516065175,
                    0.19443347808922226,
                    0.4175940646528882
                ]
            }
        }
    },
    "SVM": {
        "AUC": {
            "Train": [
                0.6799750046668428,
                0.6707244037530659,
                0.6665567917811814
            ],
            "Validation": [
                0.6909299851366542,
                0.6846452993744083,
                0.6821528234811287
            ],
            "Test": [
                0.6920585503576512,
                0.6851238609688927,
                0.6817949097092584
            ]
        },
        "DPR": {
            "Train": {
                "sex": [
                    0.8383111747203496,
                    0.8242411978955887,
                    0.8676296965067019
                ],
                "race": [
                    0.6842837973834284,
                    0.6976607139060095,
                    0.7552489093939974
                ]
            },
            "Validation": {
                "sex": [
                    0.8575561164827015,
                    0.846085418829047,
                    0.8763690213043662
                ],
                "race": [
                    0.48326151806430223,
                    0.5237696084301281,
                    0.6733374384236452
                ]
            },
            "Test": {
                "sex": [
                    0.8788296941979327,
                    0.8621647816537569,
                    0.9029708987679136
                ],
                "race": [
                    0.5185185185185185,
                    0.5925925925925926,
                    0.7407407407407407
                ]
            }
        },
        "EOR": {
            "Train": {
                "sex": [
                    0.8158004380926122,
                    0.7666578734769921,
                    0.8383908292861434
                ],
                "race": [
                    0.6235109717868338,
                    0.5563499852782412,
                    0.6956203799380017
                ]
            },
            "Validation": {
                "sex": [
                    0.8572168955688002,
                    0.8226607541909224,
                    0.8661334856707608
                ],
                "race": [
                    0.27078713968957874,
                    0.2916666666666667,
                    0.6938073394495413
                ]
            },
            "Test": {
                "sex": [
                    0.8546557081945458,
                    0.8360368822534425,
                    0.8547884187082405
                ],
                "race": [
                    0.5208195637805684,
                    0.7169913055199838,
                    0.7714285714285714
                ]
            }
        }
    },
    "MLP": {
        "AUC": {
            "Train": [
                0.6488281892557264,
                0.6865239482969259,
                0.6874912496696244
            ],
            "Validation": [
                0.6637475320190487,
                0.701620409740298,
                0.6963523796142924
            ],
            "Test": [
                0.6583524712123172,
                0.6931015840156738,
                0.6887390717705119
            ]
        },
        "DPR": {
            "Train": {
                "sex": [
                    0.9419385231421505,
                    0.8413686448869128,
                    0.8190183011400156
                ],
                "race": [
                    0.8023748939779474,
                    0.3142857142857143,
                    0.401719248493442
                ]
            },
            "Validation": {
                "sex": [
                    0.9646380353470628,
                    0.8492084577817962,
                    0.8298974559353576
                ],
                "race": [
                    0.679192546583851,
                    0.4796052631578947,
                    0.49972580202906497
                ]
            },
            "Test": {
                "sex": [
                    0.9551993835891157,
                    0.8115878866900922,
                    0.8193128503534
                ],
                "race": [
                    0.6666666666666666,
                    0.4887319868047919,
                    0.4843243243243243
                ]
            }
        },
        "EOR": {
            "Train": {
                "sex": [
                    0.9313797337422413,
                    0.8258359426939624,
                    0.806403945131198
                ],
                "race": [
                    0.7317391304347827,
                    0.224163191705173,
                    0.2769423558897243
                ]
            },
            "Validation": {
                "sex": [
                    0.9689428705460034,
                    0.8794561318100053,
                    0.8704524233935999
                ],
                "race": [
                    0.548876404494382,
                    0.2719933184855234,
                    0.22244990892531877
                ]
            },
            "Test": {
                "sex": [
                    0.9649590576353393,
                    0.7985161738482801,
                    0.8365496900018058
                ],