{
    "Random Forest": {
        "AUC": {
            "Train": [
                0.684338185078671,
                0.7006621718654988,
                0.7099968683636108
            ],
            "Validation": [
                0.6995310605108258,
                0.7043415436065428,
                0.7172730243211666
            ],
            "Test": [
                0.6893069700386301,
                0.7154337559839565,
                0.7186052529434598
            ]
        },
        "DPR": {
            "Train": {
                "sex": [
                    0.5896951373141849,
                    0.4791144527986633,
                    0.36860244701016714
                ],
                "race": [
                    0.0,
                    0.0,
                    0.24792168015751476
                ]
            },
            "Validation": {
                "sex": [
                    0.6229787844700283,
                    0.49317699897498496,
                    0.3299449142526985
                ],
                "race": [
                    0.0,
                    0.33968307546678306,
                    0.31353135313531355
                ]
            },
            "Test": {
                "sex": [
                    0.6665843563331922,
                    0.5472694501947565,
                    0.3133910603905425
                ],
                "race": [
                    0.0,
                    0.18571428571428572,
                    0.16295655932569697
                ]
            }
        },
        "EOR": {
            "Train": {
                "sex": [
                    0.6303247823017181,
                    0.5400438890032948,
                    0.34667066050774326
                ],
                "race": [
                    0.0,
                    0.0,
                    0.0
                ]
            },
            "Validation": {
                "sex": [
                    0.6633346472211272,
                    0.4941923436041083,
                    0.3603485838779957
                ],
                "race": [
                    0.0,
                    0.0,
                    0.0
                ]
            },
            "Test": {
                "sex": [
                    0.6870479486220227,
                    0.5203531274317762,
                    0.24679605472478525
                ],
                "race": [
                    0.0,
                    0.0,
                    0.0
                ]
            }
        }
    },
    "SVM": {
        "AUC": {
            "Train": [
                0.6984168313153474,
                0.713037507092677,
                0.7158142208405492
            ],
            "Validation": [
                0.6973365678981307,
                0.713638876153573,
                0.7159893507084122
            ],
            "Test": [
                0.697124812856958,
                0.7159644566844723,
                0.7149400218102508
            ]
        },
        "DPR": {
            "Train": {
                "sex": [
                    0.7815126050420168,
                    0.5917487684729064,
                    0.63652249890782
                ],
                "race": [
                    0.0,
                    0.0,
                    0.0
                ]
            },
            "Validation": {
                "sex": [
                    0.9484674409828505,
                    0.8119301226790452,
                    0.6876081190174144
                ],
                "race": [
                    0.0,
                    0.0,
                    0.0
                ]
            },
            "Test": {
                "sex": [
                    0.36621983914209116,
                    0.9809459977020298,
                    0.8301615524594035
                ],
                "race": [
                    0.0,
                    0.0,
                    0.0
                ]
            }
        },
        "EOR": {
            "Train": {
                "sex": [
                    0.46335493160547153,
                    0.4436377004733238,
                    0.5110532333883877
                ],
                "race": [
                    0.0,
                    0.0,
                    0.0
                ]
            },
            "Validation": {
                "sex": [
                    0.0,
                    0.6551792434145376,
                    0.4804647785039942
                ],
                "race": [
                    0.0,
                    0.0,
                    0.0
                ]
            },
            "Test": {
                "sex": [
                    0.0,
                    0.2778465346534653,
                    0.5393491555037857
                ],
                "race": [
                    0.0,
                    0.0,
                    0.0
                ]
            }
        }
    },
    "MLP": {
        "AUC": {
            "Train": [
                0.5795493400806948,
                0.7179862087862328,
                0.6458799054987423
            ],
            "Validation": [
                0.5738196673124705,
                0.7183042382720066,
                0.6505794209210838
            ],
            "Test": [
                0.5943616804983087,
                0.7296524684398276,
                0.661778921686413
            ]
        },
        "DPR": {
            "Train": {
                "sex": [
                    0.9800434696700256,
                    0.4355371900826446,
                    0.3669205434335117
                ],
                "race": [
                    0.7765532206486979,
                    0.0,
                    0.07140539297382276
                ]
            },
            "Validation": {
                "sex": [
                    0.9624891151755903,
                    0.4838535295923182,
                    0.354018832135543
                ],
                "race": [
                    0.8963782696177062,
                    0.0,
                    0.0
                ]
            },
            "Test": {
                "sex": [
                    0.9689435709719993,
                    0.4756101807040145,
                    0.33885109671510216
                ],
                "race": [
                    0.8536050378546663,
                    0.0,
                    0.060479935830306815
                ]
            }
        },
        "EOR": {
            "Train": {
                "sex": [
                    0.946316548166132,
                    0.4678102674862934,
                    0.3623735127258641
                ],
                "race": [
                    0.6936665230504093,
                    0.0,
                    0.0
                ]
            },
            "Validation": {
                "sex": [
                    0.9515826843792946,
                    0.3188925521044209,
                    0.3773671001597079
                ],
                "race": [
                    0.6666666666666666,
                    0.0,
                    0.0
                ]
            },
            "Test": {
                "sex": [
                    0.8892791404059915,
                    0.46540204285385156,
                    0.3550690622908905
                ],
                "race": [
                    0.7364475201845443,
                    0.0,
                    0.0
                ]
            }
        }
    },
    "XGBoost": {
        "AUC": {
            "Train": [
                0.6664610868476354,
                0.6796119959116608,
                0.6897586826380506
            ],
            "Validation": [
                0.6769117146829153,
                0.677329168576964,
                0.6932843881255916
            ],