{
    "Random Forest": {
        "AUC": {
            "Train": [
                0.45972116075933694,
                0.417233368480975,
                0.44787976895893367
            ],
            "Validation": [
                0.4784768028277331,
                0.4288986935414695,
                0.46794085811790104
            ],
            "Test": [
                0.46477228619485056,
                0.4157427730440086,
                0.4603363029776537
            ]
        },
        "DPR": {
            "Train": {
                "sex": [
                    0.8770014053032921,
                    0.9899237356738103,
                    0.9800828281103237
                ],
                "race": [
                    0.8214285714285714,
                    0.9285714285714286,
                    0.9285714285714286
                ]
            },
            "Validation": {
                "sex": [
                    0.8736283143762502,
                    0.9941651631531448,
                    0.9674007434627571
                ],
                "race": [
                    0.8710562414266118,
                    0.9775753328661527,
                    0.9705676243868255
                ]
            },
            "Test": {
                "sex": [
                    0.8725059700018054,
                    0.9864553012658308,
                    0.9752298679376427
                ],
                "race": [
                    0.8757736516357206,
                    0.9047619047619048,
                    0.9523809523809523
                ]
            }
        },
        "EOR": {
            "Train": {
                "sex": [
                    0.8322427179085872,
                    0.9860953264742955,
                    0.9732339289389523
                ],
                "race": [
                    0.7777777777777778,
                    0.7777777777777778,
                    0.7777777777777778
                ]
            },
            "Validation": {
                "sex": [
                    0.8198970178073375,
                    0.9915045883673335,
                    0.9517487142532798
                ],
                "race": [
                    0.8611570247933884,
                    0.9633757961783439,
                    0.9570063694267515
                ]
            },
            "Test": {
                "sex": [
                    0.8249736630104729,
                    0.9766447243975334,
                    0.9513629705720101
                ],
                "race": [
                    0.75,
                    0.75,
                    0.75
                ]
            }
        }
    },
    "SVM": {
        "AUC": {
            "Train": [
                0.4616170656740307,
                0.5222651723220177,
                0.6258227909661012
            ],
            "Validation": [
                0.4543751663807383,
                0.5165629714120918,
                0.6391254935961903
            ],
            "Test": [
                0.46560842282313364,
                0.5245968338169786,
                0.6212541356301868
            ]
        },
        "DPR": {
            "Train": {
                "sex": [
                    1.0,
                    1.0,
                    1.0
                ],
                "race": [
                    1.0,
                    1.0,
                    1.0
                ]
            },
            "Validation": {
                "sex": [
                    1.0,
                    1.0,
                    1.0
                ],
                "race": [
                    1.0,
                    1.0,
                    1.0
                ]
            },
            "Test": {
                "sex": [
                    1.0,
                    1.0,
                    1.0
                ],
                "race": [
                    1.0,
                    1.0,
                    1.0
                ]
            }
        },
        "EOR": {
            "Train": {
                "sex": [
                    1.0,
                    1.0,
                    1.0
                ],
                "race": [
                    1.0,
                    1.0,
                    1.0
                ]
            },
            "Validation": {
                "sex": [
                    1.0,
                    1.0,
                    1.0
                ],
                "race": [
                    1.0,
                    1.0,
                    1.0
                ]
            },
            "Test": {
                "sex": [
                    1.0,
                    1.0,
                    1.0
                ],
                "race": [
                    1.0,
                    1.0,
                    1.0
                ]
            }
        }
    },
    "MLP": {
        "AUC": {
            "Train": [
                0.3755165871609146,
                0.37975810043785146,
                0.38143339883855676
            ],
            "Validation": [
                0.3625953916232844,
                0.3733575679203147,
                0.36949903684039276
            ],
            "Test": [
                0.3713882548102693,
                0.3767121277932832,
                0.3788551466646951
            ]
        },
        "DPR": {
            "Train": {
                "sex": [
                    0.9998931144316894,
                    0.9994647941598338,
                    0.9919733454490383
                ],
                "race": [
                    0.9642857142857143,
                    0.9642857142857143,
                    0.9208059981255857
                ]
            },
            "Validation": {
                "sex": [
                    0.9975246383777576,
                    0.9999447720426612,
                    0.9972531807652789
                ],
                "race": [
                    0.9781931464174455,
                    0.9,
                    0.9647919524462735
                ]
            },
            "Test": {
                "sex": [
                    0.9981531287796804,
                    0.9962059792876428,
                    0.9993997071742313
                ],
                "race": [
                    0.9285714285714286,
                    0.9747634069400631,
                    0.7857142857142857
                ]
            }
        },
        "EOR": {
            "Train": {
                "sex": [
                    0.9986348361803417,
                    0.9987398611586014,
                    0.988144517278985
                ],
                "race": [
                    0.9473684210526315,
                    0.9473684210526315,
                    0.8181818181818182
                ]
            },
            "Validation": {
                "sex": [
                    0.9954795518790489,
                    0.99829589838525,
                    0.9903480544054891
                ],
                "race": [
                    0.9701492537313433,
                    0.8571428571428571,
                    0.9382716049382716
                ]
            },
            "Test": {
                "sex": [
                    0.9931136272411025,
                    0.9937394077245563,
                    0.9787718085590427
                ],
                "race": [
                    0.8888888888888888,
                    0.9545454545454546,
                    0.6666666666666666
                ]
            }
        }
    },
    "XGBoost": {
        "AUC": {
            "Train": [
                0.5011345684140682,
                0.44299003813873367,
                0.4332107786511808
            ],
            "Validation": [
                0.5224107921941552,
                0.4409934177931259,
                0.45287785527833646
            ],