{
    "Random Forest": {
        "AUC": {
            "Train": [
                0.9272602074480963,
                0.9329468536699868,
                0.9280615124544637
            ],
            "Validation": [
                0.7598098776546971,
                0.7711276962922977,
                0.7702863181421558
            ],
            "Test": [
                0.7561207326765613,
                0.7628525682494501,
                0.7597331709886697
            ]
        },
        "DPR": {
            "Train": {
                "sex": [
                    0.744839683446194,
                    0.7279160468014957,
                    0.7434467373117679
                ],
                "race": [
                    0.39285714285714285,
                    0.3626373626373626,
                    0.37869674185463653
                ]
            },
            "Validation": {
                "sex": [
                    0.8345102396826535,
                    0.8326967481309789,
                    0.8107714363656413
                ],
                "race": [
                    0.3822535539501281,
                    0.48589202399466785,
                    0.36077202243483997
                ]
            },
            "Test": {
                "sex": [
                    0.7672346686062589,
                    0.8195199585414725,
                    0.7751217046163006
                ],
                "race": [
                    0.2962962962962963,
                    0.3333333333333333,
                    0.4136493307000219
                ]
            }
        },
        "EOR": {
            "Train": {
                "sex": [
                    0.7409727051260206,
                    0.7639364712891934,
                    0.7730320251734571
                ],
                "race": [
                    0.0,
                    0.0,
                    0.0
                ]
            },
            "Validation": {
                "sex": [
                    0.918236962451317,
                    0.9081826668945839,
                    0.8759122168018829
                ],
                "race": [
                    0.0,
                    0.0,
                    0.0
                ]
            },
            "Test": {
                "sex": [
                    0.7347897659575363,
                    0.8825401701524886,
                    0.8148926335252343
                ],
                "race": [
                    0.2941176470588235,
                    0.4411764705882353,
                    0.48150562163923744
                ]
            }
        }
    },
    "SVM": {
        "AUC": {
            "Train": [
                0.688432386688131,
                0.6888365191081802,
                0.6885672803950089
            ],
            "Validation": [
                0.6917484859352816,
                0.6916557055652508,
                0.6913600331282537
            ],
            "Test": [
                0.6877362392103948,
                0.6895853741936676,
                0.6890428904127313
            ]
        },
        "DPR": {
            "Train": {
                "sex": [
                    0.844134821067237,
                    0.8349245638849598,
                    0.8272549368439779
                ],
                "race": [
                    0.3683568990736226,
                    0.3756214782896917,
                    0.37869674185463653
                ]
            },
            "Validation": {
                "sex": [
                    0.8601610686778947,
                    0.8622655691621208,
                    0.8493268110063175
                ],
                "race": [
                    0.5171339563862928,
                    0.4984423676012461,
                    0.4984423676012461
                ]
            },
            "Test": {
                "sex": [
                    0.9239491354502299,
                    0.8977493943466308,
                    0.9007323556412165
                ],
                "race": [
                    0.6306306306306307,
                    0.5555555555555556,
                    0.5555555555555556
                ]
            }
        },
        "EOR": {
            "Train": {
                "sex": [
                    0.7916789142075735,
                    0.7835104479985159,
                    0.757823486270631
                ],
                "race": [
                    0.2290682943683059,
                    0.23684210526315788,
                    0.24288679936500182
                ]
            },
            "Validation": {
                "sex": [
                    0.9112263040592993,
                    0.9087970150588747,
                    0.8928991458923785
                ],
                "race": [
                    0.21875,
                    0.21766169154228857,
                    0.20895522388059704
                ]
            },
            "Test": {
                "sex": [
                    0.9111390997811724,
                    0.8660356347438752,
                    0.8769981111330383
                ],
                "race": [
                    0.0,
                    0.0,
                    0.0
                ]
            }
        }
    },
    "MLP": {
        "AUC": {
            "Train": [
                0.7191208638372353,
                0.7381339744312458,
                0.7123329177840906
            ],
            "Validation": [
                0.7048304025674397,
                0.7230763613641742,
                0.7003887301082585
            ],
            "Test": [
                0.7085020701255013,
                0.7268358501377004,
                0.7032278709128884
            ]
        },
        "DPR": {
            "Train": {
                "sex": [
                    0.74913217623498,
                    0.7175796408266402,
                    0.7373929590865842
                ],
                "race": [
                    0.0,
                    0.2128302241141855,
                    0.0873015873015873
                ]
            },
            "Validation": {
                "sex": [
                    0.8283310221334904,
                    0.7629133106699083,
                    0.8175186289315066
                ],
                "race": [
                    0.5677570093457944,
                    0.5780362098585965,
                    0.47507788161993764
                ]
            },
            "Test": {
                "sex": [
                    0.796704217364405,
                    0.7268621240263474,
                    0.7965192004801103
                ],
                "race": [
                    0.1391657438169066,
                    0.25,
                    0.19047619047619047
                ]
            }
        },
        "EOR": {
            "Train": {
                "sex": [
                    0.6812693796377478,
                    0.6391542421099705,
                    0.6853407105917583
                ],
                "race": [
                    0.0,
                    0.0,
                    0.0
                ]
            },
            "Validation": {
                "sex": [
                    0.898974358974359,
                    0.8259675405742822,
                    0.8643451463790447
                ],
                "race": [
                    0.0,
                    0.0,
                    0.0
                ]
            },
            "Test": {
                "sex": [
                    0.8811097043683982,
                    0.7198218262806235,
                    0.8205968819599109
                ],
                "race": [
                    0.0,
                    0.0,
                    0.0
                ]
            }
        }
    },