{
    "Random Forest": {
        "AUC": {
            "Train": [
                0.7164631603582656,
                0.726223099809445,
                0.7199476978602757
            ],
            "Validation": [
                0.7206026033039518,
                0.7268809342463323,
                0.7171161180415877
            ],
            "Test": [
                0.7223244321017319,
                0.7244672199323513,
                0.7254416344749829
            ]
        },
        "DPR": {
            "Train": {
                "sex": [
                    0.743613707165109,
                    0.6997410444540354,
                    0.7708482142857143
                ],
                "race": [
                    0.507682259366139,
                    0.43992624223602483,
                    0.26474710898259546
                ]
            },
            "Validation": {
                "sex": [
                    0.7564502158654796,
                    0.6876686425733528,
                    0.7675682164640414
                ],
                "race": [
                    0.529265662415298,
                    0.37793778801843314,
                    0.47619654081590734
                ]
            },
            "Test": {
                "sex": [
                    0.7773534321412312,
                    0.7238086021230172,
                    0.7731554927210005
                ],
                "race": [
                    0.37037037037037035,
                    0.2962962962962963,
                    0.3333333333333333
                ]
            }
        },
        "EOR": {
            "Train": {
                "sex": [
                    0.7373693962351032,
                    0.6780803877153242,
                    0.7822719410662915
                ],
                "race": [
                    0.24369027199215879,
                    0.2636881877237173,
                    0.28446796338672764
                ]
            },
            "Validation": {
                "sex": [
                    0.7862150920974451,
                    0.6880671778772752,
                    0.825064272284256
                ],
                "race": [
                    0.0,
                    0.0,
                    0.2916666666666667
                ]
            },
            "Test": {
                "sex": [
                    0.8299064188743903,
                    0.7914240612788862,
                    0.8305636457084118
                ],
                "race": [
                    0.16005849853753656,
                    0.2693096377306904,
                    0.15409887359198998
                ]
            }
        }
    },
    "SVM": {
        "AUC": {
            "Train": [
                0.6925787726110846,
                0.6938486101587467,
                0.6932442020253174
            ],
            "Validation": [
                0.7005532621716754,
                0.7011868954833176,
                0.7007488750813418
            ],
            "Test": [
                0.6972034822468255,
                0.6997695368094191,
                0.6975276324787905
            ]
        },
        "DPR": {
            "Train": {
                "sex": [
                    0.8724744017959809,
                    0.8546984253311352,
                    0.8760905636139805
                ],
                "race": [
                    0.34629488158899924,
                    0.35777426992896605,
                    0.425362210044291
                ]
            },
            "Validation": {
                "sex": [
                    0.8712157957864103,
                    0.8562253966108567,
                    0.8797514267341854
                ],
                "race": [
                    0.6896877956480605,
                    0.6853582554517132,
                    0.5714285714285714
                ]
            },
            "Test": {
                "sex": [
                    0.8990078533535231,
                    0.8945885277489757,
                    0.9296893599842663
                ],
                "race": [
                    0.5714285714285714,
                    0.6306306306306307,
                    0.6666666666666666
                ]
            }
        },
        "EOR": {
            "Train": {
                "sex": [
                    0.8478277233799848,
                    0.8208657027381232,
                    0.8587788265030988
                ],
                "race": [
                    0.2036657792340774,
                    0.21277278562259305,
                    0.1975173783515392
                ]
            },
            "Validation": {
                "sex": [
                    0.9412799420559781,
                    0.9161404674864296,
                    0.966560003631082
                ],
                "race": [
                    0.2916666666666667,
                    0.2916666666666667,
                    0.21875
                ]
            },
            "Test": {
                "sex": [
                    0.877093821938575,
                    0.8590018772835237,
                    0.9278950153030131
                ],
                "race": [
                    0.0,
                    0.0,
                    0.0
                ]
            }
        }
    },
    "MLP": {
        "AUC": {
            "Train": [
                0.699394644636088,
                0.7205786746535909,
                0.7207977505817382
            ],
            "Validation": [
                0.7196773415315902,
                0.7270810533009938,
                0.7290045995030763
            ],
            "Test": [
                0.7132176127016986,
                0.727777803448977,
                0.730257333234756
            ]
        },
        "DPR": {
            "Train": {
                "sex": [
                    0.7117049303726006,
                    0.8757062146892655,
                    0.6998104428743752
                ],
                "race": [
                    0.2619047619047619,
                    0.5731500933706816,
                    0.2549493813273341
                ]
            },
            "Validation": {
                "sex": [
                    0.7635060527162864,
                    0.9320812170665271,
                    0.7334973491235509
                ],
                "race": [
                    0.3854889558131805,
                    0.6157094594594594,
                    0.479641121495327
                ]
            },
            "Test": {
                "sex": [
                    0.7763636773256706,
                    0.9030430947105602,
                    0.7460033760301857
                ],
                "race": [
                    0.3333333333333333,
                    0.4678144873584613,
                    0.25236593059936907
                ]
            }
        },
        "EOR": {
            "Train": {
                "sex": [
                    0.7135313585559543,
                    0.8724874775975369,
                    0.7805176655386286
                ],
                "race": [
                    0.1111111111111111,
                    0.30431456548347613,
                    0.0
                ]
            },
            "Validation": {
                "sex": [
                    0.7953197627824973,
                    0.9726039446530668,
                    0.7961189643816183
                ],
                "race": [
                    0.0,
                    0.35709064327485385,
                    0.0
                ]
            },
            "Test": {
                "sex": [
                    0.767178525378033,
                    0.94111834457103,
                    0.7523561461125161
                ],