{
    "Random Forest": {
        "AUC": {
            "Train": [
                0.6374017883711518,
                0.6291108936588232,
                0.6273743429454894
            ],
            "Validation": [
                0.6347298069243965,
                0.6349392848955869,
                0.6243344770468529
            ],
            "Test": [
                0.6472598562002106,
                0.6475801942590984,
                0.637365649779125
            ]
        },
        "DPR": {
            "Train": {
                "sex": [
                    0.7750357488814059,
                    0.8302350494675153,
                    0.8761964962976341
                ],
                "race": [
                    0.37980615295304043,
                    0.4365079365079365,
                    0.30365482385758635
                ]
            },
            "Validation": {
                "sex": [
                    0.7638252291749701,
                    0.8958551493484027,
                    0.8892309392640957
                ],
                "race": [
                    0.2554608106529611,
                    0.40365448504983387,
                    0.30297029702970296
                ]
            },
            "Test": {
                "sex": [
                    0.8122292583712394,
                    0.9139102968742874,
                    0.9352709664774358
                ],
                "race": [
                    0.32150748357919673,
                    0.3594594594594595,
                    0.24384384384384383
                ]
            }
        },
        "EOR": {
            "Train": {
                "sex": [
                    0.8089007310928107,
                    0.8531083578295685,
                    0.9002101698979305
                ],
                "race": [
                    0.19526801492244256,
                    0.17653323866157805,
                    0.18776550552251486
                ]
            },
            "Validation": {
                "sex": [
                    0.7887039994504834,
                    0.8863746775849548,
                    0.9083413722961085
                ],
                "race": [
                    0.0,
                    0.0,
                    0.0
                ]
            },
            "Test": {
                "sex": [
                    0.8020454878162389,
                    0.9215716407970902,
                    0.974586324891824
                ],
                "race": [
                    0.0,
                    0.0,
                    0.0
                ]
            }
        }
    },
    "SVM": {
        "AUC": {
            "Train": [
                0.4736913664331089,
                0.48101727009098955,
                0.4749813326285322
            ],
            "Validation": [
                0.4739142732489352,
                0.4805237480773781,
                0.47404622241777095
            ],
            "Test": [
                0.47463310722141105,
                0.4821546402232778,
                0.47631092545699866
            ]
        },
        "DPR": {
            "Train": {
                "sex": [
                    0.9998527029017529,
                    0.9988424951595252,
                    0.9988424951595252
                ],
                "race": [
                    0.9983361064891847,
                    0.9983361064891847,
                    0.9983361064891847
                ]
            },
            "Validation": {
                "sex": [
                    0.9986737400530504,
                    0.9986737400530504,
                    0.9986737400530504
                ],
                "race": [
                    0.9995427526291724,
                    0.9995427526291724,
                    0.9995427526291724
                ]
            },
            "Test": {
                "sex": [
                    1.0,
                    1.0,
                    1.0
                ],
                "race": [
                    1.0,
                    1.0,
                    1.0
                ]
            }
        },
        "EOR": {
            "Train": {
                "sex": [
                    0.9996892479801118,
                    0.998150350023599,
                    0.998150350023599
                ],
                "race": [
                    0.9973262032085561,
                    0.9973262032085561,
                    0.9973262032085561
                ]
            },
            "Validation": {
                "sex": [
                    0.9978213507625272,
                    0.9978213507625272,
                    0.9978213507625272
                ],
                "race": [
                    0.9989764585465711,
                    0.9989764585465711,
                    0.9989764585465711
                ]
            },
            "Test": {
                "sex": [
                    1.0,
                    1.0,
                    1.0
                ],
                "race": [
                    1.0,
                    1.0,
                    1.0
                ]
            }
        }
    },
    "MLP": {
        "AUC": {
            "Train": [
                0.6924284864088598,
                0.6828828289754569,
                0.5756537392038829
            ],
            "Validation": [
                0.7043143911943919,
                0.7012030713884287,
                0.5856976344356366
            ],
            "Test": [
                0.6958040681662755,
                0.6966314252444411,
                0.5881841117867771
            ]
        },
        "DPR": {
            "Train": {
                "sex": [
                    0.9493097176253094,
                    0.7257658819735568,
                    0.9878789283396682
                ],
                "race": [
                    0.5098587245096105,
                    0.19642857142857142,
                    0.7626048440297803
                ]
            },
            "Validation": {
                "sex": [
                    0.9662104752590904,
                    0.7843551373805115,
                    0.988642699400028
                ],
                "race": [
                    0.5136138613861385,
                    0.4057513914656771,
                    0.7367179980750721
                ]
            },
            "Test": {
                "sex": [
                    0.9580450619910693,
                    0.82563726718767,
                    0.9746142583624283
                ],
                "race": [
                    0.5333937964810448,
                    0.3783783783783784,
                    0.8158905893845654
                ]
            }
        },
        "EOR": {
            "Train": {
                "sex": [
                    0.9915492194339675,
                    0.7631082404402909,
                    0.9715426463752664
                ],
                "race": [
                    0.40695652173913044,
                    0.0,
                    0.7572463768115942
                ]
            },
            "Validation": {
                "sex": [
                    0.9414364262736421,
                    0.8785884200558904,
                    0.9746171867733235
                ],
                "race": [
                    0.4628099173553719,
                    0.0,
                    0.6042053184910328
                ]
            },
            "Test": {
                "sex": [
                    0.9833162515470298,
                    0.7538674531993017,
                    0.9478688000378985
                ],
                "race": [
                    0.3793150873332416,
                    0.0,
                    0.7777777777777778
                ]
            }
        }
    },