{
    "Random Forest": {
        "AUC": {
            "Train": [
                0.6591711663965134,
                0.660670938368102,
                0.6427217293286586
            ],
            "Validation": [
                0.6537034503667771,
                0.6487917523219355,
                0.6360454857208354
            ],
            "Test": [
                0.6762222057926547,
                0.6694811285880634,
                0.6605645712807052
            ]
        },
        "DPR": {
            "Train": {
                "sex": [
                    0.8658477970627503,
                    0.8804269175108539,
                    0.9691558441558441
                ],
                "race": [
                    0.6226648351648352,
                    0.6336041947357962,
                    0.5808258375664026
                ]
            },
            "Validation": {
                "sex": [
                    0.9236281876597358,
                    0.8843177118662876,
                    0.9599887292194985
                ],
                "race": [
                    0.6981235469060071,
                    0.6357518607644523,
                    0.64938003624561
                ]
            },
            "Test": {
                "sex": [
                    0.8866809168417749,
                    0.8917690888200271,
                    0.9761864343944023
                ],
                "race": [
                    0.5,
                    0.5206103707795346,
                    0.6506349723217194
                ]
            }
        },
        "EOR": {
            "Train": {
                "sex": [
                    0.8771175622244151,
                    0.8860016780052945,
                    0.9554763664501261
                ],
                "race": [
                    0.4065406234031681,
                    0.5000443655723159,
                    0.5006636155606408
                ]
            },
            "Validation": {
                "sex": [
                    0.924283533068972,
                    0.8909884816561412,
                    0.9735211142457294
                ],
                "race": [
                    0.5673635307781649,
                    0.548972783143108,
                    0.6188393557338482
                ]
            },
            "Test": {
                "sex": [
                    0.8986434207393803,
                    0.9067278097952945,
                    0.9678180204038641
                ],
                "race": [
                    0.38991370437811734,
                    0.4047113606793125,
                    0.5873649864986499
                ]
            }
        }
    },
    "SVM": {
        "AUC": {
            "Train": [
                0.48211934965465364,
                0.47190185167387183,
                0.48462211741591826
            ],
            "Validation": [
                0.4603112613878372,
                0.45384471223526973,
                0.5018916565605773
            ],
            "Test": [
                0.4696911446685027,
                0.4607909912574164,
                0.49033637228989146
            ]
        },
        "DPR": {
            "Train": {
                "sex": [
                    1.0,
                    1.0,
                    1.0
                ],
                "race": [
                    1.0,
                    1.0,
                    1.0
                ]
            },
            "Validation": {
                "sex": [
                    1.0,
                    1.0,
                    1.0
                ],
                "race": [
                    1.0,
                    1.0,
                    1.0
                ]
            },
            "Test": {
                "sex": [
                    1.0,
                    1.0,
                    1.0
                ],
                "race": [
                    1.0,
                    1.0,
                    1.0
                ]
            }
        },
        "EOR": {
            "Train": {
                "sex": [
                    1.0,
                    1.0,
                    1.0
                ],
                "race": [
                    1.0,
                    1.0,
                    1.0
                ]
            },
            "Validation": {
                "sex": [
                    1.0,
                    1.0,
                    1.0
                ],
                "race": [
                    1.0,
                    1.0,
                    1.0
                ]
            },
            "Test": {
                "sex": [
                    1.0,
                    1.0,
                    1.0
                ],
                "race": [
                    1.0,
                    1.0,
                    1.0
                ]
            }
        }
    },
    "MLP": {
        "AUC": {
            "Train": [
                0.6355670780111301,
                0.5941342925620691,
                0.6557786084398698
            ],
            "Validation": [
                0.657219976595776,
                0.6085340840185756,
                0.6792052269433271
            ],
            "Test": [
                0.6439915531486239,
                0.5997959909801674,
                0.6677862133338262
            ]
        },
        "DPR": {
            "Train": {
                "sex": [
                    0.995730236331419,
                    0.9947280859062723,
                    0.9978843595280159
                ],
                "race": [
                    0.9285714285714286,
                    0.9285714285714286,
                    0.8928571428571429
                ]
            },
            "Validation": {
                "sex": [
                    0.9908902072906949,
                    0.9905403672558557,
                    0.9798970750985581
                ],
                "race": [
                    0.9,
                    0.9,
                    0.9252336448598131
                ]
            },
            "Test": {
                "sex": [
                    0.9918961063695556,
                    0.9918802274132449,
                    0.998792907109159
                ],
                "race": [
                    0.9047619047619048,
                    0.8095238095238095,
                    0.9047619047619048
                ]
            }
        },
        "EOR": {
            "Train": {
                "sex": [
                    0.9911294828016178,
                    0.9911733220695513,
                    0.9908405089012692
                ],
                "race": [
                    0.8888888888888888,
                    0.8888888888888888,
                    0.8888888888888888
                ]
            },
            "Validation": {
                "sex": [
                    0.9862408249528682,
                    0.9875375748048868,
                    0.9785527824743512
                ],
                "race": [
                    0.8571428571428571,
                    0.8571428571428571,
                    0.8905472636815921
                ]
            },
            "Test": {
                "sex": [
                    0.9891588648660784,
                    0.9810462310533112,
                    0.9932364439714998
                ],
                "race": [
                    0.75,
                    0.75,
                    0.75
                ]
            }
        }
    },
    "XGBoost": {
        "AUC": {
            "Train": [
                0.6436656964870224,
                0.6204466515171397,
                0.6466653559461123
            ],
            "Validation": [
                0.6253567942498817,
                0.6104255094947941,
                0.6417198776916706
            ],