{
    "Random Forest": {
        "AUC": {
            "Train": [
                0.6999910532925732,
                0.685667080136623,
                0.7004067084248989
            ],
            "Validation": [
                0.7088467642643752,
                0.6987244605566729,
                0.7017390715585069
            ],
            "Test": [
                0.7034265659944919,
                0.6960382280095374,
                0.6974863916973182
            ]
        },
        "DPR": {
            "Train": {
                "sex": [
                    0.7696585213032581,
                    0.7760544217687074,
                    0.7414727936935205
                ],
                "race": [
                    0.4761888087401079,
                    0.3997354497354497,
                    0.43903147699757866
                ]
            },
            "Validation": {
                "sex": [
                    0.7618660911448794,
                    0.6945938220083696,
                    0.6977917628658673
                ],
                "race": [
                    0.4804763020680766,
                    0.343831883450372,
                    0.4375961637975644
                ]
            },
            "Test": {
                "sex": [
                    0.7701120445279771,
                    0.7111064837710508,
                    0.7498035499676435
                ],
                "race": [
                    0.4705946202638988,
                    0.52289495482653,
                    0.41632674025912875
                ]
            }
        },
        "EOR": {
            "Train": {
                "sex": [
                    0.7891689832696596,
                    0.7937771885627487,
                    0.7388139657488818
                ],
                "race": [
                    0.2180921052631579,
                    0.213641245972073,
                    0.17709910070341023
                ]
            },
            "Validation": {
                "sex": [
                    0.7620486445944499,
                    0.7347830367817709,
                    0.688739648084854
                ],
                "race": [
                    0.0,
                    0.0,
                    0.0
                ]
            },
            "Test": {
                "sex": [
                    0.774642693845042,
                    0.7357925165626026,
                    0.7990820254663902
                ],
                "race": [
                    0.0,
                    0.42094017094017094,
                    0.3044545454545455
                ]
            }
        }
    },
    "SVM": {
        "AUC": {
            "Train": [
                0.6788588321618481,
                0.6803559761464262,
                0.67881245252296
            ],
            "Validation": [
                0.6890510382158068,
                0.6879545429336251,
                0.6856699274210247
            ],
            "Test": [
                0.6815647930798663,
                0.6807887270576494,
                0.6786541411751659
            ]
        },
        "DPR": {
            "Train": {
                "sex": [
                    0.9548307184145334,
                    0.9645757374875704,
                    0.954177897574124
                ],
                "race": [
                    0.5354042402409497,
                    0.6086197636949516,
                    0.5660589410589411
                ]
            },
            "Validation": {
                "sex": [
                    0.9177125325858188,
                    0.9197772430827635,
                    0.9075521168653911
                ],
                "race": [
                    0.6122448979591837,
                    0.6011315417256011,
                    0.6697819314641744
                ]
            },
            "Test": {
                "sex": [
                    0.9543620953252812,
                    0.9724749614524442,
                    0.9677694137279378
                ],
                "race": [
                    0.7397476340694006,
                    0.750788643533123,
                    0.7823343848580442
                ]
            }
        },
        "EOR": {
            "Train": {
                "sex": [
                    0.9572128453394205,
                    0.9560862164920747,
                    0.9476627350722501
                ],
                "race": [
                    0.23157894736842105,
                    0.34736842105263155,
                    0.28641370869033045
                ]
            },
            "Validation": {
                "sex": [
                    0.9214604644217129,
                    0.9388214878752973,
                    0.9566837665476431
                ],
                "race": [
                    0.35,
                    0.35,
                    0.4375
                ]
            },
            "Test": {
                "sex": [
                    0.9416966341845243,
                    0.9088137200405454,
                    0.9196732332389431
                ],
                "race": [
                    0.48571428571428577,
                    0.42500000000000004,
                    0.48571428571428577
                ]
            }
        }
    },
    "MLP": {
        "AUC": {
            "Train": [
                0.6846385553302738,
                0.6893107119291896,
                0.7079921185803186
            ],
            "Validation": [
                0.7015737306998343,
                0.7067266808151916,
                0.716714146799574
            ],
            "Test": [
                0.7007552723508863,
                0.7062092213001128,
                0.7190463098164612
            ]
        },
        "DPR": {
            "Train": {
                "sex": [
                    0.7338699263977962,
                    0.6867838044308633,
                    0.6952857142857143
                ],
                "race": [
                    0.4300759013282733,
                    0.4059160647125545,
                    0.09956510279388507
                ]
            },
            "Validation": {
                "sex": [
                    0.7084195027649148,
                    0.5957241449251542,
                    0.6545377699223853
                ],
                "race": [
                    0.243324432576769,
                    0.26749021526418787,
                    0.27544080604534005
                ]
            },
            "Test": {
                "sex": [
                    0.732002661769693,
                    0.6344491576649292,
                    0.7359574623810982
                ],
                "race": [
                    0.4043329043329043,
                    0.2708657645790923,
                    0.1323271323271323
                ]
            }
        },
        "EOR": {
            "Train": {
                "sex": [
                    0.7567408812902444,
                    0.7349854527906747,
                    0.747125555399355
                ],
                "race": [
                    0.12088246019205055,
                    0.0,
                    0.0
                ]
            },
            "Validation": {
                "sex": [
                    0.7712005677691952,
                    0.5966556072925419,
                    0.6412983272405006
                ],
                "race": [
                    0.0,
                    0.0,
                    0.0
                ]
            },
            "Test": {
                "sex": [
                    0.7590913396539996,
                    0.6940008085745942,
                    0.839254147233014
                ],
                "race": [
                    0.0,
                    0.0,
                    0.0
                ]
            }
        }
    },