{
    "Random Forest": {
        "AUC": {
            "Train": [
                0.9750187886631759,
                0.9758507631443246,
                0.9746148295169955
            ],
            "Validation": [
                0.8089325196699007,
                0.8038872548657123,
                0.8081798779135116
            ],
            "Test": [
                0.8119225135389906,
                0.8093060920836183,
                0.8078392140916401
            ]
        },
        "DPR": {
            "Train": {
                "sex": [
                    0.7130012443302692,
                    0.7318718381112985,
                    0.7211607642497402
                ],
                "race": [
                    0.4973666886109282,
                    0.4987072996314429,
                    0.4939522719843086
                ]
            },
            "Validation": {
                "sex": [
                    0.7450314951237937,
                    0.7530946065428824,
                    0.7233566124744868
                ],
                "race": [
                    0.34973347547974415,
                    0.3476579058923272,
                    0.3261744966442953
                ]
            },
            "Test": {
                "sex": [
                    0.7663079784463351,
                    0.797525674507116,
                    0.7858259491127978
                ],
                "race": [
                    0.37037037037037035,
                    0.44444444444444436,
                    0.37037037037037035
                ]
            }
        },
        "EOR": {
            "Train": {
                "sex": [
                    0.4471715792148393,
                    0.5858510629494468,
                    0.51623783140827
                ],
                "race": [
                    0.0,
                    0.0,
                    0.0
                ]
            },
            "Validation": {
                "sex": [
                    0.7578759899021336,
                    0.7873758427255417,
                    0.7206971677559912
                ],
                "race": [
                    0.0,
                    0.0,
                    0.0
                ]
            },
            "Test": {
                "sex": [
                    0.8335599070565665,
                    0.8695326683011735,
                    0.8500023693313747
                ],
                "race": [
                    0.34183584938400136,
                    0.482843137254902,
                    0.4994929006085193
                ]
            }
        }
    },
    "SVM": {
        "AUC": {
            "Train": [
                0.7094400527861514,
                0.7094410635503863,
                0.709440399333889
            ],
            "Validation": [
                0.7118394222521296,
                0.7118359559867486,
                0.7118380357459774
            ],
            "Test": [
                0.711563591667745,
                0.7115588553314973,
                0.7115560828419866
            ]
        },
        "DPR": {
            "Train": {
                "sex": [
                    0.8316985921994,
                    0.8316985921994,
                    0.8316985921994
                ],
                "race": [
                    0.36544663011931633,
                    0.36544663011931633,
                    0.36544663011931633
                ]
            },
            "Validation": {
                "sex": [
                    0.845409429280397,
                    0.845409429280397,
                    0.845409429280397
                ],
                "race": [
                    0.5357142857142857,
                    0.5357142857142857,
                    0.5357142857142857
                ]
            },
            "Test": {
                "sex": [
                    0.8904347709813937,
                    0.8904347709813937,
                    0.8904347709813937
                ],
                "race": [
                    0.47619047619047616,
                    0.47619047619047616,
                    0.47619047619047616
                ]
            }
        },
        "EOR": {
            "Train": {
                "sex": [
                    0.7646411048876333,
                    0.7646411048876333,
                    0.7646411048876333
                ],
                "race": [
                    0.23109097246427326,
                    0.23109097246427326,
                    0.23109097246427326
                ]
            },
            "Validation": {
                "sex": [
                    0.8873448612010704,
                    0.8873448612010704,
                    0.8873448612010704
                ],
                "race": [
                    0.0,
                    0.0,
                    0.0
                ]
            },
            "Test": {
                "sex": [
                    0.8579919601177711,
                    0.8579919601177711,
                    0.8579919601177711
                ],
                "race": [
                    0.0,
                    0.0,
                    0.0
                ]
            }
        }
    },
    "MLP": {
        "AUC": {
            "Train": [
                0.745127769840551,
                0.7447221357136389,
                0.755942485089206
            ],
            "Validation": [
                0.748279345864884,
                0.7432160564807146,
                0.7525158154135116
            ],
            "Test": [
                0.7402114947415115,
                0.7382615104522855,
                0.744540968153337
            ]
        },
        "DPR": {
            "Train": {
                "sex": [
                    0.767073573078192,
                    0.8655381754539488,
                    0.7480328728798741
                ],
                "race": [
                    0.3462208236588048,
                    0.5951943277310925,
                    0.3877673224978614
                ]
            },
            "Validation": {
                "sex": [
                    0.7431461969452221,
                    0.8963889488916439,
                    0.7507773923689043
                ],
                "race": [
                    0.41694204372140314,
                    0.6723927068151937,
                    0.388592750533049
                ]
            },
            "Test": {
                "sex": [
                    0.77701248765345,
                    0.8936846908556526,
                    0.7545119687121804
                ],
                "race": [
                    0.27809195967543643,
                    0.5,
                    0.4166666666666667
                ]
            }
        },
        "EOR": {
            "Train": {
                "sex": [
                    0.7473920676868329,
                    0.8489077291727108,
                    0.7279832166899637
                ],
                "race": [
                    0.164857024450891,
                    0.4398496240601503,
                    0.15105946684894053
                ]
            },
            "Validation": {
                "sex": [
                    0.8159355717850963,
                    0.9228011446924329,
                    0.8206857687806147
                ],
                "race": [
                    0.0,
                    0.5204190340909091,
                    0.0
                ]
            },
            "Test": {
                "sex": [
                    0.8432695307876871,
                    0.9229398663697104,
                    0.76728260603539
                ],
                "race": [
                    0.0,
                    0.4051830522418758,
                    0.0
                ]
            }
        }
    },