{
    "Random Forest": {
        "AUC": {
            "Train": [
                0.7034880665131383,
                0.6948433754396535,
                0.698856946942155
            ],
            "Validation": [
                0.7140379588411027,
                0.7038637766948652,
                0.704250034200485
            ],
            "Test": [
                0.7102022993179676,
                0.6951319705007115,
                0.7022570375025414
            ]
        },
        "DPR": {
            "Train": {
                "sex": [
                    0.4141829393627955,
                    0.3662984844592859,
                    0.4890237175951462
                ],
                "race": [
                    0.4477807030309444,
                    0.5453786356510637,
                    0.4635740582815067
                ]
            },
            "Validation": {
                "sex": [
                    0.44704977707545573,
                    0.3263543276362146,
                    0.4919311556281175
                ],
                "race": [
                    0.3978122235854709,
                    0.3515700353659843,
                    0.42577038602736683
                ]
            },
            "Test": {
                "sex": [
                    0.3822704493119598,
                    0.369210914908438,
                    0.5023494702296846
                ],
                "race": [
                    0.40174517374517377,
                    0.49781467181467187,
                    0.42921183083892694
                ]
            }
        },
        "EOR": {
            "Train": {
                "sex": [
                    0.35570509292982627,
                    0.3133964264677008,
                    0.426684090124861
                ],
                "race": [
                    0.3194838571505059,
                    0.32409972299168976,
                    0.35664335664335667
                ]
            },
            "Validation": {
                "sex": [
                    0.39421801934264544,
                    0.30309693971046364,
                    0.4469439800037156
                ],
                "race": [
                    0.0,
                    0.0,
                    0.2576476793248945
                ]
            },
            "Test": {
                "sex": [
                    0.33467325764571676,
                    0.32767219698530586,
                    0.4696864723834115
                ],
                "race": [
                    0.0,
                    0.37147677649861055,
                    0.35348211281821246
                ]
            }
        }
    },
    "SVM": {
        "AUC": {
            "Train": [
                0.6789954874863923,
                0.6805766404183708,
                0.6789662619605176
            ],
            "Validation": [
                0.6891693534074775,
                0.6880282588440606,
                0.6858269492427828
            ],
            "Test": [
                0.6817280233998115,
                0.6809017060052123,
                0.6788441722270484
            ]
        },
        "DPR": {
            "Train": {
                "sex": [
                    0.9573905862923203,
                    0.962900157167673,
                    0.9513825584928592
                ],
                "race": [
                    0.5345203702611874,
                    0.6068453620515263,
                    0.5645784032880807
                ]
            },
            "Validation": {
                "sex": [
                    0.9140712760216761,
                    0.9187236609028292,
                    0.9130358154567227
                ],
                "race": [
                    0.6122448979591837,
                    0.6011315417256011,
                    0.6645898234683282
                ]
            },
            "Test": {
                "sex": [
                    0.9553561021098029,
                    0.9706399748035366,
                    0.967169804425752
                ],
                "race": [
                    0.7397476340694006,
                    0.750788643533123,
                    0.7823343848580442
                ]
            }
        },
        "EOR": {
            "Train": {
                "sex": [
                    0.9576420887678239,
                    0.9569425409134737,
                    0.9518902268272191
                ],
                "race": [
                    0.23157894736842105,
                    0.34736842105263155,
                    0.2856322251741222
                ]
            },
            "Validation": {
                "sex": [
                    0.9206493196466938,
                    0.9371671768834465,
                    0.9558044616151544
                ],
                "race": [
                    0.35,
                    0.35,
                    0.4375
                ]
            },
            "Test": {
                "sex": [
                    0.9425389388662636,
                    0.9136693587941013,
                    0.920537587781461
                ],
                "race": [
                    0.48571428571428577,
                    0.42500000000000004,
                    0.48571428571428577
                ]
            }
        }
    },
    "MLP": {
        "AUC": {
            "Train": [
                0.7036130836094934,
                0.7027584391305071,
                0.7106138677315077
            ],
            "Validation": [
                0.7154863956016327,
                0.7143168776620918,
                0.718574375887364
            ],
            "Test": [
                0.7165392861763672,
                0.7147898452950852,
                0.7214318059996674
            ]
        },
        "DPR": {
            "Train": {
                "sex": [
                    0.4860627177700348,
                    0.3884195538680588,
                    0.4517487046632124
                ],
                "race": [
                    0.28619349886480605,
                    0.2864491178403519,
                    0.2979009173859737
                ]
            },
            "Validation": {
                "sex": [
                    0.43270427942652273,
                    0.3338255775704597,
                    0.39454669635325007
                ],
                "race": [
                    0.27930471254864797,
                    0.18533898305084748,
                    0.18074380165289256
                ]
            },
            "Test": {
                "sex": [
                    0.4739646816164942,
                    0.3827446892161868,
                    0.46074736255701404
                ],
                "race": [
                    0.2633759085456213,
                    0.1781874039938556,
                    0.2601794340924775
                ]
            }
        },
        "EOR": {
            "Train": {
                "sex": [
                    0.46317644357326604,
                    0.3770589627997546,
                    0.42912694878566277
                ],
                "race": [
                    0.09932088285229201,
                    0.0,
                    0.0
                ]
            },
            "Validation": {
                "sex": [
                    0.37453553599917655,
                    0.2684312250106965,
                    0.35023080506500653
                ],
                "race": [
                    0.0,
                    0.0,
                    0.0
                ]
            },
            "Test": {
                "sex": [
                    0.4491688195991091,
                    0.38624585800423705,
                    0.4629921940882652
                ],