{
    "Random Forest": {
        "AUC": {
            "Train": [
                0.4687682803931607,
                0.3846285401006559,
                0.4708546132896898
            ],
            "Validation": [
                0.4806407923050757,
                0.39164639286559394,
                0.49248282581045905
            ],
            "Test": [
                0.46944728111195316,
                0.37904413803301107,
                0.48797409570633793
            ]
        },
        "DPR": {
            "Train": {
                "sex": [
                    0.9990094001601821,
                    0.9953766542246352,
                    0.9928385829266747
                ],
                "race": [
                    0.9933444259567388,
                    0.9642857142857143,
                    0.9642857142857143
                ]
            },
            "Validation": {
                "sex": [
                    0.9994129732902847,
                    0.9949384471328045,
                    0.9961858917914098
                ],
                "race": [
                    0.9985984583041345,
                    0.9801980198019802,
                    0.9859845830413455
                ]
            },
            "Test": {
                "sex": [
                    0.9989520363241722,
                    0.9919353691385502,
                    0.9929989451975
                ],
                "race": [
                    0.9968454258675079,
                    0.98894783377542,
                    0.9523809523809523
                ]
            }
        },
        "EOR": {
            "Train": {
                "sex": [
                    0.9986222023782307,
                    0.9932823387205921,
                    0.9924935178267904
                ],
                "race": [
                    0.9911894273127754,
                    0.8888888888888888,
                    0.8888888888888888
                ]
            },
            "Validation": {
                "sex": [
                    0.9993954050785974,
                    0.9893206575559518,
                    0.9939540507859734
                ],
                "race": [
                    0.9984076433121019,
                    0.9753086419753086,
                    0.975
                ]
            },
            "Test": {
                "sex": [
                    0.9966329966329966,
                    0.9800476676881171,
                    0.9927888374897542
                ],
                "race": [
                    0.9924242424242424,
                    0.9733333333333334,
                    0.75
                ]
            }
        }
    },
    "SVM": {
        "AUC": {
            "Train": [
                0.5013911581348154,
                0.5533582439548212,
                0.5773939864264183
            ],
            "Validation": [
                0.5117513328945812,
                0.5454882627632514,
                0.5799383189629673
            ],
            "Test": [
                0.5079032123911797,
                0.5492285547936343,
                0.5771639280631389
            ]
        },
        "DPR": {
            "Train": {
                "sex": [
                    1.0,
                    1.0,
                    1.0
                ],
                "race": [
                    1.0,
                    1.0,
                    1.0
                ]
            },
            "Validation": {
                "sex": [
                    1.0,
                    1.0,
                    1.0
                ],
                "race": [
                    1.0,
                    1.0,
                    1.0
                ]
            },
            "Test": {
                "sex": [
                    1.0,
                    1.0,
                    1.0
                ],
                "race": [
                    1.0,
                    1.0,
                    1.0
                ]
            }
        },
        "EOR": {
            "Train": {
                "sex": [
                    1.0,
                    1.0,
                    1.0
                ],
                "race": [
                    1.0,
                    1.0,
                    1.0
                ]
            },
            "Validation": {
                "sex": [
                    1.0,
                    1.0,
                    1.0
                ],
                "race": [
                    1.0,
                    1.0,
                    1.0
                ]
            },
            "Test": {
                "sex": [
                    1.0,
                    1.0,
                    1.0
                ],
                "race": [
                    1.0,
                    1.0,
                    1.0
                ]
            }
        }
    },
    "MLP": {
        "AUC": {
            "Train": [
                0.3746085743303312,
                0.38405384843572976,
                0.3816214298652068
            ],
            "Validation": [
                0.3590993163600331,
                0.3761384370932915,
                0.3710960608435873
            ],
            "Test": [
                0.3668554655009889,
                0.3823764393841377,
                0.3790339722381384
            ]
        },
        "DPR": {
            "Train": {
                "sex": [
                    0.9994687407029623,
                    0.9939111283845058,
                    0.9967461805331093
                ],
                "race": [
                    0.9642857142857143,
                    0.9693446088794927,
                    0.9642857142857143
                ]
            },
            "Validation": {
                "sex": [
                    0.998993276623993,
                    0.9920029509991353,
                    0.9969418058996582
                ],
                "race": [
                    0.9875389408099688,
                    0.9,
                    0.9734796524919982
                ]
            },
            "Test": {
                "sex": [
                    0.9974015749281346,
                    0.9875047634328807,
                    0.9963507241312133
                ],
                "race": [
                    0.8571428571428571,
                    0.8571428571428571,
                    0.8571428571428571
                ]
            }
        },
        "EOR": {
            "Train": {
                "sex": [
                    0.9968437204200041,
                    0.9902392170427157,
                    0.9917260987058294
                ],
                "race": [
                    0.9473684210526315,
                    0.9251810136765889,
                    0.9473684210526315
                ]
            },
            "Validation": {
                "sex": [
                    0.9982498418648691,
                    0.9882270787025197,
                    0.9917087947754587
                ],
                "race": [
                    0.9800995024875622,
                    0.8571428571428571,
                    0.9701492537313433
                ]
            },
            "Test": {
                "sex": [
                    0.987482669835611,
                    0.9768631557725908,
                    0.9866387148918974
                ],
                "race": [
                    0.7777777777777778,
                    0.7777777777777778,
                    0.7777777777777778
                ]
            }
        }
    },
    "XGBoost": {
        "AUC": {
            "Train": [
                0.4571891385932195,
                0.4053664187849204,
                0.467270154523326
            ],
            "Validation": [
                0.4804635506019286,
                0.4093736828191552,
                0.4847111121997752
            ],