{
    "Random Forest": {
        "AUC": {
            "Train": [
                0.720170787966384,
                0.7182003175301405,
                0.7189378866317593
            ],
            "Validation": [
                0.7208819842936584,
                0.7200971062692263,
                0.7231039759450425
            ],
            "Test": [
                0.7254249995379184,
                0.7371498576788718,
                0.7332135001755911
            ]
        },
        "DPR": {
            "Train": {
                "sex": [
                    0.7993181517277904,
                    0.8353143116235384,
                    0.8311717714026974
                ],
                "race": [
                    0.6445772139419031,
                    0.5084033613445378,
                    0.5481137053159213
                ]
            },
            "Validation": {
                "sex": [
                    0.793717967061793,
                    0.8465845920550772,
                    0.8494008757031335
                ],
                "race": [
                    0.6663661607277479,
                    0.48695226220163873,
                    0.586536742356517
                ]
            },
            "Test": {
                "sex": [
                    0.7971307056280663,
                    0.8613040088371209,
                    0.8432693664456047
                ],
                "race": [
                    0.6022368798394035,
                    0.3888888888888889,
                    0.520673284419508
                ]
            }
        },
        "EOR": {
            "Train": {
                "sex": [
                    0.771009418858393,
                    0.8250227135481555,
                    0.8283562220682723
                ],
                "race": [
                    0.4847672434803802,
                    0.26865066858763675,
                    0.2754847645429363
                ]
            },
            "Validation": {
                "sex": [
                    0.8242507046760952,
                    0.9008714596949892,
                    0.8941652205409322
                ],
                "race": [
                    0.429261862917399,
                    0.21276132404181186,
                    0.21500880281690143
                ]
            },
            "Test": {
                "sex": [
                    0.8443519456371668,
                    0.8835022415589049,
                    0.8776037830139899
                ],
                "race": [
                    0.5,
                    0.39215686274509803,
                    0.41166022359210114
                ]
            }
        }
    },
    "SVM": {
        "AUC": {
            "Train": [
                0.6851443706323433,
                0.6830229497773778,
                0.6791743638769728
            ],
            "Validation": [
                0.6939941637334359,
                0.6899977908335306,
                0.6893056931791292
            ],
            "Test": [
                0.6884032539785225,
                0.6867511967913055,
                0.6875360423636396
            ]
        },
        "DPR": {
            "Train": {
                "sex": [
                    0.9885551235419542,
                    0.9983927798726586,
                    0.9806772322741
                ],
                "race": [
                    0.7208969465648856,
                    0.7152098453770905,
                    0.722534369396294
                ]
            },
            "Validation": {
                "sex": [
                    0.9672714023377154,
                    0.998515031248151,
                    0.9960786815120971
                ],
                "race": [
                    0.6715126341294565,
                    0.6749740394600207,
                    0.7376237623762376
                ]
            },
            "Test": {
                "sex": [
                    0.9585032714296695,
                    0.9798126112228825,
                    0.9859781125145792
                ],
                "race": [
                    0.852365930599369,
                    0.8551351351351351,
                    0.8333333333333334
                ]
            }
        },
        "EOR": {
            "Train": {
                "sex": [
                    0.967388439553923,
                    0.9614734838139424,
                    0.9500191935071108
                ],
                "race": [
                    0.506578947368421,
                    0.506578947368421,
                    0.6513157894736842
                ]
            },
            "Validation": {
                "sex": [
                    0.9470383839110325,
                    0.9139167923568948,
                    0.9252968090629998
                ],
                "race": [
                    0.512396694214876,
                    0.527363184079602,
                    0.6694214876033058
                ]
            },
            "Test": {
                "sex": [
                    0.9566763821950409,
                    0.9557208294340737,
                    0.9446782178217823
                ],
                "race": [
                    0.68,
                    0.68,
                    0.75
                ]
            }
        }
    },
    "MLP": {
        "AUC": {
            "Train": [
                0.7355143623244389,
                0.7143208311231289,
                0.7257463367593813
            ],
            "Validation": [
                0.7492205524579981,
                0.7273588167001893,
                0.7308334011180786
            ],
            "Test": [
                0.7430701624678853,
                0.7238057501432453,
                0.7341427462432767
            ]
        },
        "DPR": {
            "Train": {
                "sex": [
                    0.7455729610080027,
                    0.7355183469896687,
                    0.7780123806324679
                ],
                "race": [
                    0.3152119492656876,
                    0.4354885195503891,
                    0.35056920126214197
                ]
            },
            "Validation": {
                "sex": [
                    0.7309845791488733,
                    0.7775606242173719,
                    0.810629801585722
                ],
                "race": [
                    0.37491428571428564,
                    0.30612244897959184,
                    0.42411118293471234
                ]
            },
            "Test": {
                "sex": [
                    0.7336308131838166,
                    0.7324396782841823,
                    0.7934349934019578
                ],
                "race": [
                    0.4166666666666667,
                    0.4666666666666666,
                    0.38095238095238093
                ]
            }
        },
        "EOR": {
            "Train": {
                "sex": [
                    0.7482236523118967,
                    0.6817058175168996,
                    0.7844419048417873
                ],
                "race": [
                    0.0,
                    0.21451682484900778,
                    0.16204986149584485
                ]
            },
            "Validation": {
                "sex": [
                    0.7965600275197798,
                    0.8290228156702354,
                    0.8751900022259675
                ],
                "race": [
                    0.0,
                    0.0,
                    0.0
                ]
            },
            "Test": {
                "sex": [
                    0.7616372020811577,
                    0.7176137838687199,
                    0.851697580713715
                ],