{
    "Random Forest": {
        "AUC": {
            "Train": [
                1.0,
                1.0,
                1.0
            ],
            "Validation": [
                0.8311788953428182,
                0.8316515783986038,
                0.8324715812455632
            ],
            "Test": [
                0.8293001312311702,
                0.8324190664103654,
                0.83189830046393
            ]
        },
        "DPR": {
            "Train": {
                "sex": [
                    0.7527703324398928,
                    0.7527703324398928,
                    0.7527703324398928
                ],
                "race": [
                    0.5727341644204852,
                    0.5727341644204852,
                    0.5727341644204852
                ]
            },
            "Validation": {
                "sex": [
                    0.7082242354606172,
                    0.699618054129533,
                    0.7107584773102014
                ],
                "race": [
                    0.4730182761976857,
                    0.46770744225834043,
                    0.467008327994875
                ]
            },
            "Test": {
                "sex": [
                    0.6948585937757474,
                    0.6734853118551251,
                    0.6917593727167018
                ],
                "race": [
                    0.44444444444444436,
                    0.39999999999999997,
                    0.44444444444444436
                ]
            }
        },
        "EOR": {
            "Train": {
                "sex": [
                    1.0,
                    1.0,
                    1.0
                ],
                "race": [
                    1.0,
                    1.0,
                    1.0
                ]
            },
            "Validation": {
                "sex": [
                    0.7053631854633106,
                    0.723777070182299,
                    0.6969379204673323
                ],
                "race": [
                    0.0,
                    0.0,
                    0.0
                ]
            },
            "Test": {
                "sex": [
                    0.6218763078018347,
                    0.5789871211387625,
                    0.6116133164475888
                ],
                "race": [
                    0.3479950538774068,
                    0.3543802842237812,
                    0.3632675640789231
                ]
            }
        }
    },
    "SVM": {
        "AUC": {
            "Train": [
                0.7096082439548212,
                0.7096062801843079,
                0.7096041142609477
            ],
            "Validation": [
                0.7119778417830099,
                0.7119794593735211,
                0.7119783039517275
            ],
            "Test": [
                0.7117054507143782,
                0.7117137681829104,
                0.7117061438367559
            ]
        },
        "DPR": {
            "Train": {
                "sex": [
                    0.8320346320346319,
                    0.8320346320346319,
                    0.8320346320346319
                ],
                "race": [
                    0.36544663011931633,
                    0.36544663011931633,
                    0.36544663011931633
                ]
            },
            "Validation": {
                "sex": [
                    0.845409429280397,
                    0.845409429280397,
                    0.845409429280397
                ],
                "race": [
                    0.5357142857142857,
                    0.5357142857142857,
                    0.5357142857142857
                ]
            },
            "Test": {
                "sex": [
                    0.8904347709813937,
                    0.8904347709813937,
                    0.8904347709813937
                ],
                "race": [
                    0.47619047619047616,
                    0.47619047619047616,
                    0.47619047619047616
                ]
            }
        },
        "EOR": {
            "Train": {
                "sex": [
                    0.7634825577590156,
                    0.7634825577590156,
                    0.7634825577590156
                ],
                "race": [
                    0.23109097246427326,
                    0.23109097246427326,
                    0.23109097246427326
                ]
            },
            "Validation": {
                "sex": [
                    0.8873448612010704,
                    0.8873448612010704,
                    0.8873448612010704
                ],
                "race": [
                    0.0,
                    0.0,
                    0.0
                ]
            },
            "Test": {
                "sex": [
                    0.8579919601177711,
                    0.8579919601177711,
                    0.8579919601177711
                ],
                "race": [
                    0.0,
                    0.0,
                    0.0
                ]
            }
        }
    },
    "MLP": {
        "AUC": {
            "Train": [
                0.7474960770796099,
                0.7330551440622048,
                0.757031684628621
            ],
            "Validation": [
                0.7486171911973497,
                0.7267693205010648,
                0.7539580128963559
            ],
            "Test": [
                0.7427878306193741,
                0.7311715616509251,
                0.7471126832153485
            ]
        },
        "DPR": {
            "Train": {
                "sex": [
                    0.6151194745912711,
                    0.753672842890034,
                    0.5937445088736601
                ],
                "race": [
                    0.34711161480029407,
                    0.5567743764172336,
                    0.39421961966604824
                ]
            },
            "Validation": {
                "sex": [
                    0.6251919815628125,
                    0.7784668597495339,
                    0.595060599877576
                ],
                "race": [
                    0.41546352583586627,
                    0.5978676872607982,
                    0.36480400333611346
                ]
            },
            "Test": {
                "sex": [
                    0.6578083328809605,
                    0.796433835600885,
                    0.6406012666107787
                ],
                "race": [
                    0.3720700715519368,
                    0.4516322252171308,
                    0.41621621621621624
                ]
            }
        },
        "EOR": {
            "Train": {
                "sex": [
                    0.5617270280621217,
                    0.7008158290068073,
                    0.5271313126410562
                ],
                "race": [
                    0.16884550084889643,
                    0.36348684210526316,
                    0.15554860405098928
                ]
            },
            "Validation": {
                "sex": [
                    0.6194854589670142,
                    0.7645835794937491,
                    0.6045583305679397
                ],
                "race": [
                    0.0,
                    0.3411312849162011,
                    0.0
                ]
            },
            "Test": {
                "sex": [
                    0.6780930247571092,
                    0.8226535157492842,
                    0.637010465735065
                ],
                "race": [
                    0.0,
                    0.39523312735735494,
                    0.0
                ]
            }
        }
    },