{
    "Random Forest": {
        "AUC": {
            "Train": [
                0.9331841811123165,
                0.9301759734756982,
                0.9261543736172746
            ],
            "Validation": [
                0.7687362042637838,
                0.7735387149491246,
                0.7716610389922505
            ],
            "Test": [
                0.765456975583609,
                0.7633238914662772,
                0.7578759495776574
            ]
        },
        "DPR": {
            "Train": {
                "sex": [
                    0.7437295528898582,
                    0.722156304382218,
                    0.7256423873524244
                ],
                "race": [
                    0.3807750462003696,
                    0.49947661285879563,
                    0.39285714285714285
                ]
            },
            "Validation": {
                "sex": [
                    0.8025740962823369,
                    0.8237999953667775,
                    0.8065292571179872
                ],
                "race": [
                    0.4908540006733251,
                    0.5952380952380952,
                    0.498688861019268
                ]
            },
            "Test": {
                "sex": [
                    0.7757593069075337,
                    0.8025921799380245,
                    0.8036882821018649
                ],
                "race": [
                    0.2962962962962963,
                    0.2962962962962963,
                    0.4166666666666667
                ]
            }
        },
        "EOR": {
            "Train": {
                "sex": [
                    0.7973315381522725,
                    0.7185225579567949,
                    0.7086013596135736
                ],
                "race": [
                    0.3153138871274572,
                    0.28947368421052627,
                    0.0
                ]
            },
            "Validation": {
                "sex": [
                    0.868636887690837,
                    0.8645946686499394,
                    0.8899653613263174
                ],
                "race": [
                    0.0,
                    0.2916666666666667,
                    0.0
                ]
            },
            "Test": {
                "sex": [
                    0.8262546254972138,
                    0.8430345713196492,
                    0.8809963528482015
                ],
                "race": [
                    0.3214285714285714,
                    0.2941176470588235,
                    0.32279206947402916
                ]
            }
        }
    },
    "SVM": {
        "AUC": {
            "Train": [
                0.6883304727742856,
                0.6886395067193296,
                0.6885866293103607
            ],
            "Validation": [
                0.6916951054484146,
                0.6914801969947941,
                0.6914186130131921
            ],
            "Test": [
                0.6876502920355618,
                0.6893910688871228,
                0.6890428904127314
            ]
        },
        "DPR": {
            "Train": {
                "sex": [
                    0.8466122779610021,
                    0.8352691468663404,
                    0.8254165925398801
                ],
                "race": [
                    0.36877643996095016,
                    0.3756214782896917,
                    0.3789183315221934
                ]
            },
            "Validation": {
                "sex": [
                    0.8608525164822981,
                    0.8592686002522069,
                    0.8493268110063175
                ],
                "race": [
                    0.5171339563862928,
                    0.4984423676012461,
                    0.4984423676012461
                ]
            },
            "Test": {
                "sex": [
                    0.9231791778373547,
                    0.8977493943466308,
                    0.9007323556412165
                ],
                "race": [
                    0.6306306306306307,
                    0.5555555555555556,
                    0.5555555555555556
                ]
            }
        },
        "EOR": {
            "Train": {
                "sex": [
                    0.7991841364856985,
                    0.7847139970737824,
                    0.7524104613686979
                ],
                "race": [
                    0.2300751879699248,
                    0.23684210526315788,
                    0.24345165238678088
                ]
            },
            "Validation": {
                "sex": [
                    0.9138523164629284,
                    0.9114699474561067,
                    0.8928991458923785
                ],
                "race": [
                    0.21875,
                    0.21766169154228857,
                    0.20895522388059704
                ]
            },
            "Test": {
                "sex": [
                    0.9121839840699122,
                    0.8660356347438752,
                    0.8769981111330383
                ],
                "race": [
                    0.0,
                    0.0,
                    0.0
                ]
            }
        }
    },
    "MLP": {
        "AUC": {
            "Train": [
                0.7079735782763548,
                0.7327666430706162,
                0.7159106766275268
            ],
            "Validation": [
                0.7009370932915286,
                0.7161415197586369,
                0.7020980611097966
            ],
            "Test": [
                0.7023134114559266,
                0.7235423636397241,
                0.7063758017115502
            ]
        },
        "DPR": {
            "Train": {
                "sex": [
                    0.7482567495083139,
                    0.6975249116039858,
                    0.6679416077006438
                ],
                "race": [
                    0.24175824175824173,
                    0.14285714285714285,
                    0.26190476190476186
                ]
            },
            "Validation": {
                "sex": [
                    0.7685031918429925,
                    0.7415855195325924,
                    0.7447731191777677
                ],
                "race": [
                    0.5714285714285714,
                    0.5867203219315895,
                    0.5809606607259291
                ]
            },
            "Test": {
                "sex": [
                    0.7392816575461784,
                    0.7187947607911969,
                    0.7223602331701797
                ],
                "race": [
                    0.3333333333333333,
                    0.2857142857142857,
                    0.19047619047619047
                ]
            }
        },
        "EOR": {
            "Train": {
                "sex": [
                    0.6800778068902029,
                    0.6132638800660652,
                    0.6065737286471627
                ],
                "race": [
                    0.23157894736842105,
                    0.0,
                    0.20370370370370372
                ]
            },
            "Validation": {
                "sex": [
                    0.8344914574016742,
                    0.8163503387625073,
                    0.8010551678298439
                ],
                "race": [
                    0.0,
                    0.0,
                    0.0
                ]
            },
            "Test": {
                "sex": [
                    0.6915643578935744,
                    0.7026832113691802,
                    0.7251936309543596
                ],