{
    "Random Forest": {
        "AUC": {
            "Train": [
                0.7215720826225254,
                0.7300079209261234,
                0.7127650916919107
            ],
            "Validation": [
                0.718612620348734,
                0.729235106150911,
                0.716017427457998
            ],
            "Test": [
                0.7308140260244349,
                0.731038020072824,
                0.7144729728480861
            ]
        },
        "DPR": {
            "Train": {
                "sex": [
                    0.7146417445482866,
                    0.7303450101473572,
                    0.738095238095238
                ],
                "race": [
                    0.5238095238095238,
                    0.456219806763285,
                    0.37216748768472907
                ]
            },
            "Validation": {
                "sex": [
                    0.6971341760818873,
                    0.7645485169085537,
                    0.7535447527512164
                ],
                "race": [
                    0.26166547020818376,
                    0.36849199663016013,
                    0.49212421242124205
                ]
            },
            "Test": {
                "sex": [
                    0.7367804000207386,
                    0.7662567665805027,
                    0.7780796882673559
                ],
                "race": [
                    0.2962962962962963,
                    0.25,
                    0.4166666666666667
                ]
            }
        },
        "EOR": {
            "Train": {
                "sex": [
                    0.6915043141726327,
                    0.6936096084677607,
                    0.7534930663490845
                ],
                "race": [
                    0.2856322251741222,
                    0.1428161125870611,
                    0.24984298454967968
                ]
            },
            "Validation": {
                "sex": [
                    0.6409362163837866,
                    0.7803727294173154,
                    0.7890844902437861
                ],
                "race": [
                    0.0,
                    0.355014534883721,
                    0.3000614250614251
                ]
            },
            "Test": {
                "sex": [
                    0.789842625965974,
                    0.8287927210906968,
                    0.8452453263143686
                ],
                "race": [
                    0.1570221584568787,
                    0.3214285714285714,
                    0.3528884908195253
                ]
            }
        }
    },
    "SVM": {
        "AUC": {
            "Train": [
                0.6925569689825912,
                0.6939066857837801,
                0.6931847402093332
            ],
            "Validation": [
                0.7005183684335069,
                0.7012076930756034,
                0.7007365120681496
            ],
            "Test": [
                0.6971816488919282,
                0.699780973328651,
                0.697515156275992
            ]
        },
        "DPR": {
            "Train": {
                "sex": [
                    0.8724744017959809,
                    0.8564606901256323,
                    0.8774055213079602
                ],
                "race": [
                    0.34629488158899924,
                    0.35757671373353317,
                    0.4258097242053055
                ]
            },
            "Validation": {
                "sex": [
                    0.8698846792153081,
                    0.8620478803034584,
                    0.8817554163167233
                ],
                "race": [
                    0.6896877956480605,
                    0.6853582554517132,
                    0.5714285714285714
                ]
            },
            "Test": {
                "sex": [
                    0.9018954044806209,
                    0.8975976449561057,
                    0.9325698847247287
                ],
                "race": [
                    0.5714285714285714,
                    0.6306306306306307,
                    0.6666666666666666
                ]
            }
        },
        "EOR": {
            "Train": {
                "sex": [
                    0.8478277233799848,
                    0.8208657027381232,
                    0.8620903129806171
                ],
                "race": [
                    0.2036657792340774,
                    0.21234119782214153,
                    0.19826555023923445
                ]
            },
            "Validation": {
                "sex": [
                    0.9412799420559781,
                    0.9263198060140566,
                    0.969083658993043
                ],
                "race": [
                    0.2916666666666667,
                    0.2916666666666667,
                    0.21875
                ]
            },
            "Test": {
                "sex": [
                    0.8871753601217769,
                    0.8698753187681253,
                    0.9259059584642071
                ],
                "race": [
                    0.0,
                    0.0,
                    0.0
                ]
            }
        }
    },
    "MLP": {
        "AUC": {
            "Train": [
                0.7033786440649772,
                0.7346401378982758,
                0.7225999720913555
            ],
            "Validation": [
                0.722433253593824,
                0.7380536319066493,
                0.7308523500354944
            ],
            "Test": [
                0.7211473947840231,
                0.7422354120843576,
                0.7348513483540655
            ]
        },
        "DPR": {
            "Train": {
                "sex": [
                    0.7916765192716954,
                    0.6262840706752499,
                    0.8358338769297672
                ],
                "race": [
                    0.39285714285714285,
                    0.09821428571428571,
                    0.41299198250728864
                ]
            },
            "Validation": {
                "sex": [
                    0.8205787752893371,
                    0.6417162661041211,
                    0.8463642558690735
                ],
                "race": [
                    0.5095051719317865,
                    0.2778907242693774,
                    0.20745589072282297
                ]
            },
            "Test": {
                "sex": [
                    0.8035294117647058,
                    0.7168326881126165,
                    0.8274714086944718
                ],
                "race": [
                    0.5902702702702702,
                    0.1111111111111111,
                    0.456056313548275
                ]
            }
        },
        "EOR": {
            "Train": {
                "sex": [
                    0.782840634781303,
                    0.607447013994978,
                    0.8801603492967676
                ],
                "race": [
                    0.28267563598465106,
                    0.0,
                    0.09913277511961723
                ]
            },
            "Validation": {
                "sex": [
                    0.8784120604228148,
                    0.6260293194490603,
                    0.8985807016640049
                ],
                "race": [
                    0.23667635658914726,
                    0.0,
                    0.0
                ]
            },
            "Test": {
                "sex": [
                    0.8567523419008568,
                    0.7551702195354756,
                    0.8743336139169473
                ],