{
    "Random Forest": {
        "AUC": {
            "Train": [
                0.9730018519511101,
                0.9723906283788404,
                0.9724779295297485
            ],
            "Validation": [
                0.7900410267170492,
                0.7922163393279698,
                0.7924932939319097
            ],
            "Test": [
                0.779195700792932,
                0.7809464123985731,
                0.7744616749533298
            ]
        },
        "DPR": {
            "Train": {
                "sex": [
                    0.7489128684168144,
                    0.7271344514269703,
                    0.7503311524103881
                ],
                "race": [
                    0.3869948776323278,
                    0.3865328861349554,
                    0.3853062843542812
                ]
            },
            "Validation": {
                "sex": [
                    0.7727833544263565,
                    0.7745408932571376,
                    0.7225854433780321
                ],
                "race": [
                    0.47619047619047616,
                    0.47619047619047616,
                    0.6265470297029704
                ]
            },
            "Test": {
                "sex": [
                    0.7218852185372922,
                    0.7336293474963385,
                    0.70389028222203
                ],
                "race": [
                    0.37037037037037035,
                    0.2424242424242424,
                    0.3333333333333333
                ]
            }
        },
        "EOR": {
            "Train": {
                "sex": [
                    0.7684351588506583,
                    0.7462687600376585,
                    0.8376611955734095
                ],
                "race": [
                    0.0,
                    0.0,
                    0.0
                ]
            },
            "Validation": {
                "sex": [
                    0.7780253515547633,
                    0.7836707066861264,
                    0.764375783983627
                ],
                "race": [
                    0.2916666666666667,
                    0.0,
                    0.2916666666666667
                ]
            },
            "Test": {
                "sex": [
                    0.6799843587956272,
                    0.6952824458392387,
                    0.6117834689907651
                ],
                "race": [
                    0.4411764705882353,
                    0.25,
                    0.45022854240731336
                ]
            }
        }
    },
    "SVM": {
        "AUC": {
            "Train": [
                0.6885042953436923,
                0.6890603600677201,
                0.6886345395350901
            ],
            "Validation": [
                0.6917732119616659,
                0.691841150763133,
                0.6914027837346189
            ],
            "Test": [
                0.6877663900338243,
                0.6898108700072085,
                0.6890761602868603
            ]
        },
        "DPR": {
            "Train": {
                "sex": [
                    0.8431112137660237,
                    0.8356140143918839,
                    0.8235782482357824
                ],
                "race": [
                    0.36793831168831165,
                    0.3756214782896917,
                    0.3791401806624289
                ]
            },
            "Validation": {
                "sex": [
                    0.8601610686778947,
                    0.8592686002522069,
                    0.8500275757018672
                ],
                "race": [
                    0.5171339563862928,
                    0.4984423676012461,
                    0.4984423676012461
                ]
            },
            "Test": {
                "sex": [
                    0.9216431059940314,
                    0.8992697150821882,
                    0.8968330813743713
                ],
                "race": [
                    0.6306306306306307,
                    0.5555555555555556,
                    0.5555555555555556
                ]
            }
        },
        "EOR": {
            "Train": {
                "sex": [
                    0.7905095214244012,
                    0.7859212493769729,
                    0.7524104613686979
                ],
                "race": [
                    0.2285681452539646,
                    0.23684210526315788,
                    0.24345165238678088
                ]
            },
            "Validation": {
                "sex": [
                    0.9112263040592993,
                    0.9087970150588747,
                    0.8955408593417642
                ],
                "race": [
                    0.21875,
                    0.21766169154228857,
                    0.20895522388059704
                ]
            },
            "Test": {
                "sex": [
                    0.9132288683586521,
                    0.8714823997422644,
                    0.8656085252741675
                ],
                "race": [
                    0.0,
                    0.0,
                    0.0
                ]
            }
        }
    },
    "MLP": {
        "AUC": {
            "Train": [
                0.7182748252937339,
                0.733284731938394,
                0.7166996503102296
            ],
            "Validation": [
                0.7057561265085186,
                0.715091703516919,
                0.7013498099562233
            ],
            "Test": [
                0.712292525368279,
                0.724608847938192,
                0.7063670221614328
            ]
        },
        "DPR": {
            "Train": {
                "sex": [
                    0.5723247893887794,
                    0.5560100692259282,
                    0.4762112071646246
                ],
                "race": [
                    0.09390536957242293,
                    0.2809420514409668,
                    0.20073509875121778
                ]
            },
            "Validation": {
                "sex": [
                    0.603774124211104,
                    0.5955373855962909,
                    0.55865927176272
                ],
                "race": [
                    0.5260101704233094,
                    0.42068479097204414,
                    0.5788894997251236
                ]
            },
            "Test": {
                "sex": [
                    0.5908033729749547,
                    0.5692990165234995,
                    0.5527692115852226
                ],
                "race": [
                    0.2525540110534249,
                    0.28172873334163656,
                    0.3333333333333333
                ]
            }
        },
        "EOR": {
            "Train": {
                "sex": [
                    0.5165781332088029,
                    0.4865993079980283,
                    0.43211296161105706
                ],
                "race": [
                    0.0,
                    0.0,
                    0.0
                ]
            },
            "Validation": {
                "sex": [
                    0.6359092656670511,
                    0.6331504402194718,
                    0.5920012449424215
                ],
                "race": [
                    0.0,
                    0.0,
                    0.0
                ]
            },
            "Test": {
                "sex": [
                    0.6083001348850341,
                    0.5537090971389412,
                    0.5418013746198242
                ],
                "race": [
                    0.0,
                    0.0,
                    0.0
                ]
            }
        }
    },