{
    "Random Forest": {
        "AUC": {
            "Train": [
                0.8855646810559448,
                0.8785113660726993,
                0.8814197390818981
            ],
            "Validation": [
                0.7661726699301941,
                0.7699890281146475,
                0.7768353644107904
            ],
            "Test": [
                0.771921843520692,
                0.7654246298726503,
                0.7718832597083342
            ]
        },
        "DPR": {
            "Train": {
                "sex": [
                    0.7584978706929926,
                    0.773419695334053,
                    0.7336046144121364
                ],
                "race": [
                    0.35896420652518213,
                    0.37032296715865143,
                    0.20952380952380953
                ]
            },
            "Validation": {
                "sex": [
                    0.7543151812698562,
                    0.8362035189797031,
                    0.8015197586265711
                ],
                "race": [
                    0.4780850366160236,
                    0.4896999552171966,
                    0.35611159357359967
                ]
            },
            "Test": {
                "sex": [
                    0.7937425630260699,
                    0.8302277324301034,
                    0.7745808621680518
                ],
                "race": [
                    0.40012736149437483,
                    0.6573670444638187,
                    0.3182105929520996
                ]
            }
        },
        "EOR": {
            "Train": {
                "sex": [
                    0.8082897657880963,
                    0.8101917242515028,
                    0.7050328635579658
                ],
                "race": [
                    0.0,
                    0.0,
                    0.0
                ]
            },
            "Validation": {
                "sex": [
                    0.8260902392668384,
                    0.9074101110919395,
                    0.8592927769398359
                ],
                "race": [
                    0.2916666666666667,
                    0.0,
                    0.3239389920424403
                ]
            },
            "Test": {
                "sex": [
                    0.796749349699927,
                    0.9015109577695671,
                    0.7595078205052207
                ],
                "race": [
                    0.3057581871798852,
                    0.5,
                    0.3009931245225363
                ]
            }
        }
    },
    "SVM": {
        "AUC": {
            "Train": [
                0.7020938760856186,
                0.7053202066441056,
                0.7040510621919192
            ],
            "Validation": [
                0.705055016564127,
                0.7072953794220304,
                0.7082442117989824
            ],
            "Test": [
                0.7023404432286564,
                0.708439458070717,
                0.7054747426205572
            ]
        },
        "DPR": {
            "Train": {
                "sex": [
                    0.87339514978602,
                    0.8736526631263473,
                    0.8744415584415584
                ],
                "race": [
                    0.4059499928356498,
                    0.4172496318114875,
                    0.4134138333576536
                ]
            },
            "Validation": {
                "sex": [
                    0.8828636122845903,
                    0.890842045820591,
                    0.8977286700511181
                ],
                "race": [
                    0.47619047619047616,
                    0.5714285714285714,
                    0.47619047619047616
                ]
            },
            "Test": {
                "sex": [
                    0.9288666829149403,
                    0.930237559318146,
                    0.9278756208630021
                ],
                "race": [
                    0.6666666666666666,
                    0.6666666666666666,
                    0.5714285714285714
                ]
            }
        },
        "EOR": {
            "Train": {
                "sex": [
                    0.8614721652592702,
                    0.8610630082249074,
                    0.869872427640409
                ],
                "race": [
                    0.18727050183598531,
                    0.196405648267009,
                    0.19278860133759815
                ]
            },
            "Validation": {
                "sex": [
                    0.9650613180024945,
                    0.9810226523374147,
                    0.9770809598093002
                ],
                "race": [
                    0.21875,
                    0.21875,
                    0.21875
                ]
            },
            "Test": {
                "sex": [
                    0.9235702374334948,
                    0.9348567142388342,
                    0.9368222319434532
                ],
                "race": [
                    0.0,
                    0.0,
                    0.0
                ]
            }
        }
    },
    "MLP": {
        "AUC": {
            "Train": [
                0.7396502940573071,
                0.7457110096830057,
                0.7454047192408848
            ],
            "Validation": [
                0.740335127780407,
                0.7426764745030762,
                0.7464999963026502
            ],
            "Test": [
                0.7351955991349833,
                0.7431494094597342,
                0.7431886863944699
            ]
        },
        "DPR": {
            "Train": {
                "sex": [
                    0.7087198515769945,
                    0.7673267326732672,
                    0.889186958316137
                ],
                "race": [
                    0.0873015873015873,
                    0.2619047619047619,
                    0.5446353478313108
                ]
            },
            "Validation": {
                "sex": [
                    0.7112560172905,
                    0.7877007044365378,
                    0.9096909633395215
                ],
                "race": [
                    0.5021814006888634,
                    0.42857142857142855,
                    0.5357142857142857
                ]
            },
            "Test": {
                "sex": [
                    0.7319648902472652,
                    0.7779179589619583,
                    0.9009397638468998
                ],
                "race": [
                    0.24564261280338814,
                    0.41309409669908226,
                    0.4444444444444444
                ]
            }
        },
        "EOR": {
            "Train": {
                "sex": [
                    0.6816429816963154,
                    0.766510695382529,
                    0.9097386008097205
                ],
                "race": [
                    0.0,
                    0.14473684210526314,
                    0.3284210526315789
                ]
            },
            "Validation": {
                "sex": [
                    0.7232348338396392,
                    0.8622266533732136,
                    0.9163107789492415
                ],
                "race": [
                    0.0,
                    0.0,
                    0.175
                ]
            },
            "Test": {
                "sex": [
                    0.7923411893760595,
                    0.8188984259653161,
                    0.9161235842792959
                ],
                "race": [
                    0.0,
                    0.0,
                    0.36440991490936
                ]
            }
        }
    },