{
    "Random Forest": {
        "AUC": {
            "Train": [
                0.6787881075443905,
                0.6983414571824098,
                0.7119801610661471
            ],
            "Validation": [
                0.6801720839002603,
                0.7012433956090274,
                0.7246153831933271
            ],
            "Test": [
                0.6806273450640447,
                0.7133305916492616,
                0.7227074977358002
            ]
        },
        "DPR": {
            "Train": {
                "sex": [
                    0.8189197166469893,
                    0.6253488962192337,
                    0.6351275842801266
                ],
                "race": [
                    0.2094344853077065,
                    0.0,
                    0.1263800602208096
                ]
            },
            "Validation": {
                "sex": [
                    0.878102213296964,
                    0.7073264260347514,
                    0.6061493174613443
                ],
                "race": [
                    0.0,
                    0.398224650051212,
                    0.2517844807736588
                ]
            },
            "Test": {
                "sex": [
                    0.8857149877418193,
                    0.7482083708307223,
                    0.6731982337170792
                ],
                "race": [
                    0.0,
                    0.0,
                    0.16666666666666666
                ]
            }
        },
        "EOR": {
            "Train": {
                "sex": [
                    0.8932143259864512,
                    0.6806813076095688,
                    0.6442716043390686
                ],
                "race": [
                    0.0,
                    0.0,
                    0.0
                ]
            },
            "Validation": {
                "sex": [
                    0.9701692642869113,
                    0.5872347292826595,
                    0.5644013964354149
                ],
                "race": [
                    0.0,
                    0.0,
                    0.0
                ]
            },
            "Test": {
                "sex": [
                    0.8404857673267326,
                    0.861473999251777,
                    0.7577071855585511
                ],
                "race": [
                    0.0,
                    0.0,
                    0.0
                ]
            }
        }
    },
    "SVM": {
        "AUC": {
            "Train": [
                0.6974076843033281,
                0.7122936423738242,
                0.7149034356280646
            ],
            "Validation": [
                0.6965238442084714,
                0.7132607066005088,
                0.7153683114943209
            ],
            "Test": [
                0.6964085864000147,
                0.7153875478254441,
                0.7138816239395227
            ]
        },
        "DPR": {
            "Train": {
                "sex": [
                    0.7815126050420168,
                    0.5943104514533086,
                    0.63652249890782
                ],
                "race": [
                    0.0,
                    0.0,
                    0.0
                ]
            },
            "Validation": {
                "sex": [
                    0.9484674409828505,
                    0.8183232732513211,
                    0.6876081190174144
                ],
                "race": [
                    0.0,
                    0.0,
                    0.0
                ]
            },
            "Test": {
                "sex": [
                    0.36621983914209116,
                    0.9809459977020298,
                    0.8301615524594035
                ],
                "race": [
                    0.0,
                    0.0,
                    0.0
                ]
            }
        },
        "EOR": {
            "Train": {
                "sex": [
                    0.46335493160547153,
                    0.4436377004733238,
                    0.5110532333883877
                ],
                "race": [
                    0.0,
                    0.0,
                    0.0
                ]
            },
            "Validation": {
                "sex": [
                    0.0,
                    0.6551792434145376,
                    0.4804647785039942
                ],
                "race": [
                    0.0,
                    0.0,
                    0.0
                ]
            },
            "Test": {
                "sex": [
                    0.0,
                    0.2778465346534653,
                    0.5393491555037857
                ],
                "race": [
                    0.0,
                    0.0,
                    0.0
                ]
            }
        }
    },
    "MLP": {
        "AUC": {
            "Train": [
                0.7066053500501801,
                0.709678824177388,
                0.6356782331979794
            ],
            "Validation": [
                0.7158200814156412,
                0.7140941123402744,
                0.6453439736896593
            ],
            "Test": [
                0.7158794336728093,
                0.7217670461896752,
                0.6587321867548934
            ]
        },
        "DPR": {
            "Train": {
                "sex": [
                    0.5314285714285714,
                    0.5543500100462125,
                    0.6612475498674045
                ],
                "race": [
                    0.05597964376590331,
                    0.0,
                    0.1688142410248771
                ]
            },
            "Validation": {
                "sex": [
                    0.6221216314919463,
                    0.5817317619403103,
                    0.6537655816990969
                ],
                "race": [
                    0.0,
                    0.0,
                    0.3281812725090036
                ]
            },
            "Test": {
                "sex": [
                    0.6744003734201455,
                    0.5902885565119232,
                    0.5889289046977196
                ],
                "race": [
                    0.13243243243243244,
                    0.0,
                    0.44235846289234376
                ]
            }
        },
        "EOR": {
            "Train": {
                "sex": [
                    0.5690323721470704,
                    0.5258468796180517,
                    0.7130947032100244
                ],
                "race": [
                    0.0,
                    0.0,
                    0.0
                ]
            },
            "Validation": {
                "sex": [
                    0.7019777608012903,
                    0.5765577342047931,
                    0.6903115802293718
                ],
                "race": [
                    0.0,
                    0.0,
                    0.0
                ]
            },
            "Test": {
                "sex": [
                    0.7612038387439457,
                    0.5498638950754764,
                    0.6275517942184609
                ],
                "race": [
                    0.0,
                    0.0,
                    0.38240051763183436
                ]
            }
        }
    },
    "XGBoost": {
        "AUC": {
            "Train": [
                0.6501807073177945,
                0.6812014082313866,
                0.6839512934085696
            ],
            "Validation": [
                0.6633085872796379,
                0.6773519303862992,
                0.6906485243877188
            ],