{
    "Random Forest": {
        "AUC": {
            "Train": [
                0.6468536468835655,
                0.6375847944556059,
                0.6358113364082129
            ],
            "Validation": [
                0.6430179940768457,
                0.6405629538496806,
                0.6424498731809039
            ],
            "Test": [
                0.653510780363381,
                0.65574459826627,
                0.6473250097037133
            ]
        },
        "DPR": {
            "Train": {
                "sex": [
                    0.8021061660154388,
                    0.7867226890756301,
                    0.8638660917141929
                ],
                "race": [
                    0.4108929161082299,
                    0.39294382801664357,
                    0.32738095238095244
                ]
            },
            "Validation": {
                "sex": [
                    0.8215577525922354,
                    0.7948323799175483,
                    0.9031193703709517
                ],
                "race": [
                    0.27502515090543256,
                    0.23809523809523808,
                    0.26589665653495437
                ]
            },
            "Test": {
                "sex": [
                    0.7893740592506038,
                    0.8685703225476207,
                    0.9082833312055832
                ],
                "race": [
                    0.2774774774774775,
                    0.3333333333333333,
                    0.3363363363363363
                ]
            }
        },
        "EOR": {
            "Train": {
                "sex": [
                    0.8413889412038131,
                    0.7888066097569337,
                    0.8802521128125053
                ],
                "race": [
                    0.21197911115847812,
                    0.220852764823451,
                    0.1152909807558544
                ]
            },
            "Validation": {
                "sex": [
                    0.8493930905695611,
                    0.8196376388077148,
                    0.9292599567552485
                ],
                "race": [
                    0.0,
                    0.0,
                    0.0
                ]
            },
            "Test": {
                "sex": [
                    0.8421496114596012,
                    0.8489592967761508,
                    0.9510953788308619
                ],
                "race": [
                    0.0,
                    0.0,
                    0.33
                ]
            }
        }
    },
    "SVM": {
        "AUC": {
            "Train": [
                0.4731541019238482,
                0.4722210798981981,
                0.47494679337068035
            ],
            "Validation": [
                0.4733259324716043,
                0.470888223571344,
                0.47399977446166586
            ],
            "Test": [
                0.47405481211762746,
                0.4731179417037873,
                0.47611662015045375
            ]
        },
        "DPR": {
            "Train": {
                "sex": [
                    0.9998527029017529,
                    0.9988424951595252,
                    0.9988424951595252
                ],
                "race": [
                    0.9983361064891847,
                    0.9983361064891847,
                    0.9983361064891847
                ]
            },
            "Validation": {
                "sex": [
                    0.9986737400530504,
                    0.9986737400530504,
                    0.9986737400530504
                ],
                "race": [
                    0.9995427526291724,
                    0.9995427526291724,
                    0.9995427526291724
                ]
            },
            "Test": {
                "sex": [
                    1.0,
                    1.0,
                    1.0
                ],
                "race": [
                    1.0,
                    1.0,
                    1.0
                ]
            }
        },
        "EOR": {
            "Train": {
                "sex": [
                    0.9996892479801118,
                    0.998150350023599,
                    0.998150350023599
                ],
                "race": [
                    0.9973262032085561,
                    0.9973262032085561,
                    0.9973262032085561
                ]
            },
            "Validation": {
                "sex": [
                    0.9978213507625272,
                    0.9978213507625272,
                    0.9978213507625272
                ],
                "race": [
                    0.9989764585465711,
                    0.9989764585465711,
                    0.9989764585465711
                ]
            },
            "Test": {
                "sex": [
                    1.0,
                    1.0,
                    1.0
                ],
                "race": [
                    1.0,
                    1.0,
                    1.0
                ]
            }
        }
    },
    "MLP": {
        "AUC": {
            "Train": [
                0.6988598348399689,
                0.6847704167444474,
                0.6793166217232756
            ],
            "Validation": [
                0.711237216413275,
                0.7011922104235684,
                0.6900105004732607
            ],
            "Test": [
                0.7021313513113875,
                0.6973446481710811,
                0.6906714969595031
            ]
        },
        "DPR": {
            "Train": {
                "sex": [
                    0.8945224940805051,
                    0.8789729006356641,
                    0.846292072707167
                ],
                "race": [
                    0.5158050526760228,
                    0.26093972190966513,
                    0.29004508727288963
                ]
            },
            "Validation": {
                "sex": [
                    0.929580104677261,
                    0.9037135278514589,
                    0.8455537463560678
                ],
                "race": [
                    0.48267326732673266,
                    0.22143792173227553,
                    0.27492307876495026
                ]
            },
            "Test": {
                "sex": [
                    0.9083310727735835,
                    0.9166311685555885,
                    0.943818559541993
                ],
                "race": [
                    0.515970515970516,
                    0.26580493537015276,
                    0.2703765190251677
                ]
            }
        },
        "EOR": {
            "Train": {
                "sex": [
                    0.9183611257045383,
                    0.9143537317014638,
                    0.8606709594073596
                ],
                "race": [
                    0.4058041367665681,
                    0.1862185188652748,
                    0.0
                ]
            },
            "Validation": {
                "sex": [
                    0.94575793745524,
                    0.9122510684071286,
                    0.9252193369840429
                ],
                "race": [
                    0.175,
                    0.2182264909537637,
                    0.0
                ]
            },
            "Test": {
                "sex": [
                    0.9629577700243209,
                    0.9886167373214004,
                    0.9086443372933283
                ],
                "race": [
                    0.37372894217635455,
                    0.0,
                    0.0
                ]
            }
        }
    },