{
    "Random Forest": {
        "AUC": {
            "Train": [
                0.8846438170800905,
                0.8780864119094134,
                0.882860366906262
            ],
            "Validation": [
                0.7704255464682916,
                0.7685174829182442,
                0.7737661019581163
            ],
            "Test": [
                0.7766979187845406,
                0.7677619540506071,
                0.7715488281611002
            ]
        },
        "DPR": {
            "Train": {
                "sex": [
                    0.7479633599688169,
                    0.7748760198368261,
                    0.7802541306377623
                ],
                "race": [
                    0.4836231729435613,
                    0.49489600960751134,
                    0.4230769230769231
                ]
            },
            "Validation": {
                "sex": [
                    0.7729782925242128,
                    0.8477044817367119,
                    0.8554947337664411
                ],
                "race": [
                    0.48102936324645323,
                    0.4799210006583278,
                    0.4935680433310765
                ]
            },
            "Test": {
                "sex": [
                    0.789611552735404,
                    0.859780079204148,
                    0.8505247684621009
                ],
                "race": [
                    0.48374679213002564,
                    0.6533525892304518,
                    0.4967607335017019
                ]
            }
        },
        "EOR": {
            "Train": {
                "sex": [
                    0.7761030326677706,
                    0.7988293293783935,
                    0.8605163015530186
                ],
                "race": [
                    0.0,
                    0.0,
                    0.224163191705173
                ]
            },
            "Validation": {
                "sex": [
                    0.8515549923438409,
                    0.9145683262711864,
                    0.9211150332785428
                ],
                "race": [
                    0.3309620596205962,
                    0.2916666666666667,
                    0.35398550724637684
                ]
            },
            "Test": {
                "sex": [
                    0.8082452368026195,
                    0.9509841200861898,
                    0.9424476719238251
                ],
                "race": [
                    0.31151170145477547,
                    0.5327066701004378,
                    0.48418810421104375
                ]
            }
        }
    },
    "SVM": {
        "AUC": {
            "Train": [
                0.7021684704861464,
                0.7053497209597617,
                0.704091954824961
            ],
            "Validation": [
                0.7051364738005798,
                0.7073166391830337,
                0.7082672046926762
            ],
            "Test": [
                0.7024319353825111,
                0.7084757314751492,
                0.7055403582056448
            ]
        },
        "DPR": {
            "Train": {
                "sex": [
                    0.8730837789661318,
                    0.8736526631263473,
                    0.8741236952796386
                ],
                "race": [
                    0.4057465091299678,
                    0.4172496318114875,
                    0.4134138333576536
                ]
            },
            "Validation": {
                "sex": [
                    0.8828636122845903,
                    0.890842045820591,
                    0.9017171062140845
                ],
                "race": [
                    0.47619047619047616,
                    0.5714285714285714,
                    0.47619047619047616
                ]
            },
            "Test": {
                "sex": [
                    0.9321959541798683,
                    0.930237559318146,
                    0.9278756208630021
                ],
                "race": [
                    0.6666666666666666,
                    0.6666666666666666,
                    0.5714285714285714
                ]
            }
        },
        "EOR": {
            "Train": {
                "sex": [
                    0.8614721652592702,
                    0.8610630082249074,
                    0.8687904967602592
                ],
                "race": [
                    0.18727050183598531,
                    0.196405648267009,
                    0.19278860133759815
                ]
            },
            "Validation": {
                "sex": [
                    0.9626959716348413,
                    0.9810226523374147,
                    0.980032027190431
                ],
                "race": [
                    0.21875,
                    0.21875,
                    0.21875
                ]
            },
            "Test": {
                "sex": [
                    0.918322679266259,
                    0.9348567142388342,
                    0.9368222319434532
                ],
                "race": [
                    0.0,
                    0.0,
                    0.0
                ]
            }
        }
    },
    "MLP": {
        "AUC": {
            "Train": [
                0.7405071910965879,
                0.7395860672099304,
                0.7506552062559722
            ],
            "Validation": [
                0.7413165430519403,
                0.7384427779667534,
                0.7502957879791765
            ],
            "Test": [
                0.7366761085337228,
                0.7360795612073268,
                0.7446206772267712
            ]
        },
        "DPR": {
            "Train": {
                "sex": [
                    0.7051282051282052,
                    0.8012437989790782,
                    0.726575058335494
                ],
                "race": [
                    0.0873015873015873,
                    0.4200917473703721,
                    0.3050265796379786
                ]
            },
            "Validation": {
                "sex": [
                    0.722521586061854,
                    0.8469453021910835,
                    0.7369050264170532
                ],
                "race": [
                    0.49479638009049776,
                    0.31686467690524484,
                    0.46308582721626196
                ]
            },
            "Test": {
                "sex": [
                    0.7590453930936505,
                    0.8389032813425901,
                    0.7566808568661382
                ],
                "race": [
                    0.2417829084495751,
                    0.5495293045854844,
                    0.31403581840899625
                ]
            }
        },
        "EOR": {
            "Train": {
                "sex": [
                    0.6568175576881685,
                    0.8114175394270345,
                    0.7500349612318785
                ],
                "race": [
                    0.0,
                    0.20936842105263156,
                    0.19137881266236886
                ]
            },
            "Validation": {
                "sex": [
                    0.7476620277740726,
                    0.9190156257952867,
                    0.8184908837346804
                ],
                "race": [
                    0.0,
                    0.0,
                    0.0
                ]
            },
            "Test": {
                "sex": [
                    0.8366932667099499,
                    0.8569437236600304,
                    0.8346589252101063
                ],