{
    "Random Forest": {
        "AUC": {
            "Train": [
                0.6761229532890615,
                0.6998806200801773,
                0.7122326788509771
            ],
            "Validation": [
                0.6901522707273426,
                0.7025899241673568,
                0.7122178228895526
            ],
            "Test": [
                0.6876030441934828,
                0.710725491192725,
                0.7158484742066059
            ]
        },
        "DPR": {
            "Train": {
                "sex": [
                    0.7218987908643081,
                    0.6395484624367458,
                    0.6755995828988529
                ],
                "race": [
                    0.2049276672694394,
                    0.1999272991639404,
                    0.09821428571428571
                ]
            },
            "Validation": {
                "sex": [
                    0.7285037622476046,
                    0.6319069687083956,
                    0.7590620756913996
                ],
                "race": [
                    0.41001124859392574,
                    0.4249112412279099,
                    0.3131699533589723
                ]
            },
            "Test": {
                "sex": [
                    0.7889310364497176,
                    0.7869326488034769,
                    0.8099092596411631
                ],
                "race": [
                    0.0,
                    0.27231686029013424,
                    0.13333333333333333
                ]
            }
        },
        "EOR": {
            "Train": {
                "sex": [
                    0.7031456160549958,
                    0.701518490495576,
                    0.6193357996706799
                ],
                "race": [
                    0.0,
                    0.0,
                    0.0
                ]
            },
            "Validation": {
                "sex": [
                    0.7487708456400235,
                    0.3821878919918135,
                    0.8493930905695611
                ],
                "race": [
                    0.0,
                    0.0,
                    0.0
                ]
            },
            "Test": {
                "sex": [
                    0.8450082308511669,
                    0.731526246220146,
                    0.9080111679732173
                ],
                "race": [
                    0.0,
                    0.0,
                    0.0
                ]
            }
        }
    },
    "SVM": {
        "AUC": {
            "Train": [
                0.6975814779937566,
                0.7124767350952128,
                0.7146803744009345
            ],
            "Validation": [
                0.6965058196284903,
                0.7134672960172148,
                0.7154342860787388
            ],
            "Test": [
                0.6966048555532964,
                0.7154679500212557,
                0.7134056799068444
            ]
        },
        "DPR": {
            "Train": {
                "sex": [
                    0.7815126050420168,
                    0.577639751552795,
                    0.6384750219106047
                ],
                "race": [
                    0.0,
                    0.0,
                    0.0
                ]
            },
            "Validation": {
                "sex": [
                    0.9484674409828505,
                    0.8183232732513211,
                    0.6951642521934299
                ],
                "race": [
                    0.0,
                    0.0,
                    0.0
                ]
            },
            "Test": {
                "sex": [
                    0.36621983914209116,
                    0.9987813794784304,
                    0.8344853105451294
                ],
                "race": [
                    0.0,
                    0.0,
                    0.0
                ]
            }
        },
        "EOR": {
            "Train": {
                "sex": [
                    0.46335493160547153,
                    0.45328199830970045,
                    0.5110532333883877
                ],
                "race": [
                    0.0,
                    0.0,
                    0.0
                ]
            },
            "Validation": {
                "sex": [
                    0.0,
                    0.6551792434145376,
                    0.4804647785039942
                ],
                "race": [
                    0.0,
                    0.0,
                    0.0
                ]
            },
            "Test": {
                "sex": [
                    0.0,
                    0.2778465346534653,
                    0.5393491555037857
                ],
                "race": [
                    0.0,
                    0.0,
                    0.0
                ]
            }
        }
    },
    "MLP": {
        "AUC": {
            "Train": [
                0.6929291901317991,
                0.7081594433796443,
                0.7101601212270192
            ],
            "Validation": [
                0.7040484130974918,
                0.7139586969060577,
                0.7177193637600567
            ],
            "Test": [
                0.7035735079385617,
                0.7201328946638818,
                0.7167238877696246
            ]
        },
        "DPR": {
            "Train": {
                "sex": [
                    0.6982273201251303,
                    0.39980158730158727,
                    0.6226308345120226
                ],
                "race": [
                    0.13435114503816795,
                    0.0,
                    0.0
                ]
            },
            "Validation": {
                "sex": [
                    0.7834049157845463,
                    0.4946361025222482,
                    0.7188630335182059
                ],
                "race": [
                    0.0,
                    0.3493889288281811,
                    0.0
                ]
            },
            "Test": {
                "sex": [
                    0.7587427606535038,
                    0.37443321284316705,
                    0.6866621983914208
                ],
                "race": [
                    0.16666666666666666,
                    0.0,
                    0.0
                ]
            }
        },
        "EOR": {
            "Train": {
                "sex": [
                    0.7668309639407188,
                    0.4316971412473337,
                    0.6160514431572747
                ],
                "race": [
                    0.0,
                    0.0,
                    0.0
                ]
            },
            "Validation": {
                "sex": [
                    0.7276374956762366,
                    0.5405228758169934,
                    0.8315736551030668
                ],
                "race": [
                    0.0,
                    0.0,
                    0.0
                ]
            },
            "Test": {
                "sex": [
                    0.8334779041144063,
                    0.29581718888244807,
                    0.6639133349190217
                ],
                "race": [
                    0.0,
                    0.0,
                    0.0
                ]
            }
        }
    },
    "XGBoost": {
        "AUC": {
            "Train": [
                0.6566190733405908,
                0.6792860388854285,
                0.6734855517317221
            ],
            "Validation": [
                0.6651312651591339,
                0.6664402425091693,
                0.6921416759716634
            ],