{
    "Random Forest": {
        "AUC": {
            "Train": [
                0.6497863359923556,
                0.643244640985785,
                0.6278791763623023
            ],
            "Validation": [
                0.6439898193474918,
                0.6389706670758399,
                0.6297247507986277
            ],
            "Test": [
                0.6578925845147219,
                0.6523715182152561,
                0.6311840378537236
            ]
        },
        "DPR": {
            "Train": {
                "sex": [
                    0.7186938775510204,
                    0.6681082240251617,
                    0.6926254535004849
                ],
                "race": [
                    0.17462364283324716,
                    0.12319608642478598,
                    0.05851287835149357
                ]
            },
            "Validation": {
                "sex": [
                    0.7440379646510623,
                    0.6513250651181685,
                    0.6920328816880541
                ],
                "race": [
                    0.0,
                    0.16219824229613972,
                    0.06509057719399194
                ]
            },
            "Test": {
                "sex": [
                    0.7527098361246083,
                    0.7111064837710508,
                    0.7136591737127931
                ],
                "race": [
                    0.0875725900116144,
                    0.10029263101888801,
                    0.0
                ]
            }
        },
        "EOR": {
            "Train": {
                "sex": [
                    0.7163344720883867,
                    0.6550404539065445,
                    0.6678722588804042
                ],
                "race": [
                    0.1235096870342772,
                    0.11108200157191511,
                    0.0
                ]
            },
            "Validation": {
                "sex": [
                    0.7721755368814193,
                    0.6817405640935053,
                    0.67454414716078
                ],
                "race": [
                    0.0,
                    0.0,
                    0.0
                ]
            },
            "Test": {
                "sex": [
                    0.7393394731630026,
                    0.7111934036854165,
                    0.7394288481245003
                ],
                "race": [
                    0.0,
                    0.0,
                    0.0
                ]
            }
        }
    },
    "SVM": {
        "AUC": {
            "Train": [
                0.47773326821316286,
                0.4758698810278513,
                0.4794334314140442
            ],
            "Validation": [
                0.4782209924426172,
                0.4743736689540937,
                0.47881071972610034
            ],
            "Test": [
                0.4786643069700386,
                0.47676006875773985,
                0.48085249431639654
            ]
        },
        "DPR": {
            "Train": {
                "sex": [
                    0.9998527029017529,
                    0.9988424951595252,
                    0.9988424951595252
                ],
                "race": [
                    0.9983361064891847,
                    0.9983361064891847,
                    0.9983361064891847
                ]
            },
            "Validation": {
                "sex": [
                    0.9986737400530504,
                    0.9986737400530504,
                    0.9986737400530504
                ],
                "race": [
                    0.9995427526291724,
                    0.9995427526291724,
                    0.9995427526291724
                ]
            },
            "Test": {
                "sex": [
                    1.0,
                    1.0,
                    1.0
                ],
                "race": [
                    1.0,
                    1.0,
                    1.0
                ]
            }
        },
        "EOR": {
            "Train": {
                "sex": [
                    0.9996892479801118,
                    0.998150350023599,
                    0.998150350023599
                ],
                "race": [
                    0.9973262032085561,
                    0.9973262032085561,
                    0.9973262032085561
                ]
            },
            "Validation": {
                "sex": [
                    0.9978213507625272,
                    0.9978213507625272,
                    0.9978213507625272
                ],
                "race": [
                    0.9989764585465711,
                    0.9989764585465711,
                    0.9989764585465711
                ]
            },
            "Test": {
                "sex": [
                    1.0,
                    1.0,
                    1.0
                ],
                "race": [
                    1.0,
                    1.0,
                    1.0
                ]
            }
        }
    },
    "MLP": {
        "AUC": {
            "Train": [
                0.6592586119423123,
                0.6513439814361308,
                0.5493953550589501
            ],
            "Validation": [
                0.6636414642983909,
                0.6574162827585187,
                0.555809645646001
            ],
            "Test": [
                0.6618845073286139,
                0.6611070550616416,
                0.5589128606546772
            ]
        },
        "DPR": {
            "Train": {
                "sex": [
                    0.8312154631723752,
                    0.7590455396132252,
                    0.9293258776017397
                ],
                "race": [
                    0.17701739969030997,
                    0.11352188126267825,
                    0.4758269720101781
                ]
            },
            "Validation": {
                "sex": [
                    0.8561029656838918,
                    0.8054043752443175,
                    0.9686661802888227
                ],
                "race": [
                    0.20531731711561538,
                    0.12815734698469847,
                    0.504950495049505
                ]
            },
            "Test": {
                "sex": [
                    0.8723070272724891,
                    0.8279083868073398,
                    0.9514982576650624
                ],
                "race": [
                    0.20540540540540542,
                    0.11767532885773033,
                    0.4486486486486487
                ]
            }
        },
        "EOR": {
            "Train": {
                "sex": [
                    0.799061107649349,
                    0.7583793809974022,
                    0.9114555537508411
                ],
                "race": [
                    0.11900678101316314,
                    0.07803240099695376,
                    0.4434782608695652
                ]
            },
            "Validation": {
                "sex": [
                    0.8498305837915903,
                    0.7961625802205036,
                    0.9570648631029988
                ],
                "race": [
                    0.1757118999700253,
                    0.10463559609446121,
                    0.49586776859504134
                ]
            },
            "Test": {
                "sex": [
                    0.8638905891910312,
                    0.8477833006015401,
                    0.9258566460212552
                ],
                "race": [
                    0.14545454545454545,
                    0.10625000000000001,
                    0.44545454545454544
                ]
            }
        }
    },