{
    "codi": [
        0.7049808502197266,
        0.7279693484306335,
        0.6781609058380127
    ],
    "fairsmote": [
        0.9776785969734192,
        0.9687500596046448,
        0.9776785969734192
    ],
    "fairtabddpm": [
        0.9731800556182861,
        0.9578543901443481,
        0.9540229439735413
    ],
    "fairtabgan": [
        0.6896551847457886,
        0.6666666269302368,
        0.7011494040489197
    ],
    "goggle": [
        0.555555522441864,
        0.5823754668235779,
        0.555555522441864
    ],
    "great": [
        0.984674334526062,
        0.992337167263031,
        0.984674334526062
    ],
    "smote": [
        0.7356321811676025,
        0.7318007349967957,
        0.7126436829566956
    ],
    "stasy": [
        0.9885057210922241,
        0.9808428883552551,
        0.992337167263031
    ],
    "tabddpm": [
        0.9961685538291931,
        0.9885057210922241,
        0.9961685538291931
    ],
    "tabsyn": [
        1.0,
        1.0,
        1.0
    ]
}