{
    "codi": {
        "shape": [
            0.8425550588789603,
            0.8504869707098492,
            0.8529583813441152
        ],
        "trend": [
            0.6619503574608695,
            0.6682089849877266,
            0.6785688176619382
        ],
        "quality": [
            0.7522527081699149,
            0.7593479778487879,
            0.7657635995030267
        ],
        "detection": [
            0.6243914688180927,
            0.7944845406753988,
            0.7162968903145326
        ]
    },
    "fairsmote": {
        "shape": [
            0.9066487191081105,
            0.9086763908638357,
            0.9103530538954605
        ],
        "trend": [
            0.7800797873955801,
            0.7871824082344078,
            0.776301867960599
        ],
        "quality": [
            0.8433642532518453,
            0.8479293995491217,
            0.8433274609280297
        ],
        "detection": [
            0.7660578760578761,
            0.7801636731869289,
            0.7730090344043832
        ]
    },
    "fairtabddpm": {
        "shape": [
            0.8084846890639495,
            0.7869322340133257,
            0.815232078896884
        ],
        "trend": [
            0.6063503186298382,
            0.6044431528427441,
            0.6058905684013192
        ],
        "quality": [
            0.707417503846894,
            0.6956876934280349,
            0.7105613236491015
        ],
        "detection": [
            0.48181089159437185,
            0.6415396952686447,
            0.4849578382056329
        ]
    },
    "fairtabgan": {
        "shape": [
            0.8185867630412093,
            0.8194905097635621,
            0.8363896935612269
        ],
        "trend": [
            0.6881534863016672,
            0.6911343805068252,
            0.7128418456018494
        ],
        "quality": [
            0.7533701246714382,
            0.7553124451351936,
            0.7746157695815381
        ],
        "detection": [
            0.7347371064291675,
            0.8824046398224424,
            0.954934266481981
        ]
    },
    "goggle": {
        "shape": [
            0.6219238985796672,
            0.6020560971405805,
            0.6058494930343484
        ],
        "trend": [
            0.4082932780745966,
            0.4110061209761443,
            0.40233656795734074
        ],
        "quality": [
            0.5151085883271319,
            0.5065311090583624,
            0.5040930304958446
        ],
        "detection": [
            0.1382631446785415,
            0.10260179987525608,
            0.09462305492778622
        ]
    },
    "great": {
        "shape": [
            0.9109297772264519,
            0.912131847946817,
            0.9180339857382229
        ],
        "trend": [
            0.7949951838585488,
            0.7423067641996712,
            0.7874225506604843
        ],
        "quality": [
            0.8529624805425003,
            0.8272193060732441,
            0.8527282681993535
        ],
        "detection": [
            0.8038362777737276,
            0.8016694612524603,
            0.9605112876965323
        ]
    },
    "smote": {
        "shape": [
            0.8912901055833407,
            0.8916206020992534,
            0.8886636836119323
        ],
        "trend": [
            0.7615982188199953,
            0.7697375741089124,
            0.77336349762606
        ],
        "quality": [
            0.826444162201668,
            0.8306790881040829,
            0.8310135906189962
        ],
        "detection": [
            0.6585178164969665,
            0.7640478562691874,
            0.8580188411784241
        ]
    },
    "stasy": {
        "shape": [
            0.5072065755638564,
            0.4942616485362761,
            0.4709982166389932
        ],
        "trend": [
            0.3286111637458065,
            0.3141561540130111,
            0.30917313702330956
        ],
        "quality": [
            0.4179088696548314,
            0.4042089012746436,
            0.39008567683115136
        ],
        "detection": [
            0.04267211003377802,
            0.021765368196803636,
            0.02572638980016695
        ]
    },
    "tabddpm": {
        "shape": [
            0.7227837740437475,
            0.7142084179558881,
            0.7356614319069279
        ],
        "trend": [
            0.5107357737119504,
            0.5127449357892159,
            0.519347651360036
        ],
        "quality": [
            0.616759773877849,
            0.6134766768725519,
            0.6275045416334819
        ],
        "detection": [
            0.2756636128729152,
            0.317189537718808,
            0.256567276615392
        ]
    },
    "tabsyn": {
        "shape": [
            0.6252376361187635,
            0.6289374400850096,
            0.6222163731375673
        ],
        "trend": [
            0.412887588647022,
            0.4220756492705348,
            0.4209238084700561
        ],
        "quality": [
            0.5190626123828928,
            0.5255065446777722,
            0.5215700908038117
        ],
        "detection": [
            0.2539670967898715,
            0.2902319101196408,
            0.24962941362299818
        ]
    }
}