{
    "codi": {
        "shape": [
            0.8425550588789603,
            0.8504869707098492,
            0.8529583813441152
        ],
        "trend": [
            0.6619503574608695,
            0.6682089849877266,
            0.6785688176619382
        ],
        "quality": [
            0.7522527081699149,
            0.7593479778487879,
            0.7657635995030267
        ],
        "detection": [
            0.6307218131596641,
            0.7723020096716969,
            0.6727904546669583
        ]
    },
    "fairsmote": {
        "shape": [
            0.9066487191081105,
            0.9086763908638357,
            0.9103530538954605
        ],
        "trend": [
            0.7800797873955801,
            0.7871824082344078,
            0.776301867960599
        ],
        "quality": [
            0.8433642532518453,
            0.8479293995491217,
            0.8433274609280297
        ],
        "detection": [
            0.7480526827038454,
            0.886788120043934,
            0.9032163241465566
        ]
    },
    "fairtabddpm": {
        "shape": [
            0.8084846890639495,
            0.7869322340133257,
            0.815232078896884
        ],
        "trend": [
            0.6063503186298382,
            0.6044431528427441,
            0.6058905684013192
        ],
        "quality": [
            0.707417503846894,
            0.6956876934280349,
            0.7105613236491015
        ],
        "detection": [
            0.4951155500473865,
            0.5755024179242303,
            0.5008950774788785
        ]
    },
    "fairtabgan": {
        "shape": [
            0.8185867630412093,
            0.8194905097635621,
            0.8363896935612269
        ],
        "trend": [
            0.6881534863016672,
            0.6911343805068252,
            0.7128418456018494
        ],
        "quality": [
            0.7533701246714382,
            0.7553124451351936,
            0.7746157695815381
        ],
        "detection": [
            0.7736709516982171,
            0.8552931074984002,
            0.8964342705321053
        ]
    },
    "goggle": {
        "shape": [
            0.6219238985796672,
            0.6020560971405805,
            0.6058494930343484
        ],
        "trend": [
            0.4082932780745966,
            0.4110061209761443,
            0.40233656795734074
        ],
        "quality": [
            0.5151085883271319,
            0.5065311090583624,
            0.5040930304958446
        ],
        "detection": [
            0.12470737851652058,
            0.10478886701821732,
            0.12079900852956182
        ]
    },
    "great": {
        "shape": [
            0.9109297772264519,
            0.912131847946817,
            0.9180339857382229
        ],
        "trend": [
            0.7949951838585488,
            0.7423067641996712,
            0.7874225506604843
        ],
        "quality": [
            0.8529624805425003,
            0.8272193060732441,
            0.8527282681993535
        ],
        "detection": [
            0.8044437964245502,
            0.862364624593975,
            0.9402647161267851
        ]
    },
    "smote": {
        "shape": [
            0.8912901055833407,
            0.8916206020992534,
            0.8886636836119323
        ],
        "trend": [
            0.7615982188199953,
            0.7697375741089124,
            0.77336349762606
        ],
        "quality": [
            0.826444162201668,
            0.8306790881040829,
            0.8310135906189962
        ],
        "detection": [
            0.6908054077260173,
            0.848051485180595,
            0.8045450495330208
        ]
    },
    "stasy": {
        "shape": [
            0.5072065755638564,
            0.4942616485362761,
            0.4709982166389932
        ],
        "trend": [
            0.3286111637458065,
            0.3141561540130111,
            0.30917313702330956
        ],
        "quality": [
            0.4179088696548314,
            0.4042089012746436,
            0.39008567683115136
        ],
        "detection": [
            0.04283816513166949,
            0.018083805172818823,
            0.03056223826071458
        ]
    },
    "tabddpm": {
        "shape": [
            0.7227837740437475,
            0.7142084179558881,
            0.7356614319069279
        ],
        "trend": [
            0.5107357737119504,
            0.5127449357892159,
            0.519347651360036
        ],
        "quality": [
            0.616759773877849,
            0.6134766768725519,
            0.6275045416334819
        ],
        "detection": [
            0.2431006131888248,
            0.302633390845099,
            0.24289810697188408
        ]
    },
    "tabsyn": {
        "shape": [
            0.9183118366346574,
            0.919116142210809,
            0.9069024016012873
        ],
        "trend": [
            0.8151785184256318,
            0.809694618591872,
            0.7992761312151101
        ],
        "quality": [
            0.8667451775301447,
            0.8644053804013405,
            0.8530892664081987
        ],
        "detection": [
            0.9511514503495258,
            0.8877467538253425,
            0.8530533887390342
        ]
    }
}