{
    "codi": {
        "shape": [
            0.8425550588789603,
            0.8504869707098492,
            0.8529583813441152
        ],
        "trend": [
            0.6619503574608695,
            0.6682089849877266,
            0.6785688176619382
        ],
        "quality": [
            0.7522527081699149,
            0.7593479778487879,
            0.7657635995030267
        ],
        "detection": [
            0.661830818206119,
            0.7677334694175112,
            0.706495589414595
        ]
    },
    "fairsmote": {
        "shape": [
            0.9066487191081105,
            0.9086763908638357,
            0.9103530538954605
        ],
        "trend": [
            0.7800797873955801,
            0.7871824082344078,
            0.776301867960599
        ],
        "quality": [
            0.8433642532518453,
            0.8479293995491217,
            0.8433274609280297
        ],
        "detection": [
            0.781396301163743,
            0.8273021224184015,
            0.7743480689992318
        ]
    },
    "fairtabddpm": {
        "shape": [
            0.8084846890639495,
            0.7869322340133257,
            0.815232078896884
        ],
        "trend": [
            0.6063503186298382,
            0.6044431528427441,
            0.6058905684013192
        ],
        "quality": [
            0.707417503846894,
            0.6956876934280349,
            0.7105613236491015
        ],
        "detection": [
            0.4873393113168575,
            0.578321304464047,
            0.49478343985160345
        ]
    },
    "fairtabgan": {
        "shape": [
            0.8185867630412093,
            0.8194905097635621,
            0.8363896935612269
        ],
        "trend": [
            0.6881534863016672,
            0.6911343805068252,
            0.7128418456018494
        ],
        "quality": [
            0.7533701246714382,
            0.7553124451351936,
            0.7746157695815381
        ],
        "detection": [
            0.7962989963791889,
            0.8382420840319798,
            0.9191919191919191
        ]
    },
    "goggle": {
        "shape": [
            0.6219238985796672,
            0.6020560971405805,
            0.6058494930343484
        ],
        "trend": [
            0.4082932780745966,
            0.4110061209761443,
            0.40233656795734074
        ],
        "quality": [
            0.5151085883271319,
            0.5065311090583624,
            0.5040930304958446
        ],
        "detection": [
            0.12096911375179209,
            0.11595505982033638,
            0.10244384502604242
        ]
    },
    "great": {
        "shape": [
            0.9109297772264519,
            0.912131847946817,
            0.9180339857382229
        ],
        "trend": [
            0.7949951838585488,
            0.7423067641996712,
            0.7874225506604843
        ],
        "quality": [
            0.8529624805425003,
            0.8272193060732441,
            0.8527282681993535
        ],
        "detection": [
            0.9068268895855104,
            0.8325557094602803,
            1.0
        ]
    },
    "smote": {
        "shape": [
            0.8912901055833407,
            0.8916206020992534,
            0.8886636836119323
        ],
        "trend": [
            0.7615982188199953,
            0.7697375741089124,
            0.77336349762606
        ],
        "quality": [
            0.826444162201668,
            0.8306790881040829,
            0.8310135906189962
        ],
        "detection": [
            0.706228281208233,
            0.762573611009858,
            0.7443764023555524
        ]
    },
    "stasy": {
        "shape": [
            0.5072065755638564,
            0.4942616485362761,
            0.4709982166389932
        ],
        "trend": [
            0.3286111637458065,
            0.3141561540130111,
            0.30917313702330956
        ],
        "quality": [
            0.4179088696548314,
            0.4042089012746436,
            0.39008567683115136
        ],
        "detection": [
            0.04594461049954235,
            0.02689282560974615,
            0.024612605606992077
        ]
    },
    "tabddpm": {
        "shape": [
            0.7227837740437475,
            0.7142084179558881,
            0.7356614319069279
        ],
        "trend": [
            0.5107357737119504,
            0.5127449357892159,
            0.519347651360036
        ],
        "quality": [
            0.616759773877849,
            0.6134766768725519,
            0.6275045416334819
        ],
        "detection": [
            0.24567244214397377,
            0.2973520287072814,
            0.2469198804403293
        ]
    },
    "tabsyn": {
        "shape": [
            0.6252376361187635,
            0.6289374400850096,
            0.6222163731375673
        ],
        "trend": [
            0.412887588647022,
            0.4220756492705348,
            0.4209238084700561
        ],
        "quality": [
            0.5190626123828928,
            0.5255065446777722,
            0.5215700908038117
        ],
        "detection": [
            0.2536957384591707,
            0.25267105700145,
            0.2786890557540117
        ]
    }
}