{
    "codi": {
        "shape": [
            0.8517241379310345,
            0.8628352490421456,
            0.8651340996168582
        ],
        "trend": [
            0.6979297680598773,
            0.6964767364671153,
            0.7037727349289449
        ],
        "quality": [
            0.7748269529954559,
            0.7796559927546305,
            0.7844534172729015
        ]
    },
    "fairsmote": {
        "shape": [
            0.9394311029009303,
            0.9456007115489873,
            0.941882183908046
        ],
        "trend": [
            0.9005496952191266,
            0.9054214470200191,
            0.9018419482234723
        ],
        "quality": [
            0.9199903990600284,
            0.9255110792845032,
            0.9218620660657592
        ]
    },
    "fairtabddpm": {
        "shape": [
            0.8038314176245211,
            0.7938697318007664,
            0.8111111111111111
        ],
        "trend": [
            0.629529739627944,
            0.6284778996413366,
            0.626994492608765
        ],
        "quality": [
            0.7166805786262326,
            0.7111738157210514,
            0.719052801859938
        ]
    },
    "fairtabgan": {
        "shape": [
            0.8509578544061303,
            0.8517241379310345,
            0.8559386973180076
        ],
        "trend": [
            0.7501216102531156,
            0.7447812721427329,
            0.7568199740664758
        ],
        "quality": [
            0.8005397323296229,
            0.7982527050368837,
            0.8063793356922417
        ]
    },
    "goggle": {
        "shape": [
            0.639080459770115,
            0.6191570881226054,
            0.621072796934866
        ],
        "trend": [
            0.44926726987397847,
            0.45253516462477816,
            0.4113586815821542
        ],
        "quality": [
            0.5441738648220467,
            0.5358461263736918,
            0.51621573925851
        ]
    },
    "great": {
        "shape": [
            0.9586206896551724,
            0.9524904214559389,
            0.9559386973180075
        ],
        "trend": [
            0.8963308263677965,
            0.7686887033427775,
            0.900032600291965
        ],
        "quality": [
            0.9274757580114845,
            0.8605895623993582,
            0.9279856488049862
        ]
    },
    "smote": {
        "shape": [
            0.9379310344827585,
            0.9356321839080459,
            0.9375478927203064
        ],
        "trend": [
            0.876369424806594,
            0.8789004708513847,
            0.8817536114074543
        ],
        "quality": [
            0.9071502296446763,
            0.9072663273797152,
            0.9096507520638804
        ]
    },
    "stasy": {
        "shape": [
            0.4812260536398467,
            0.46819923371647504,
            0.4409961685823755
        ],
        "trend": [
            0.30619991257752815,
            0.29395039023925384,
            0.28835584845954215
        ],
        "quality": [
            0.3937129831086874,
            0.3810748119778644,
            0.3646760085209588
        ]
    },
    "tabddpm": {
        "shape": [
            0.7295019157088122,
            0.7386973180076628,
            0.7402298850574713
        ],
        "trend": [
            0.5387674773723924,
            0.5479153857212885,
            0.5436818691863078
        ],
        "quality": [
            0.6341346965406023,
            0.6433063518644757,
            0.6419558771218896
        ]
    },
    "tabsyn": {
        "shape": [
            0.6091954022988505,
            0.6045977011494253,
            0.5969348659003831
        ],
        "trend": [
            0.4042022239152898,
            0.4124910783462014,
            0.41083808935738153
        ],
        "quality": [
            0.5066988131070702,
            0.5085443897478134,
            0.5038864776288823
        ]
    }
}