{
    "CatBoost": {
        "AUC": {
            "Train": [
                0.9503131988392435,
                0.9485724793558253,
                0.9491006933468161
            ],
            "Validation": [
                0.9150601308358806,
                0.914747813704789,
                0.9130948971235804
            ],
            "Test": [
                0.9073959488047404,
                0.9042742130291203,
                0.9080853258351322
            ]
        },
        "DPR": {
            "Train": {
                "age-group": [
                    0.8163041991519628,
                    0.7725469013103852,
                    0.7875756145423438
                ]
            },
            "Validation": {
                "age-group": [
                    0.728144878232161,
                    0.6984669295563162,
                    0.7201690440793123
                ]
            },
            "Test": {
                "age-group": [
                    0.713429881831152,
                    0.7172331508591279,
                    0.7255860293426126
                ]
            }
        },
        "EOR": {
            "Train": {
                "age-group": [
                    0.7273450163623573,
                    0.8999222123870068,
                    0.8305567009253165
                ]
            },
            "Validation": {
                "age-group": [
                    0.8897126969416127,
                    0.8414610824249379,
                    0.8344489067380633
                ]
            },
            "Test": {
                "age-group": [
                    0.8181010928961749,
                    0.8048205128205128,
                    0.7787205387205387
                ]
            }
        }
    }
}