{
    "CatBoost": {
        "AUC": {
            "Train": [
                0.5611115739721684,
                0.5196069943905811,
                0.5098330641120089
            ],
            "Validation": [
                0.5582118323317802,
                0.5226486013643772,
                0.4992279788564013
            ],
            "Test": [
                0.5690026574737659,
                0.5218167687454651,
                0.5101651426892765
            ]
        },
        "DPR": {
            "Train": {
                "age-group": [
                    0.903219222633992,
                    0.7846639750258079,
                    0.7126154791641884
                ]
            },
            "Validation": {
                "age-group": [
                    0.7988481194839385,
                    0.873436515400357,
                    0.6249455946926121
                ]
            },
            "Test": {
                "age-group": [
                    0.9004098113312659,
                    0.8534064632140463,
                    0.7943809924248169
                ]
            }
        },
        "EOR": {
            "Train": {
                "age-group": [
                    0.7590253045923149,
                    0.7263815902987416,
                    0.5177480828396932
                ]
            },
            "Validation": {
                "age-group": [
                    0.8084511960887026,
                    0.8147802718937717,
                    0.6052452025586355
                ]
            },
            "Test": {
                "age-group": [
                    0.821483601144618,
                    0.791090224453236,
                    0.77196261682243
                ]
            }
        }
    }
}