{
    "CatBoost": {
        "AUC": {
            "Train": [
                0.5707798081187583,
                0.5058169730044956,
                0.4926139851544649
            ],
            "Validation": [
                0.5696512378389823,
                0.5093781350300255,
                0.47650894049199133
            ],
            "Test": [
                0.5752306259630947,
                0.5071664506799696,
                0.48076262390567615
            ]
        },
        "DPR": {
            "Train": {
                "age-group": [
                    0.9461910400222533,
                    0.9206041014041655,
                    0.999582116112574
                ]
            },
            "Validation": {
                "age-group": [
                    0.8394414988318872,
                    0.8758435163231807,
                    0.8809917440737463
                ]
            },
            "Test": {
                "age-group": [
                    0.930158784510928,
                    0.8866304892492711,
                    0.9803536043629738
                ]
            }
        },
        "EOR": {
            "Train": {
                "age-group": [
                    0.8237944664031621,
                    0.8269240348692403,
                    0.8425245098039216
                ]
            },
            "Validation": {
                "age-group": [
                    0.8537375307682341,
                    0.7968022646257077,
                    0.8492312689475964
                ]
            },
            "Test": {
                "age-group": [
                    0.9087024640364622,
                    0.8532921030368447,
                    0.9210970464135021
                ]
            }
        }
    }
}