{
    "CatBoost": {
        "AUC": {
            "Train": [
                0.9201632676664924,
                0.9194172423096302,
                0.9197346926134005
            ],
            "Validation": [
                0.9167340542829461,
                0.9141241582571438,
                0.9155316935629844
            ],
            "Test": [
                0.9188500334126819,
                0.9190000095055271,
                0.9190197749664553
            ]
        },
        "DPR": {
            "Train": {
                "age-group": [
                    0.37740306366428833,
                    0.3965314351407536,
                    0.3932855074309378
                ]
            },
            "Validation": {
                "age-group": [
                    0.3624491744536589,
                    0.3393619238685808,
                    0.3319917209667347
                ]
            },
            "Test": {
                "age-group": [
                    0.3199608610567514,
                    0.358410084813146,
                    0.3303829794177799
                ]
            }
        },
        "EOR": {
            "Train": {
                "age-group": [
                    0.2970621489422164,
                    0.3734196731421523,
                    0.3105479934804634
                ]
            },
            "Validation": {
                "age-group": [
                    0.3078982597054886,
                    0.308433734939759,
                    0.3827072997873848
                ]
            },
            "Test": {
                "age-group": [
                    0.3308047093093822,
                    0.33612582344224534,
                    0.2849825408236623
                ]
            }
        }
    }
}