{
    "CatBoost": {
        "AUC": {
            "Train": [
                0.9488139099690671,
                0.9489400443691371,
                0.9485608221143813
            ],
            "Validation": [
                0.9279101586793894,
                0.9266824993682881,
                0.926101083532635
            ],
            "Test": [
                0.9294171618216392,
                0.9273521237987767,
                0.9267357733568528
            ]
        },
        "DPR": {
            "Train": {
                "age-group": [
                    0.5340949254547942,
                    0.49158193893524216,
                    0.511806617674488
                ]
            },
            "Validation": {
                "age-group": [
                    0.44269757629232365,
                    0.38235518664455465,
                    0.4306380287594951
                ]
            },
            "Test": {
                "age-group": [
                    0.44239486401214106,
                    0.376036629808718,
                    0.3971046149020187
                ]
            }
        },
        "EOR": {
            "Train": {
                "age-group": [
                    0.5803640732825077,
                    0.516483054410899,
                    0.5107063176797083
                ]
            },
            "Validation": {
                "age-group": [
                    0.4016064257028112,
                    0.34892257200846394,
                    0.40543124880474274
                ]
            },
            "Test": {
                "age-group": [
                    0.41767690253671563,
                    0.3642007006492988,
                    0.3598864419959213
                ]
            }
        }
    }
}