{
    "CatBoost": {
        "AUC": {
            "Train": [
                0.7075064215781178,
                0.7091763214149849,
                0.7226910833303046
            ],
            "Validation": [
                0.7019650530080778,
                0.7063554126787505,
                0.7094508007154682
            ],
            "Test": [
                0.7272622135837602,
                0.7293553155435133,
                0.7363851054125226
            ]
        },
        "DPR": {
            "Train": {
                "age-group": [
                    0.682960307347496,
                    0.7312659983977177,
                    0.691414763142297
                ]
            },
            "Validation": {
                "age-group": [
                    0.6342609479806269,
                    0.6742315571597624,
                    0.6497290615437615
                ]
            },
            "Test": {
                "age-group": [
                    0.6328047644259861,
                    0.6651751655268249,
                    0.6703954505390196
                ]
            }
        },
        "EOR": {
            "Train": {
                "age-group": [
                    0.721559869477773,
                    0.7780933919916767,
                    0.717648447759456
                ]
            },
            "Validation": {
                "age-group": [
                    0.654690835413727,
                    0.7108895351521027,
                    0.6757766998730854
                ]
            },
            "Test": {
                "age-group": [
                    0.680962387720116,
                    0.7098904187654099,
                    0.7173937719928866
                ]
            }
        }
    }
}