{
    "CatBoost": {
        "AUC": {
            "Train": [
                0.9185688732300897,
                0.9192502504211654,
                0.9167010288620345
            ],
            "Validation": [
                0.9159649319362487,
                0.9154393085292694,
                0.917249738957692
            ],
            "Test": [
                0.9186149602208783,
                0.9146027979745079,
                0.9183711359089691
            ]
        },
        "DPR": {
            "Train": {
                "age-group": [
                    0.3772244562987279,
                    0.39714774583659157,
                    0.33824222252617825
                ]
            },
            "Validation": {
                "age-group": [
                    0.3254155434356254,
                    0.352880690787198,
                    0.306874495192934
                ]
            },
            "Test": {
                "age-group": [
                    0.3430625496952028,
                    0.3569936287322811,
                    0.3099285823071233
                ]
            }
        },
        "EOR": {
            "Train": {
                "age-group": [
                    0.3095160088395519,
                    0.3337708661482945,
                    0.27152944804193646
                ]
            },
            "Validation": {
                "age-group": [
                    0.2821542580578725,
                    0.37148594377510036,
                    0.2613119143239625
                ]
            },
            "Test": {
                "age-group": [
                    0.3529321146143576,
                    0.2932987573174489,
                    0.35428434493855054
                ]
            }
        }
    }
}