{
    "CatBoost": {
        "AUC": {
            "Train": [
                0.7087743942063053,
                0.7224028713690455,
                0.7246075185854906
            ],
            "Validation": [
                0.7023871479542927,
                0.7195587925705266,
                0.7164428494285078
            ],
            "Test": [
                0.7284780157529215,
                0.7418843545513293,
                0.7406138578815077
            ]
        },
        "DPR": {
            "Train": {
                "age-group": [
                    0.5833202770420661,
                    0.5928528816632986,
                    0.5236502229053505
                ]
            },
            "Validation": {
                "age-group": [
                    0.5523763427283398,
                    0.5436179913931262,
                    0.5036527043183984
                ]
            },
            "Test": {
                "age-group": [
                    0.543421307824172,
                    0.5457167416656103,
                    0.5096827631467525
                ]
            }
        },
        "EOR": {
            "Train": {
                "age-group": [
                    0.5939092498823376,
                    0.600320208255982,
                    0.5212518337865238
                ]
            },
            "Validation": {
                "age-group": [
                    0.5625795362520039,
                    0.5499297804715796,
                    0.5001278522329016
                ]
            },
            "Test": {
                "age-group": [
                    0.5563928638632271,
                    0.5616572008199201,
                    0.5085075053525556
                ]
            }
        }
    }
}