{
    "CatBoost": {
        "AUC": {
            "Train": [
                0.7058246740220051,
                0.7162888196616367,
                0.7087224890054309
            ],
            "Validation": [
                0.7008867758541812,
                0.7138773012306259,
                0.7012131728559369
            ],
            "Test": [
                0.7271261185779792,
                0.7368170033660127,
                0.7242217274318796
            ]
        },
        "DPR": {
            "Train": {
                "age-group": [
                    0.707469886823864,
                    0.705515586086411,
                    0.6905393698992386
                ]
            },
            "Validation": {
                "age-group": [
                    0.6913062263058456,
                    0.6678854344526851,
                    0.6600319086184488
                ]
            },
            "Test": {
                "age-group": [
                    0.6701815434911829,
                    0.6610331632653061,
                    0.6655455454607092
                ]
            }
        },
        "EOR": {
            "Train": {
                "age-group": [
                    0.7568416589577552,
                    0.7378204744252702,
                    0.7222182689342727
                ]
            },
            "Validation": {
                "age-group": [
                    0.7323981918010205,
                    0.6938127787086535,
                    0.6934581593482095
                ]
            },
            "Test": {
                "age-group": [
                    0.7253749810492134,
                    0.7089292846302192,
                    0.7118584442478989
                ]
            }
        }
    }
}