{
    "CatBoost": {
        "AUC": {
            "Train": [
                0.9489608826406073,
                0.9493638193816345,
                0.9477523771820089
            ],
            "Validation": [
                0.9279582711786101,
                0.9265578887482407,
                0.9263659658053398
            ],
            "Test": [
                0.9292179229578543,
                0.9276852698883162,
                0.9269700167010599
            ]
        },
        "DPR": {
            "Train": {
                "age-group": [
                    0.5758516320682919,
                    0.46383683642608553,
                    0.49787990698946794
                ]
            },
            "Validation": {
                "age-group": [
                    0.4605434474233489,
                    0.39728602537086155,
                    0.41623476014470506
                ]
            },
            "Test": {
                "age-group": [
                    0.4380269482310299,
                    0.41441817111459966,
                    0.4029596041713388
                ]
            }
        },
        "EOR": {
            "Train": {
                "age-group": [
                    0.5969196252937361,
                    0.46064704852863964,
                    0.4938284657063565
                ]
            },
            "Validation": {
                "age-group": [
                    0.45961624274877283,
                    0.37575589715182567,
                    0.35928660880079455
                ]
            },
            "Test": {
                "age-group": [
                    0.38493489895359057,
                    0.40254856574051395,
                    0.33102598336243194
                ]
            }
        }
    }
}