{
    "CatBoost": {
        "AUC": {
            "Train": [
                0.871710991232002,
                0.8819241252249828,
                0.8706900111688565
            ],
            "Validation": [
                0.8715923324789036,
                0.8814057011579828,
                0.8732133999409097
            ],
            "Test": [
                0.8712282483742908,
                0.8802502005590759,
                0.8704269927997896
            ]
        },
        "DPR": {
            "Train": {
                "age-group": [
                    0.8509916564081521,
                    0.9754719840891364,
                    0.8258848918676576
                ]
            },
            "Validation": {
                "age-group": [
                    0.7756007746888651,
                    0.726028178004742,
                    0.8255558503141942
                ]
            },
            "Test": {
                "age-group": [
                    0.8520590379008747,
                    0.7323934037900874,
                    0.726473144202736
                ]
            }
        },
        "EOR": {
            "Train": {
                "age-group": [
                    0.747348119575699,
                    0.6273423496822551,
                    0.6897807265960029
                ]
            },
            "Validation": {
                "age-group": [
                    0.760289273408807,
                    0.538152610441767,
                    0.7529291360813101
                ]
            },
            "Test": {
                "age-group": [
                    0.6384541062801932,
                    0.6975111111111111,
                    0.7188859878154916
                ]
            }
        }
    }
}