{
    "CatBoost": {
        "AUC": {
            "Train": [
                0.9177555711137823,
                0.9186979409883008,
                0.9155349999531426
            ],
            "Validation": [
                0.9163846927862574,
                0.9154493225549287,
                0.9161192081661442
            ],
            "Test": [
                0.9186142812546634,
                0.913516452030358,
                0.9175522272128754
            ]
        },
        "DPR": {
            "Train": {
                "age-group": [
                    0.3626384899466557,
                    0.38067985808752236,
                    0.3742683438748414
                ]
            },
            "Validation": {
                "age-group": [
                    0.31561928516150656,
                    0.3571194978837409,
                    0.3473130513072151
                ]
            },
            "Test": {
                "age-group": [
                    0.3444731687317784,
                    0.36064331747736683,
                    0.3186870527431752
                ]
            }
        },
        "EOR": {
            "Train": {
                "age-group": [
                    0.28913351834720935,
                    0.3148695501756128,
                    0.34089182704963034
                ]
            },
            "Validation": {
                "age-group": [
                    0.27803521779425394,
                    0.3781793842034806,
                    0.28000892458723786
                ]
            },
            "Test": {
                "age-group": [
                    0.34319605628016847,
                    0.34752319331758585,
                    0.32494094690356373
                ]
            }
        }
    }
}