{
    "CatBoost": {
        "AUC": {
            "Train": [
                0.9186175022127807,
                0.9188821520700099,
                0.9163842642783493
            ],
            "Validation": [
                0.9168947304540523,
                0.915745451599428,
                0.9155552604053258
            ],
            "Test": [
                0.9190019709634818,
                0.9141665244609649,
                0.9179912165912789
            ]
        },
        "DPR": {
            "Train": {
                "age-group": [
                    0.38150202302319525,
                    0.43425757664575887,
                    0.38763507044180007
                ]
            },
            "Validation": {
                "age-group": [
                    0.3159182929053438,
                    0.3833037653573856,
                    0.4326028704106399
                ]
            },
            "Test": {
                "age-group": [
                    0.3448681420620196,
                    0.4188443234436631,
                    0.3580122424272373
                ]
            }
        },
        "EOR": {
            "Train": {
                "age-group": [
                    0.2992691951896392,
                    0.38069408235920726,
                    0.34608001850138764
                ]
            },
            "Validation": {
                "age-group": [
                    0.2891566265060241,
                    0.40874609549308344,
                    0.3734235186359473
                ]
            },
            "Test": {
                "age-group": [
                    0.3026644221280548,
                    0.40313366540002055,
                    0.38514701351424824
                ]
            }
        }
    }
}