{
    "CatBoost": {
        "AUC": {
            "Train": [
                0.548512676945306,
                0.49130154548354654,
                0.505185243852348
            ],
            "Validation": [
                0.5472520835949779,
                0.4851243154698175,
                0.49417895229498876
            ],
            "Test": [
                0.5564849722898799,
                0.4910392679356092,
                0.4945931657071366
            ]
        },
        "DPR": {
            "Train": {
                "age-group": [
                    0.9763610501154107,
                    0.9981615814572424,
                    0.9675224518107476
                ]
            },
            "Validation": {
                "age-group": [
                    0.85048636672779,
                    0.9269011159762242,
                    0.9036249216305041
                ]
            },
            "Test": {
                "age-group": [
                    0.9825556743775915,
                    0.9171935983494781,
                    0.9187346468140573
                ]
            }
        },
        "EOR": {
            "Train": {
                "age-group": [
                    0.7934278565471226,
                    0.8213671599718112,
                    0.962397617274758
                ]
            },
            "Validation": {
                "age-group": [
                    0.7663940728314811,
                    0.807048728164266,
                    0.8674518911745189
                ]
            },
            "Test": {
                "age-group": [
                    0.8454729488349938,
                    0.7889171545039385,
                    0.8922571965295045
                ]
            }
        }
    }
}