{
    "CatBoost": {
        "AUC": {
            "Train": [
                0.8036296440297515,
                0.8341015017346052,
                0.8303705749435291
            ],
            "Validation": [
                0.8005381522330676,
                0.83396828279488,
                0.8305089263368273
            ],
            "Test": [
                0.805849309031171,
                0.8376029746566053,
                0.8372471963598961
            ]
        },
        "DPR": {
            "Train": {
                "age-group": [
                    0.40154802996290845,
                    0.46950668585442346,
                    0.6669823132687309
                ]
            },
            "Validation": {
                "age-group": [
                    0.37662251989709,
                    0.5305677441503684,
                    0.5678315620181387
                ]
            },
            "Test": {
                "age-group": [
                    0.3179648157964485,
                    0.4178011765930862,
                    0.46950417071590533
                ]
            }
        },
        "EOR": {
            "Train": {
                "age-group": [
                    0.40695123562838637,
                    0.5057579638985745,
                    0.740816448330399
                ]
            },
            "Validation": {
                "age-group": [
                    0.3034359660865685,
                    0.47810288774144194,
                    0.5890227576974565
                ]
            },
            "Test": {
                "age-group": [
                    0.3855991524461765,
                    0.6839580979767896,
                    0.5970494596113068
                ]
            }
        }
    }
}