{
    "CatBoost": {
        "AUC": {
            "Train": [
                0.9172310523921383,
                0.9185352348503671,
                0.9159238032413073
            ],
            "Validation": [
                0.9128241419636465,
                0.9123066502466763,
                0.9121346800616682
            ],
            "Test": [
                0.9159525828101145,
                0.9127519360721623,
                0.9113864595729182
            ]
        },
        "DPR": {
            "Train": {
                "age-group": [
                    0.8079738440970522,
                    0.7708323834708734,
                    0.6550653944182122
                ]
            },
            "Validation": {
                "age-group": [
                    0.7208697011542169,
                    0.7395351026339477,
                    0.7346713706000364
                ]
            },
            "Test": {
                "age-group": [
                    0.8063775510204081,
                    0.6040383564139942,
                    0.659686068304873
                ]
            }
        },
        "EOR": {
            "Train": {
                "age-group": [
                    0.3098456981799073,
                    0.5180149150917968,
                    0.9351509366424055
                ]
            },
            "Validation": {
                "age-group": [
                    0.8021014418652214,
                    0.7266936884771279,
                    0.6046407853636769
                ]
            },
            "Test": {
                "age-group": [
                    0.6081659973226239,
                    0.5372217902257956,
                    0.7472512178148921
                ]
            }
        }
    }
}