{
    "CatBoost": {
        "AUC": {
            "Train": [
                0.6589142963418586,
                0.65925548017968,
                0.719107824454744
            ],
            "Validation": [
                0.6607305329599985,
                0.677197656989052,
                0.7159325858804346
            ],
            "Test": [
                0.6614515271685313,
                0.6825825400367518,
                0.719612225797608
            ]
        },
        "DPR": {
            "Train": {
                "age-group": [
                    0.44390580616019826,
                    0.35432247475081735,
                    0.7797565312542745
                ]
            },
            "Validation": {
                "age-group": [
                    0.46097027174904254,
                    0.29877702798549055,
                    0.620993498992004
                ]
            },
            "Test": {
                "age-group": [
                    0.49511922115785084,
                    0.2635470396949989,
                    0.9576088088296544
                ]
            }
        },
        "EOR": {
            "Train": {
                "age-group": [
                    0.42356902356902354,
                    0.2876027296250117,
                    0.3568339100346021
                ]
            },
            "Validation": {
                "age-group": [
                    0.49555623659209314,
                    0.25595716198125834,
                    0.0
                ]
            },
            "Test": {
                "age-group": [
                    0.5155685436059267,
                    0.21275090433968938,
                    0.4109452736318408
                ]
            }
        }
    }
}