{
    "CatBoost": {
        "AUC": {
            "Train": [
                0.9501660928332423,
                0.9489043678769397,
                0.9504060948629738
            ],
            "Validation": [
                0.9144778867725412,
                0.9141212971069557,
                0.9129807522897483
            ],
            "Test": [
                0.9077254737411324,
                0.9053702908223534,
                0.9081809091900793
            ]
        },
        "DPR": {
            "Train": {
                "age-group": [
                    0.7327502177684672,
                    0.6637402377306497,
                    0.6895253727260293
                ]
            },
            "Validation": {
                "age-group": [
                    0.6238201683213538,
                    0.6301286841548859,
                    0.6094183253631409
                ]
            },
            "Test": {
                "age-group": [
                    0.6378887836843683,
                    0.6120958123509144,
                    0.6186593846032622
                ]
            }
        },
        "EOR": {
            "Train": {
                "age-group": [
                    0.9339595107325745,
                    0.8128005433740864,
                    0.932336781319205
                ]
            },
            "Validation": {
                "age-group": [
                    0.654740172812462,
                    0.695582329317269,
                    0.6668182162612716
                ]
            },
            "Test": {
                "age-group": [
                    0.6921067554956218,
                    0.6510989010989011,
                    0.6973980915468115
                ]
            }
        }
    }
}