{
    "CatBoost": {
        "AUC": {
            "Train": [
                0.8944771075778241,
                0.8969631666980192,
                0.8944891838704312
            ],
            "Validation": [
                0.8908157982473498,
                0.8943229660309192,
                0.8905838944952374
            ],
            "Test": [
                0.8900402898552037,
                0.8967788786586282,
                0.8945413832171321
            ]
        },
        "DPR": {
            "Train": {
                "age-group": [
                    0.6726166051155793,
                    0.4949581692323529,
                    0.7860021253537872
                ]
            },
            "Validation": {
                "age-group": [
                    0.6945285427685574,
                    0.43308441580373,
                    0.8361488540336798
                ]
            },
            "Test": {
                "age-group": [
                    0.5982610708376014,
                    0.4537592509531285,
                    0.5441010050636795
                ]
            }
        },
        "EOR": {
            "Train": {
                "age-group": [
                    0.8976750383052426,
                    0.4816799985489108,
                    0.6780556533990841
                ]
            },
            "Validation": {
                "age-group": [
                    0.3965863453815261,
                    0.3302097278000892,
                    0.6081604962201977
                ]
            },
            "Test": {
                "age-group": [
                    0.6328437917222963,
                    0.4807178802505906,
                    0.5130153814553526
                ]
            }
        }
    }
}