{
    "CatBoost": {
        "AUC": {
            "Train": [
                0.896606477967166,
                0.8972295118076808,
                0.8957336896334894
            ],
            "Validation": [
                0.891111851998423,
                0.8950301218880098,
                0.8925270672337168
            ],
            "Test": [
                0.8912026045747535,
                0.898486327808208,
                0.894732248164264
            ]
        },
        "DPR": {
            "Train": {
                "age-group": [
                    0.5006822329199903,
                    0.38365060391429234,
                    0.6803918516736708
                ]
            },
            "Validation": {
                "age-group": [
                    0.53865229902527,
                    0.31666653450586396,
                    0.9908030890968575
                ]
            },
            "Test": {
                "age-group": [
                    0.47329089915186856,
                    0.3140956892961266,
                    0.6153966608965015
                ]
            }
        },
        "EOR": {
            "Train": {
                "age-group": [
                    0.49036979055480445,
                    0.3410312321043126,
                    0.536790780141844
                ]
            },
            "Validation": {
                "age-group": [
                    0.40517626059794737,
                    0.25721935360489573,
                    0.5066953771616983
                ]
            },
            "Test": {
                "age-group": [
                    0.4886752356198797,
                    0.298431353287103,
                    0.5664615758073702
                ]
            }
        }
    }
}