{
    "CatBoost": {
        "AUC": {
            "Train": [
                0.8630867278191838,
                0.8751829444043299,
                0.8586554903435754
            ],
            "Validation": [
                0.8629612964684672,
                0.8752156027253812,
                0.8601797314313613
            ],
            "Test": [
                0.860079095037617,
                0.8711707625680796,
                0.8566605001446196
            ]
        },
        "DPR": {
            "Train": {
                "age-group": [
                    0.11206315144083384,
                    0.3908789563729683,
                    0.083903323540213
                ]
            },
            "Validation": {
                "age-group": [
                    0.1755758597869479,
                    0.571881535099842,
                    0.0
                ]
            },
            "Test": {
                "age-group": [
                    0.3425076452599389,
                    0.4490401235514917,
                    0.22192230899486945
                ]
            }
        },
        "EOR": {
            "Train": {
                "age-group": [
                    0.0,
                    0.08540166168512252,
                    0.0
                ]
            },
            "Validation": {
                "age-group": [
                    0.09448522492000755,
                    0.2196590471523086,
                    0.0
                ]
            },
            "Test": {
                "age-group": [
                    0.17632784629036055,
                    0.18590220898485973,
                    0.1125340599455041
                ]
            }
        }
    }
}