{
    "CatBoost": {
        "AUC": {
            "Train": [
                0.9730932962556864,
                0.9727816174292978,
                0.9729746476332106
            ],
            "Validation": [
                0.9335352552432082,
                0.9336857668018034,
                0.93311775319598
            ],
            "Test": [
                0.9359671488986488,
                0.9360219942806903,
                0.9361660105589809
            ]
        },
        "DPR": {
            "Train": {
                "age-group": [
                    0.4326010489203551,
                    0.4314578114760624,
                    0.43078562224189937
                ]
            },
            "Validation": {
                "age-group": [
                    0.36039493973106956,
                    0.3491849808498997,
                    0.3321207500071414
                ]
            },
            "Test": {
                "age-group": [
                    0.37668861575941526,
                    0.36142732468927424,
                    0.3622740524781341
                ]
            }
        },
        "EOR": {
            "Train": {
                "age-group": [
                    0.4034266111625039,
                    0.49447330344647644,
                    0.4801110083256244
                ]
            },
            "Validation": {
                "age-group": [
                    0.3272348653874758,
                    0.31841652323580033,
                    0.285874681521786
                ]
            },
            "Test": {
                "age-group": [
                    0.3529321146143576,
                    0.31836910752798603,
                    0.2958263878465172
                ]
            }
        }
    }
}