{
    "CatBoost": {
        "AUC": {
            "Train": [
                0.8075228007642579,
                0.8296938263630267,
                0.8340211962935459
            ],
            "Validation": [
                0.8013215803307068,
                0.8267791911859709,
                0.8355233932157009
            ],
            "Test": [
                0.8059693351698615,
                0.8314507863409499,
                0.8394478767443964
            ]
        },
        "DPR": {
            "Train": {
                "age-group": [
                    0.14744068726970605,
                    0.2063268631107279,
                    0.30418604727352844
                ]
            },
            "Validation": {
                "age-group": [
                    0.1340564464823987,
                    0.20780247170909216,
                    0.2714602711411028
                ]
            },
            "Test": {
                "age-group": [
                    0.11916909620991253,
                    0.1981532646281104,
                    0.2508823078103422
                ]
            }
        },
        "EOR": {
            "Train": {
                "age-group": [
                    0.10834546441112283,
                    0.15463892926890152,
                    0.25157331875648253
                ]
            },
            "Validation": {
                "age-group": [
                    0.09226093563442962,
                    0.13544373572722262,
                    0.22549457087609698
                ]
            },
            "Test": {
                "age-group": [
                    0.09102547689156318,
                    0.18156433109704137,
                    0.24404198850829445
                ]
            }
        }
    }
}