{
    "CatBoost": {
        "AUC": {
            "Train": [
                0.9178896293903895,
                0.9187438842339923,
                0.9149480045126476
            ],
            "Validation": [
                0.9134170776934792,
                0.9125789865685564,
                0.9117493283073466
            ],
            "Test": [
                0.916583266983246,
                0.9134242635064864,
                0.9100685107087306
            ]
        },
        "DPR": {
            "Train": {
                "age-group": [
                    0.7581878144044741,
                    0.8814115716044317,
                    0.5934686520405543
                ]
            },
            "Validation": {
                "age-group": [
                    0.6914554076235637,
                    0.7534137774823061,
                    0.6171879749528847
                ]
            },
            "Test": {
                "age-group": [
                    0.6996670421415319,
                    0.7803653719552337,
                    0.5762453007518796
                ]
            }
        },
        "EOR": {
            "Train": {
                "age-group": [
                    0.3995523568003778,
                    0.3232011162049033,
                    0.9392647900973526
                ]
            },
            "Validation": {
                "age-group": [
                    0.7416331994645248,
                    0.7809794372294372,
                    0.5231181134795593
                ]
            },
            "Test": {
                "age-group": [
                    0.6448744059742023,
                    0.6294897282968853,
                    0.696128170894526
                ]
            }
        }
    }
}