{
    "CatBoost": {
        "AUC": {
            "Train": [
                0.9737239111126959,
                0.9744437267240887,
                0.9743219161701101
            ],
            "Validation": [
                0.934158308343445,
                0.9333502592955005,
                0.9334622959134041
            ],
            "Test": [
                0.9359829160029772,
                0.9355713870359399,
                0.9356398871829736
            ]
        },
        "DPR": {
            "Train": {
                "age-group": [
                    0.4456982628915333,
                    0.4415307082139157,
                    0.46257060026488656
                ]
            },
            "Validation": {
                "age-group": [
                    0.3566454207742592,
                    0.35907158009925416,
                    0.37957371926002237
                ]
            },
            "Test": {
                "age-group": [
                    0.40851527299231377,
                    0.3817667117867555,
                    0.41617515137923305
                ]
            }
        },
        "EOR": {
            "Train": {
                "age-group": [
                    0.7368370336108542,
                    0.8268578476719087,
                    0.8702097902097902
                ]
            },
            "Validation": {
                "age-group": [
                    0.3525211958946899,
                    0.3429101019462465,
                    0.37706381079875056
                ]
            },
            "Test": {
                "age-group": [
                    0.38457430420047245,
                    0.3333541712249555,
                    0.38214028961692514
                ]
            }
        }
    }
}