{
    "CatBoost": {
        "AUC": {
            "Train": [
                0.9737009204420701,
                0.9734703280157264,
                0.9735607478280386
            ],
            "Validation": [
                0.9337787541829262,
                0.9338685792401568,
                0.9341391838132386
            ],
            "Test": [
                0.9354237496045023,
                0.9354626770008342,
                0.936475543712373
            ]
        },
        "DPR": {
            "Train": {
                "age-group": [
                    0.4496901982451209,
                    0.45210269930866764,
                    0.45688524141704284
                ]
            },
            "Validation": {
                "age-group": [
                    0.3767747883245598,
                    0.3696067944654485,
                    0.37214403673621327
                ]
            },
            "Test": {
                "age-group": [
                    0.4049040882586801,
                    0.4166334940569635,
                    0.42314339240160354
                ]
            }
        },
        "EOR": {
            "Train": {
                "age-group": [
                    0.6608935484976189,
                    0.6727481412957824,
                    0.8566233766233765
                ]
            },
            "Validation": {
                "age-group": [
                    0.3748326639892905,
                    0.35140562248995977,
                    0.3643559746231302
                ]
            },
            "Test": {
                "age-group": [
                    0.366261242095688,
                    0.36046596927771823,
                    0.3784892677416042
                ]
            }
        }
    }
}