{
    "CatBoost": {
        "AUC": {
            "Train": [
                0.8703670751044066,
                0.882179765482207,
                0.8674336026765634
            ],
            "Validation": [
                0.8708408287938927,
                0.8809793144864854,
                0.8714585360608829
            ],
            "Test": [
                0.869914524188775,
                0.8805469087950719,
                0.8680411055199502
            ]
        },
        "DPR": {
            "Train": {
                "age-group": [
                    0.8548962305380132,
                    0.7619727272186638,
                    0.7417133998996946
                ]
            },
            "Validation": {
                "age-group": [
                    0.7696806658597648,
                    0.5910663262204389,
                    0.8143808134233084
                ]
            },
            "Test": {
                "age-group": [
                    0.9219924812030075,
                    0.8611385880882965,
                    0.6543660193669304
                ]
            }
        },
        "EOR": {
            "Train": {
                "age-group": [
                    0.7507044734061289,
                    0.7260127052223414,
                    0.8190618019359642
                ]
            },
            "Validation": {
                "age-group": [
                    0.7984954526741269,
                    0.4366182679435691,
                    0.7105700838670866
                ]
            },
            "Test": {
                "age-group": [
                    0.3409492795489959,
                    0.6142607174103237,
                    0.7461607949412827
                ]
            }
        }
    }
}