{
    "CatBoost": {
        "AUC": {
            "Train": [
                0.6590258401423433,
                0.6597773703076651,
                0.7236833107693329
            ],
            "Validation": [
                0.6618283111112315,
                0.6777198921918609,
                0.7231588724417929
            ],
            "Test": [
                0.6611094790775052,
                0.6842577005707691,
                0.7243978060036607
            ]
        },
        "DPR": {
            "Train": {
                "age-group": [
                    0.3914258358246868,
                    0.5895891788382556,
                    0.8068207723521634
                ]
            },
            "Validation": {
                "age-group": [
                    0.41057085537114724,
                    0.40305349401647045,
                    0.7367560606908908
                ]
            },
            "Test": {
                "age-group": [
                    0.5190127742826454,
                    0.35750728862973763,
                    0.990870826139454
                ]
            }
        },
        "EOR": {
            "Train": {
                "age-group": [
                    0.4092789968652038,
                    0.5423476205159832,
                    0.32352941176470584
                ]
            },
            "Validation": {
                "age-group": [
                    0.42539176626826025,
                    0.37985274431057564,
                    0.0
                ]
            },
            "Test": {
                "age-group": [
                    0.5160110917120263,
                    0.358611481975968,
                    0.339917695473251
                ]
            }
        }
    }
}