{
    "CatBoost": {
        "AUC": {
            "Train": [
                0.8967304790158608,
                0.8989110117426518,
                0.8939365125297439
            ],
            "Validation": [
                0.8911103461299027,
                0.8958137758659271,
                0.8917289569180051
            ],
            "Test": [
                0.8903707955205733,
                0.8993390339336751,
                0.8933412727116086
            ]
        },
        "DPR": {
            "Train": {
                "age-group": [
                    0.6210915059499384,
                    0.44178178999680845,
                    0.9658173860061425
                ]
            },
            "Validation": {
                "age-group": [
                    0.5278109611526537,
                    0.3894404019948807,
                    0.9848666440860495
                ]
            },
            "Test": {
                "age-group": [
                    0.5185274364847979,
                    0.41709183673469385,
                    0.6018039358600582
                ]
            }
        },
        "EOR": {
            "Train": {
                "age-group": [
                    0.8127369356623315,
                    0.38542244835029293,
                    0.6200040992006559
                ]
            },
            "Validation": {
                "age-group": [
                    0.37929495760821064,
                    0.32128514056224894,
                    0.5117949683167075
                ]
            },
            "Test": {
                "age-group": [
                    0.5242492949178786,
                    0.36145116565677315,
                    0.5780784635924823
                ]
            }
        }
    }
}