{
    "CatBoost": {
        "AUC": {
            "Train": [
                0.918804799034872,
                0.9201288102322237,
                0.9163218637506192
            ],
            "Validation": [
                0.9138274268652365,
                0.9136597484055112,
                0.9119373359920948
            ],
            "Test": [
                0.9166251365665101,
                0.9145691514265156,
                0.910793420304379
            ]
        },
        "DPR": {
            "Train": {
                "age-group": [
                    0.7775746799136212,
                    0.8323530752747001,
                    0.6641275639062112
                ]
            },
            "Validation": {
                "age-group": [
                    0.7721252051796462,
                    0.8053733483431548,
                    0.6905515443456244
                ]
            },
            "Test": {
                "age-group": [
                    0.7503929026967929,
                    0.7502236284124039,
                    0.6287737839496701
                ]
            }
        },
        "EOR": {
            "Train": {
                "age-group": [
                    0.3610721940266657,
                    0.4982236475716782,
                    0.9351509366424055
                ]
            },
            "Validation": {
                "age-group": [
                    0.7685045798994719,
                    0.7160517306960821,
                    0.6596081294876476
                ]
            },
            "Test": {
                "age-group": [
                    0.5997359735973598,
                    0.6491159135559921,
                    0.6970132671067251
                ]
            }
        }
    }
}