{
    "CatBoost": {
        "AUC": {
            "Train": [
                0.9490943885315906,
                0.9493215523575094,
                0.9479654646984061
            ],
            "Validation": [
                0.9277513648439333,
                0.9265819073511382,
                0.9262595761943873
            ],
            "Test": [
                0.9289721371879904,
                0.9276093765536068,
                0.9263286953905588
            ]
        },
        "DPR": {
            "Train": {
                "age-group": [
                    0.5837212702635142,
                    0.46341129804404324,
                    0.5021603224794227
                ]
            },
            "Validation": {
                "age-group": [
                    0.46139709607473606,
                    0.38649193764684425,
                    0.41506774679850494
                ]
            },
            "Test": {
                "age-group": [
                    0.44812545553935856,
                    0.3931844563222114,
                    0.3989902018673654
                ]
            }
        },
        "EOR": {
            "Train": {
                "age-group": [
                    0.6450874247667341,
                    0.46603367937780527,
                    0.4801110083256245
                ]
            },
            "Validation": {
                "age-group": [
                    0.40358966731122015,
                    0.33718206157965197,
                    0.36360495746426563
                ]
            },
            "Test": {
                "age-group": [
                    0.39505929009882995,
                    0.3474765646857171,
                    0.3334599979459792
                ]
            }
        }
    }
}