{
    "CatBoost": {
        "AUC": {
            "Train": [
                0.9204861656353817,
                0.9188468755811954,
                0.9191091063703473
            ],
            "Validation": [
                0.9168540720040069,
                0.9141542003341222,
                0.9158056863402365
            ],
            "Test": [
                0.9192846472310325,
                0.9180583588058826,
                0.9179475364314411
            ]
        },
        "DPR": {
            "Train": {
                "age-group": [
                    0.3743154363341212,
                    0.40979346190671595,
                    0.374675726615803
                ]
            },
            "Validation": {
                "age-group": [
                    0.31919630372667035,
                    0.34419113623928504,
                    0.3309530156146972
                ]
            },
            "Test": {
                "age-group": [
                    0.31806399622223136,
                    0.34072290888186263,
                    0.29750895894071916
                ]
            }
        },
        "EOR": {
            "Train": {
                "age-group": [
                    0.31027582170703616,
                    0.38299453655605364,
                    0.3103156517226597
                ]
            },
            "Validation": {
                "age-group": [
                    0.2677376171352075,
                    0.29966017917825144,
                    0.32396251673360105
                ]
            },
            "Test": {
                "age-group": [
                    0.3143053614406723,
                    0.27897551765272827,
                    0.2609263633562699
                ]
            }
        }
    }
}