{
    "CatBoost": {
        "AUC": {
            "Train": [
                0.9507118498297394,
                0.9485930509583738,
                0.9503930090380194
            ],
            "Validation": [
                0.91572994115367,
                0.9127587872698693,
                0.9137222419490998
            ],
            "Test": [
                0.9078162288918833,
                0.9054043145737984,
                0.9089076293623012
            ]
        },
        "DPR": {
            "Train": {
                "age-group": [
                    0.7226577465928483,
                    0.6459791394299129,
                    0.6915168923539872
                ]
            },
            "Validation": {
                "age-group": [
                    0.6156687697258398,
                    0.6284031520624878,
                    0.6031027722049973
                ]
            },
            "Test": {
                "age-group": [
                    0.6691578417081118,
                    0.6021175387448212,
                    0.6023788744821237
                ]
            }
        },
        "EOR": {
            "Train": {
                "age-group": [
                    0.9425314841383708,
                    0.801552851506598,
                    0.9278913090198937
                ]
            },
            "Validation": {
                "age-group": [
                    0.6479250334672022,
                    0.6693440428380187,
                    0.6280091124732851
                ]
            },
            "Test": {
                "age-group": [
                    0.737563023805145,
                    0.6571839375577693,
                    0.6637760603882099
                ]
            }
        }
    }
}