{
    "Random Forest": {
        "AUC": {
            "Train": [
                0.958251351687622,
                0.9584365627777881,
                0.956652604833458
            ],
            "Validation": [
                0.9181168556983421,
                0.915831248458367,
                0.9143783112166424
            ],
            "Test": [
                0.9163879510353707,
                0.9168117768349702,
                0.9177825853615186
            ]
        },
        "DPR": {
            "Train": {
                "age-group": [
                    0.596010663693633,
                    0.5099708239932809,
                    0.5547514171275433
                ]
            },
            "Validation": {
                "age-group": [
                    0.5598693482333825,
                    0.410328467247035,
                    0.43722331835591
                ]
            },
            "Test": {
                "age-group": [
                    0.48388419307815295,
                    0.5133847225114536,
                    0.5303024781341108
                ]
            }
        },
        "EOR": {
            "Train": {
                "age-group": [
                    0.7720303559804024,
                    0.5783155327558658,
                    0.6439584159288136
                ]
            },
            "Validation": {
                "age-group": [
                    0.606346956453264,
                    0.3851302646483369,
                    0.44663502494827795
                ]
            },
            "Test": {
                "age-group": [
                    0.4775304802007072,
                    0.4782838656670433,
                    0.44739506154726444
                ]
            }
        }
    },
    "SVM": {
        "AUC": {
            "Train": [
                0.7656290655105731,
                0.7583004701982623,
                0.7599898559142101
            ],
            "Validation": [
                0.7463038080704312,
                0.7399274337018795,
                0.7378695514288736
            ],
            "Test": [
                0.7570528369999773,
                0.7489885289412368,
                0.7531455373134937
            ]
        },
        "DPR": {
            "Train": {
                "age-group": [
                    0.9915461121157323,
                    0.8885241417042812,
                    0.9277062569213732
                ]
            },
            "Validation": {
                "age-group": [
                    0.9209450758636134,
                    0.8084486794330686,
                    0.4856725275698658
                ]
            },
            "Test": {
                "age-group": [
                    0.9831450437317785,
                    0.8497658034297216,
                    0.9583181486880467
                ]
            }
        },
        "EOR": {
            "Train": {
                "age-group": [
                    0.5347593582887701,
                    0.5897671568627451,
                    0.4757785467128028
                ]
            },
            "Validation": {
                "age-group": [
                    0.3761238761238761,
                    0.16463334645152827,
                    0.13359591228443687
                ]
            },
            "Test": {
                "age-group": [
                    0.3654867256637168,
                    0.30256410256410254,
                    0.36875
                ]
            }
        }
    },
    "MLP": {
        "AUC": {
            "Train": [
                0.7527335469275207,
                0.5262220312872741,
                0.8562600605612741
            ],
            "Validation": [
                0.7331478253903286,
                0.5243204542422274,
                0.8474445260625183
            ],
            "Test": [
                0.7309840800528326,
                0.5152845102307384,
                0.8572405636143816
            ]
        },
        "DPR": {
            "Train": {
                "age-group": [
                    0.7520367017774852,
                    0.0,
                    0.8936306022887887
                ]
            },
            "Validation": {
                "age-group": [
                    0.8873677731169068,
                    0.0,
                    0.9062954918508448
                ]
            },
            "Test": {
                "age-group": [
                    0.8639759475218658,
                    0.0,
                    0.905010589141317
                ]
            }
        },
        "EOR": {
            "Train": {
                "age-group": [
                    0.49447726688928845,
                    NaN,
                    0.6545392723563412
                ]
            },
            "Validation": {
                "age-group": [
                    0.5524983491085187,
                    0.0,
                    0.7819466889931658
                ]
            },
            "Test": {
                "age-group": [
                    0.5833333333333334,
                    NaN,
                    0.7256222547584188
                ]
            }
        }
    },
    "XGBoost": {
        "AUC": {
            "Train": [
                0.9486104130099692,
                0.9478148253291895,
                0.9466182152092868
            ],
            "Validation": [
                0.9218556637070326,
                0.9161712359235176,
                0.9188383549530877
            ],
            "Test": [
                0.918687835927965,
                0.9149774364438588,
                0.9178376193452865
            ]
        },
        "DPR": {
            "Train": {
                "age-group": [
                    0.6746149763018902,
                    0.5019872774596151,
                    0.4645165554524349
                ]
            },
            "Validation": {
                "age-group": [
                    0.510579453375368,
                    0.4358264387445493,
                    0.4290569452433396
                ]
            },
            "Test": {
                "age-group": [
                    0.4508041468467086,
                    0.44326072610511386,
                    0.40577831494261357
                ]
            }
        },
        "EOR": {
            "Train": {
                "age-group": [
                    0.8498329081174314,
                    0.5483620830385808,
                    0.40246342549765307
                ]
            },
            "Validation": {
                "age-group": [
                    0.48810627123880135,
                    0.42376402160365595,
                    0.409915524165628
                ]
            },
            "Test": {
                "age-group": [
                    0.45954195337372905,
                    0.3544533737290747,
                    0.375173972015738
                ]
            }
        }
    },
    "CatBoost": {
        "AUC": {
            "Train": [
                0.9493755909097592,
                0.9493981434814419,
                0.948364382357824
            ],
            "Validation": [
                0.9272628610959771,
                0.9267693879819042,
                0.9261707299516947
            ],
            "Test": [
                0.9285967443117342,
                0.9276278595227954,
                0.9269148695562565
            ]
        },
        "DPR": {
            "Train": {
                "age-group": [
                    0.564411602125632,
                    0.46783870801890864,
                    0.5323485159348926
                ]
            },
            "Validation": {
                "age-group": [
                    0.4342300049029941,
                    0.3886612095138986,
                    0.43966320141042015
                ]
            },