{
    "Random Forest": {
        "AUC": {
            "Train": [
                0.8769003017854093,
                0.8787544031800953,
                0.8773175815048797
            ],
            "Validation": [
                0.8679268226204341,
                0.8749725555462191,
                0.8683649550663892
            ],
            "Test": [
                0.8736411811416983,
                0.8826891603647287,
                0.8755867588310494
            ]
        },
        "DPR": {
            "Train": {
                "age-group": [
                    0.5335521816440979,
                    0.5365711660336199,
                    0.6593007999108396
                ]
            },
            "Validation": {
                "age-group": [
                    0.45789713660404885,
                    0.5114012074617583,
                    0.7465157456380327
                ]
            },
            "Test": {
                "age-group": [
                    0.46699389577259476,
                    0.4705825106016433,
                    0.6437259214910455
                ]
            }
        },
        "EOR": {
            "Train": {
                "age-group": [
                    0.5956932881077192,
                    0.5096416457424783,
                    0.7218335646006784
                ]
            },
            "Validation": {
                "age-group": [
                    0.45706636068081846,
                    0.4876649454962708,
                    0.6812434924884724
                ]
            },
            "Test": {
                "age-group": [
                    0.48493059779903774,
                    0.4487714388415323,
                    0.5744274417171613
                ]
            }
        }
    },
    "SVM": {
        "AUC": {
            "Train": [
                0.824483258486986,
                0.8248267947256546,
                0.8243236761849948
            ],
            "Validation": [
                0.8194020918923136,
                0.8197189266289658,
                0.8188549345654953
            ],
            "Test": [
                0.819910925667835,
                0.8201056003698404,
                0.8198629076682898
            ]
        },
        "DPR": {
            "Train": {
                "age-group": [
                    0.9906533533944285,
                    0.754644921552436,
                    0.9369873547505126
                ]
            },
            "Validation": {
                "age-group": [
                    0.670929058704763,
                    0.8628046039025268,
                    0.6443576108352675
                ]
            },
            "Test": {
                "age-group": [
                    0.47723814078872995,
                    0.7571221632061806,
                    0.6075248730402535
                ]
            }
        },
        "EOR": {
            "Train": {
                "age-group": [
                    0.5578093306288032,
                    0.4006556182844655,
                    0.5115089514066496
                ]
            },
            "Validation": {
                "age-group": [
                    0.14423629467877255,
                    0.4126253493342101,
                    0.13250976665610814
                ]
            },
            "Test": {
                "age-group": [
                    0.22568306010928962,
                    0.2699346405228758,
                    0.2167979002624672
                ]
            }
        }
    },
    "MLP": {
        "AUC": {
            "Train": [
                0.7600763899793743,
                0.7627614507825551,
                0.6795307754602724
            ],
            "Validation": [
                0.7592620325671173,
                0.770261235059149,
                0.670568372002531
            ],
            "Test": [
                0.767888873750457,
                0.7762354431529501,
                0.6644359608873213
            ]
        },
        "DPR": {
            "Train": {
                "age-group": [
                    0.9926766679656484,
                    0.9678051051709028,
                    0.9316453644178988
                ]
            },
            "Validation": {
                "age-group": [
                    0.8397711545945125,
                    0.8759926976408989,
                    0.8747459680571116
                ]
            },
            "Test": {
                "age-group": [
                    0.9842763959109865,
                    0.9418381293253355,
                    0.8739067055393587
                ]
            }
        },
        "EOR": {
            "Train": {
                "age-group": [
                    0.8088235294117647,
                    0.8365205360597497,
                    0.6066176470588236
                ]
            },
            "Validation": {
                "age-group": [
                    0.8563387407899313,
                    0.8053974633948626,
                    0.6343805894704098
                ]
            },
            "Test": {
                "age-group": [
                    0.8590102792962987,
                    0.7597924743400155,
                    0.6295731707317073
                ]
            }
        }
    },
    "XGBoost": {
        "AUC": {
            "Train": [
                0.8719764601437772,
                0.8781511980787038,
                0.8676509092762613
            ],
            "Validation": [
                0.8671322510957452,
                0.875810420790864,
                0.8638116604218298
            ],
            "Test": [
                0.8640312819349875,
                0.8767560895348221,
                0.8655221408619521
            ]
        },
        "DPR": {
            "Train": {
                "age-group": [
                    0.4497332786212556,
                    0.41462785696827825,
                    0.768610360392229
                ]
            },
            "Validation": {
                "age-group": [
                    0.4019465649959905,
                    0.4099165749854389,
                    0.811088168625101
                ]
            },
            "Test": {
                "age-group": [
                    0.43943604227405253,
                    0.4474067822617768,
                    0.7217418649487446
                ]
            }
        },
        "EOR": {
            "Train": {
                "age-group": [
                    0.42676534073388833,
                    0.343727273256186,
                    0.7193863122171946
                ]
            },
            "Validation": {
                "age-group": [
                    0.40374832663989285,
                    0.430708340608812,
                    0.6488944310958362
                ]
            },
            "Test": {
                "age-group": [
                    0.45150970524802303,
                    0.37220139673410696,
                    0.5028919330289193
                ]
            }
        }
    },
    "CatBoost": {
        "AUC": {
            "Train": [
                0.896606477967166,
                0.8972295118076808,
                0.8957336896334894
            ],
            "Validation": [
                0.891111851998423,
                0.8950301218880098,
                0.8925270672337168
            ],
            "Test": [
                0.8912026045747535,
                0.898486327808208,
                0.894732248164264
            ]
        },
        "DPR": {
            "Train": {
                "age-group": [
                    0.5006822329199903,
                    0.38365060391429234,
                    0.6803918516736708
                ]
            },