{
    "Random Forest": {
        "AUC": {
            "Train": [
                0.9584863727228475,
                0.9590632347443091,
                0.9579923494972032
            ],
            "Validation": [
                0.9171389823280305,
                0.9155592509569043,
                0.9145615377688391
            ],
            "Test": [
                0.9183707209851709,
                0.9178372044214883,
                0.9191297674933004
            ]
        },
        "DPR": {
            "Train": {
                "age-group": [
                    0.5957537348591924,
                    0.4849541786349337,
                    0.5357855567129264
                ]
            },
            "Validation": {
                "age-group": [
                    0.5914335562063188,
                    0.4176866781575831,
                    0.4723706118030511
                ]
            },
            "Test": {
                "age-group": [
                    0.47527987199344024,
                    0.4577606552825212,
                    0.5043406393169513
                ]
            }
        },
        "EOR": {
            "Train": {
                "age-group": [
                    0.8629446228074948,
                    0.5291890225100215,
                    0.6274466616742287
                ]
            },
            "Validation": {
                "age-group": [
                    0.7917383820998279,
                    0.40803212851405624,
                    0.4768279467074647
                ]
            },
            "Test": {
                "age-group": [
                    0.5123600698367053,
                    0.41820796026403495,
                    0.434645461347731
                ]
            }
        }
    },
    "SVM": {
        "AUC": {
            "Train": [
                0.7655215979350377,
                0.7580230202327806,
                0.7600525421586422
            ],
            "Validation": [
                0.746158378818092,
                0.739556538285352,
                0.7379114145737353
            ],
            "Test": [
                0.7568976554994831,
                0.7486580232758672,
                0.7530679842835918
            ]
        },
        "DPR": {
            "Train": {
                "age-group": [
                    0.9915461121157323,
                    0.8885241417042812,
                    0.9253152614138439
                ]
            },
            "Validation": {
                "age-group": [
                    0.9209450758636134,
                    0.8084486794330686,
                    0.4856725275698658
                ]
            },
            "Test": {
                "age-group": [
                    0.978179664723032,
                    0.8497658034297216,
                    0.9583181486880467
                ]
            }
        },
        "EOR": {
            "Train": {
                "age-group": [
                    0.5347593582887701,
                    0.5897671568627451,
                    0.4737878414964312
                ]
            },
            "Validation": {
                "age-group": [
                    0.3761238761238761,
                    0.16463334645152827,
                    0.13359591228443687
                ]
            },
            "Test": {
                "age-group": [
                    0.36875,
                    0.30256410256410254,
                    0.36875
                ]
            }
        }
    },
    "MLP": {
        "AUC": {
            "Train": [
                0.6921388630410512,
                0.8546478945460034,
                0.752526230888505
            ],
            "Validation": [
                0.6821539220496196,
                0.8499483336510717,
                0.7350093800550124
            ],
            "Test": [
                0.6723871833509034,
                0.8535378590807129,
                0.7350834517374972
            ]
        },
        "DPR": {
            "Train": {
                "age-group": [
                    0.8210916442048517,
                    0.801990336664116,
                    0.6848331028333764
                ]
            },
            "Validation": {
                "age-group": [
                    0.35758306974924187,
                    0.788771353881695,
                    0.7768885646543864
                ]
            },
            "Test": {
                "age-group": [
                    0.8088132345897351,
                    0.7782721454530932,
                    0.7185896501457727
                ]
            }
        },
        "EOR": {
            "Train": {
                "age-group": [
                    0.0,
                    0.8177347413365864,
                    0.594160366625198
                ]
            },
            "Validation": {
                "age-group": [
                    0.0,
                    0.860089778295583,
                    0.5535407988238177
                ]
            },
            "Test": {
                "age-group": [
                    0.0,
                    0.8343434343434344,
                    0.6779040404040403
                ]
            }
        }
    },
    "XGBoost": {
        "AUC": {
            "Train": [
                0.947592718688897,
                0.9455243202437751,
                0.9450042015593426
            ],
            "Validation": [
                0.9201225972738358,
                0.917893422456656,
                0.9175829123677886
            ],
            "Test": [
                0.9197003254360511,
                0.9156883517914072,
                0.9180453075664144
            ]
        },
        "DPR": {
            "Train": {
                "age-group": [
                    0.5848765586547946,
                    0.4680692181718033,
                    0.52483500236494
                ]
            },
            "Validation": {
                "age-group": [
                    0.4786513232681838,
                    0.4020685148033315,
                    0.4103996934137045
                ]
            },
            "Test": {
                "age-group": [
                    0.4464759974439874,
                    0.4151820755774837,
                    0.39974443665350406
                ]
            }
        },
        "EOR": {
            "Train": {
                "age-group": [
                    0.6641535615171138,
                    0.4470874998164545,
                    0.5067838421214925
                ]
            },
            "Validation": {
                "age-group": [
                    0.4650701571718974,
                    0.3895150494450922,
                    0.3748326639892905
                ]
            },
            "Test": {
                "age-group": [
                    0.4083735579062682,
                    0.4024816972079989,
                    0.348064085447263
                ]
            }
        }
    },
    "CatBoost": {
        "AUC": {
            "Train": [
                0.949002406801307,
                0.9490644454212146,
                0.9482986103730097
            ],
            "Validation": [
                0.9271856100408904,
                0.9260884342370653,
                0.9262815618747823
            ],
            "Test": [
                0.9290194385009752,
                0.9270729932436826,
                0.9263907830788946
            ]
        },
        "DPR": {
            "Train": {
                "age-group": [
                    0.5821365066338394,
                    0.4731500478730679,
                    0.5148240716562423
                ]
            },
            "Validation": {
                "age-group": [
                    0.4804033322247374,
                    0.3825523404629985,
                    0.41333667700164145
                ]
            },