{
    "Random Forest": {
        "AUC": {
            "Train": [
                0.9610295370878945,
                0.9600157475617509,
                0.9587318509893685
            ],
            "Validation": [
                0.9181776551398455,
                0.9146954847737117,
                0.9157278329377416
            ],
            "Test": [
                0.9186330659866139,
                0.9173524979846019,
                0.9188930346063044
            ]
        },
        "DPR": {
            "Train": {
                "age-group": [
                    0.5866339398091853,
                    0.49046146621906156,
                    0.5414609068055222
                ]
            },
            "Validation": {
                "age-group": [
                    0.5394449727729866,
                    0.42071652970898527,
                    0.437577750496106
                ]
            },
            "Test": {
                "age-group": [
                    0.47907898758581774,
                    0.45107364932580174,
                    0.4766763848396501
                ]
            }
        },
        "EOR": {
            "Train": {
                "age-group": [
                    0.674822695035461,
                    0.5928643511899756,
                    0.5952891542623273
                ]
            },
            "Validation": {
                "age-group": [
                    0.6000472478147886,
                    0.45981025551481286,
                    0.4435131831674524
                ]
            },
            "Test": {
                "age-group": [
                    0.4786895347643011,
                    0.412724211992802,
                    0.3936754022085188
                ]
            }
        }
    },
    "SVM": {
        "AUC": {
            "Train": [
                0.7655469886259609,
                0.7582304696062573,
                0.7601515525197965
            ],
            "Validation": [
                0.7461508871222039,
                0.7398707753988067,
                0.7380732954396578
            ],
            "Test": [
                0.7569061048568264,
                0.7489554104780782,
                0.7533253124791124
            ]
        },
        "DPR": {
            "Train": {
                "age-group": [
                    0.9915461121157323,
                    0.8885241417042812,
                    0.9277062569213732
                ]
            },
            "Validation": {
                "age-group": [
                    0.9209450758636134,
                    0.8084486794330686,
                    0.4856725275698658
                ]
            },
            "Test": {
                "age-group": [
                    0.9831450437317785,
                    0.8497658034297216,
                    0.9583181486880467
                ]
            }
        },
        "EOR": {
            "Train": {
                "age-group": [
                    0.5347593582887701,
                    0.5897671568627451,
                    0.4757785467128028
                ]
            },
            "Validation": {
                "age-group": [
                    0.3761238761238761,
                    0.16463334645152827,
                    0.13359591228443687
                ]
            },
            "Test": {
                "age-group": [
                    0.3654867256637168,
                    0.30256410256410254,
                    0.36875
                ]
            }
        }
    },
    "MLP": {
        "AUC": {
            "Train": [
                0.6212585683581782,
                0.7296313515489541,
                0.6626033751599727
            ],
            "Validation": [
                0.6080340193769137,
                0.7159237012561653,
                0.6468373899925399
            ],
            "Test": [
                0.5942175012443942,
                0.7071519886995881,
                0.6388590772426669
            ]
        },
        "DPR": {
            "Train": {
                "age-group": [
                    0.6729180281361925,
                    0.0,
                    0.8075502667213789
                ]
            },
            "Validation": {
                "age-group": [
                    0.9238502653773788,
                    0.0,
                    0.33035593245869044
                ]
            },
            "Test": {
                "age-group": [
                    0.6077623906705539,
                    0.9831450437317785,
                    0.5525112642459582
                ]
            }
        },
        "EOR": {
            "Train": {
                "age-group": [
                    0.7824031246787955,
                    0.0,
                    0.644195731389901
                ]
            },
            "Validation": {
                "age-group": [
                    0.46567717996289426,
                    0.0,
                    0.14952936971285596
                ]
            },
            "Test": {
                "age-group": [
                    0.5041887351633679,
                    0.0,
                    0.43325459587141835
                ]
            }
        }
    },
    "XGBoost": {
        "AUC": {
            "Train": [
                0.9479698266400577,
                0.9469070843189606,
                0.9463003649021338
            ],
            "Validation": [
                0.9202944545187047,
                0.915434640336857,
                0.918058691526749
            ],
            "Test": [
                0.9197968895199756,
                0.9179387098706447,
                0.9172754730395342
            ]
        },
        "DPR": {
            "Train": {
                "age-group": [
                    0.5885732216563276,
                    0.48935103133236524,
                    0.5111717235109062
                ]
            },
            "Validation": {
                "age-group": [
                    0.4572326749510773,
                    0.36075934310794633,
                    0.43654278726319584
                ]
            },
            "Test": {
                "age-group": [
                    0.4525204869592625,
                    0.4383137305802947,
                    0.4323799773668866
                ]
            }
        },
        "EOR": {
            "Train": {
                "age-group": [
                    0.6487214219637901,
                    0.4501853899205043,
                    0.45343817452975643
                ]
            },
            "Validation": {
                "age-group": [
                    0.4501958451088304,
                    0.32058056788557737,
                    0.38260569158353847
                ]
            },
            "Test": {
                "age-group": [
                    0.4325056683072499,
                    0.4002601759611105,
                    0.4110780185546541
                ]
            }
        }
    },
    "CatBoost": {
        "AUC": {
            "Train": [
                0.9488139099690671,
                0.9489400443691371,
                0.9485608221143813
            ],
            "Validation": [
                0.9279101586793894,
                0.9266824993682881,
                0.926101083532635
            ],
            "Test": [
                0.9294171618216392,
                0.9273521237987767,
                0.9267357733568528
            ]
        },
        "DPR": {
            "Train": {
                "age-group": [
                    0.5340949254547942,
                    0.49158193893524216,
                    0.511806617674488
                ]
            },
            "Validation": {
                "age-group": [
                    0.44269757629232365,
                    0.38235518664455465,
                    0.4306380287594951
                ]
            },