{
    "Random Forest": {
        "AUC": {
            "Train": [
                1.0,
                0.9999999999999999,
                1.0
            ],
            "Validation": [
                0.9220679911683823,
                0.920503732596301,
                0.9207703842645171
            ],
            "Test": [
                0.9233026184105763,
                0.9232640682176971,
                0.9240473311874983
            ]
        },
        "DPR": {
            "Train": {
                "age-group": [
                    0.495627056731597,
                    0.495627056731597,
                    0.495627056731597
                ]
            },
            "Validation": {
                "age-group": [
                    0.463334221860576,
                    0.3974923982622891,
                    0.5057868259468661
                ]
            },
            "Test": {
                "age-group": [
                    0.47120433450348065,
                    0.4373280983552451,
                    0.4341948088759313
                ]
            }
        },
        "EOR": {
            "Train": {
                "age-group": [
                    1.0,
                    1.0,
                    1.0
                ]
            },
            "Validation": {
                "age-group": [
                    0.43879220586047896,
                    0.38152610441767065,
                    0.5507745266781411
                ]
            },
            "Test": {
                "age-group": [
                    0.4608400944849543,
                    0.38268118174660226,
                    0.3923058799364462
                ]
            }
        }
    },
    "SVM": {
        "AUC": {
            "Train": [
                0.7386379515285806,
                0.7386381324824918,
                0.7386378562896799
            ],
            "Validation": [
                0.7163752359319504,
                0.7163752735786634,
                0.7163751982852373
            ],
            "Test": [
                0.7274115107103903,
                0.7274114352696996,
                0.7274115107103903
            ]
        },
        "DPR": {
            "Train": {
                "age-group": [
                    0.0,
                    0.0,
                    0.0
                ]
            },
            "Validation": {
                "age-group": [
                    0.0,
                    0.0,
                    0.0
                ]
            },
            "Test": {
                "age-group": [
                    0.0,
                    0.0,
                    0.0
                ]
            }
        },
        "EOR": {
            "Train": {
                "age-group": [
                    0.0,
                    0.0,
                    0.0
                ]
            },
            "Validation": {
                "age-group": [
                    0.0,
                    0.0,
                    0.0
                ]
            },
            "Test": {
                "age-group": [
                    0.0,
                    0.0,
                    0.0
                ]
            }
        }
    },
    "MLP": {
        "AUC": {
            "Train": [
                0.6893268011638042,
                0.8031494780641574,
                0.6205016095755171
            ],
            "Validation": [
                0.6805479132728155,
                0.7861994227704788,
                0.6077342762479659
            ],
            "Test": [
                0.6656135146263656,
                0.7833182678274273,
                0.5965142176279847
            ]
        },
        "DPR": {
            "Train": {
                "age-group": [
                    0.5484642021855037,
                    0.6125199471116582,
                    0.09191629052113255
                ]
            },
            "Validation": {
                "age-group": [
                    0.7131249503126214,
                    0.536442855456974,
                    0.0
                ]
            },
            "Test": {
                "age-group": [
                    0.6387172900519092,
                    0.6194738363325626,
                    0.05958454810495627
                ]
            }
        },
        "EOR": {
            "Train": {
                "age-group": [
                    0.536790780141844,
                    0.5840430848405584,
                    0.0
                ]
            },
            "Validation": {
                "age-group": [
                    0.8000629970863847,
                    0.5708856933108778,
                    0.0
                ]
            },
            "Test": {
                "age-group": [
                    0.8291876347951114,
                    0.8519051042415529,
                    NaN
                ]
            }
        }
    },
    "XGBoost": {
        "AUC": {
            "Train": [
                0.9905279770366059,
                0.9905279770366059,
                0.9905279770366059
            ],
            "Validation": [
                0.9244584821507897,
                0.9244584821507897,
                0.9244584821507897
            ],
            "Test": [
                0.9277778356156404,
                0.9277778356156404,
                0.9277778356156404
            ]
        },
        "DPR": {
            "Train": {
                "age-group": [
                    0.45759764777427137,
                    0.45759764777427137,
                    0.45759764777427137
                ]
            },
            "Validation": {
                "age-group": [
                    0.39108802050672187,
                    0.39108802050672187,
                    0.39108802050672187
                ]
            },
            "Test": {
                "age-group": [
                    0.3813411078717201,
                    0.3813411078717201,
                    0.3813411078717201
                ]
            }
        },
        "EOR": {
            "Train": {
                "age-group": [
                    0.4334335491828554,
                    0.4334335491828554,
                    0.4334335491828554
                ]
            },
            "Validation": {
                "age-group": [
                    0.31682284694332885,
                    0.31682284694332885,
                    0.31682284694332885
                ]
            },
            "Test": {
                "age-group": [
                    0.3138140230930618,
                    0.3138140230930618,
                    0.3138140230930618
                ]
            }
        }
    },
    "CatBoost": {
        "AUC": {
            "Train": [
                0.9737239111126959,
                0.9744437267240887,
                0.9743219161701101
            ],
            "Validation": [
                0.934158308343445,
                0.9333502592955005,
                0.9334622959134041
            ],
            "Test": [
                0.9359829160029772,
                0.9355713870359399,
                0.9356398871829736
            ]
        },
        "DPR": {
            "Train": {
                "age-group": [
                    0.4456982628915333,
                    0.4415307082139157,
                    0.46257060026488656
                ]
            },
            "Validation": {
                "age-group": [
                    0.3566454207742592,
                    0.35907158009925416,
                    0.37957371926002237
                ]
            },
            "Test": {
                "age-group": [
                    0.40851527299231377,
                    0.3817667117867555,
                    0.41617515137923305
                ]
            }
        },