{
    "Random Forest": {
        "AUC": {
            "Train": [
                0.7335176987020614,
                0.7306992177229079,
                0.7179373193175196
            ],
            "Validation": [
                0.7217989602279042,
                0.7183945303241263,
                0.7084786496455338
            ],
            "Test": [
                0.7514201332795593,
                0.7454163368022472,
                0.7333220624941628
            ]
        },
        "DPR": {
            "Train": {
                "age-group": [
                    0.49168236968571116,
                    0.5639654650733846,
                    0.5969995663776821
                ]
            },
            "Validation": {
                "age-group": [
                    0.4760171575212104,
                    0.5398138209607639,
                    0.5760254533969742
                ]
            },
            "Test": {
                "age-group": [
                    0.4644380647931965,
                    0.5425728554133518,
                    0.5805706286751989
                ]
            }
        },
        "EOR": {
            "Train": {
                "age-group": [
                    0.4831950547332717,
                    0.5666310129509714,
                    0.6041234215533645
                ]
            },
            "Validation": {
                "age-group": [
                    0.46933766813284883,
                    0.5412683873897148,
                    0.5849755611593661
                ]
            },
            "Test": {
                "age-group": [
                    0.4548174686564334,
                    0.54877420906688,
                    0.6075235057860662
                ]
            }
        }
    },
    "SVM": {
        "AUC": {
            "Train": [
                0.6013110377543003,
                0.6109064046179744,
                0.6006243843281265
            ],
            "Validation": [
                0.5957698496811926,
                0.6056227850556404,
                0.5949741111084006
            ],
            "Test": [
                0.574336012534018,
                0.5836330969172973,
                0.5736427125877168
            ]
        },
        "DPR": {
            "Train": {
                "age-group": [
                    0.9742803837953091,
                    0.7744703389830508,
                    0.747444111232279
                ]
            },
            "Validation": {
                "age-group": [
                    0.0,
                    0.23078056274596462,
                    0.0
                ]
            },
            "Test": {
                "age-group": [
                    0.658151945793608,
                    0.9133537206931703,
                    0.5163961420842155
                ]
            }
        },
        "EOR": {
            "Train": {
                "age-group": [
                    0.41126620139581255,
                    0.3783969728242174,
                    0.4621848739495798
                ]
            },
            "Validation": {
                "age-group": [
                    0.0,
                    0.0,
                    0.0
                ]
            },
            "Test": {
                "age-group": [
                    0.259748427672956,
                    0.339917695473251,
                    0.0
                ]
            }
        }
    },
    "MLP": {
        "AUC": {
            "Train": [
                0.684539655916328,
                0.648609590145867,
                0.6787902549118701
            ],
            "Validation": [
                0.6913077203168467,
                0.6589927230409629,
                0.6834607900448839
            ],
            "Test": [
                0.7010243563287121,
                0.6626366249766322,
                0.6951824178530093
            ]
        },
        "DPR": {
            "Train": {
                "age-group": [
                    0.6617050680492903,
                    0.6934280691872512,
                    0.7298310589242062
                ]
            },
            "Validation": {
                "age-group": [
                    0.6659137877098751,
                    0.684710738080921,
                    0.7496434583197542
                ]
            },
            "Test": {
                "age-group": [
                    0.6532231940395207,
                    0.6709738243123335,
                    0.7228750795339076
                ]
            }
        },
        "EOR": {
            "Train": {
                "age-group": [
                    0.6530081273952689,
                    0.6926526433926988,
                    0.7219220493200118
                ]
            },
            "Validation": {
                "age-group": [
                    0.6529495367667438,
                    0.6783860588553043,
                    0.7400034922297888
                ]
            },
            "Test": {
                "age-group": [
                    0.64653512375475,
                    0.6644170941032166,
                    0.7151740545943569
                ]
            }
        }
    },
    "XGBoost": {
        "AUC": {
            "Train": [
                0.7050446579014877,
                0.7102936737217359,
                0.7053608129562087
            ],
            "Validation": [
                0.6983003337305814,
                0.7061643932569618,
                0.7014675893424264
            ],
            "Test": [
                0.721498846587282,
                0.7275714826947355,
                0.7158524126611809
            ]
        },
        "DPR": {
            "Train": {
                "age-group": [
                    0.6532997674110701,
                    0.5810721327154805,
                    0.5111535327945383
                ]
            },
            "Validation": {
                "age-group": [
                    0.6084291093785682,
                    0.5607753617383212,
                    0.48720731488416585
                ]
            },
            "Test": {
                "age-group": [
                    0.6208030439619456,
                    0.5496256913980545,
                    0.5069714820828874
                ]
            }
        },
        "EOR": {
            "Train": {
                "age-group": [
                    0.6706941276921402,
                    0.5929128472514226,
                    0.5018358381709547
                ]
            },
            "Validation": {
                "age-group": [
                    0.6198045675716839,
                    0.5799750727046116,
                    0.48551748895021424
                ]
            },
            "Test": {
                "age-group": [
                    0.6422818074544185,
                    0.5781242157463083,
                    0.5140066091138109
                ]
            }
        }
    },
    "CatBoost": {
        "AUC": {
            "Train": [
                0.7087743942063053,
                0.7224028713690455,
                0.7246075185854906
            ],
            "Validation": [
                0.7023871479542927,
                0.7195587925705266,
                0.7164428494285078
            ],
            "Test": [
                0.7284780157529215,
                0.7418843545513293,
                0.7406138578815077
            ]
        },
        "DPR": {
            "Train": {
                "age-group": [
                    0.5833202770420661,
                    0.5928528816632986,
                    0.5236502229053505
                ]
            },
            "Validation": {
                "age-group": [
                    0.5523763427283398,
                    0.5436179913931262,
                    0.5036527043183984
                ]
            },