{
    "Random Forest": {
        "AUC": {
            "Train": [
                0.9859994530239454,
                0.9860683774163728,
                0.9863412844862917
            ],
            "Validation": [
                0.9083135763383482,
                0.9072185840438773,
                0.9087197843716749
            ],
            "Test": [
                0.9043234003593692,
                0.9031306830415212,
                0.9068663174366218
            ]
        },
        "DPR": {
            "Train": {
                "age-group": [
                    0.6702229517165914,
                    0.6561470262742319,
                    0.675482606118634
                ]
            },
            "Validation": {
                "age-group": [
                    0.6545777858836404,
                    0.6415509563752161,
                    0.6227695238273389
                ]
            },
            "Test": {
                "age-group": [
                    0.6840424111653147,
                    0.6899418713737263,
                    0.6684460712162813
                ]
            }
        },
        "EOR": {
            "Train": {
                "age-group": [
                    0.34083026799789806,
                    0.46669704746600144,
                    0.19108730621696626
                ]
            },
            "Validation": {
                "age-group": [
                    0.7118670761477282,
                    0.6895506554519967,
                    0.6708044298405744
                ]
            },
            "Test": {
                "age-group": [
                    0.8425435096894479,
                    0.8544015294554476,
                    0.7701917575081794
                ]
            }
        }
    },
    "SVM": {
        "AUC": {
            "Train": [
                0.8284535206354887,
                0.8285491976351191,
                0.828527826025805
            ],
            "Validation": [
                0.8222716749444259,
                0.8223464789631675,
                0.8215654979018734
            ],
            "Test": [
                0.8252034295941457,
                0.8248163811311969,
                0.8252697042408079
            ]
        },
        "DPR": {
            "Train": {
                "age-group": [
                    0.9404977510041886,
                    0.9321133104050245,
                    0.9398004143093345
                ]
            },
            "Validation": {
                "age-group": [
                    0.8785551061569986,
                    0.8762910602763351,
                    0.8798714119015704
                ]
            },
            "Test": {
                "age-group": [
                    0.9447954143663545,
                    0.9485986833943304,
                    0.9524019524223065
                ]
            }
        },
        "EOR": {
            "Train": {
                "age-group": [
                    0.7474581389886246,
                    0.7541049393037488,
                    0.7523939808481531
                ]
            },
            "Validation": {
                "age-group": [
                    0.7519585374256654,
                    0.7502279078803819,
                    0.7536971698821409
                ]
            },
            "Test": {
                "age-group": [
                    0.7454301075268818,
                    0.7445723053317991,
                    0.726223241590214
                ]
            }
        }
    },
    "MLP": {
        "AUC": {
            "Train": [
                0.8487601304666271,
                0.8337353176853534,
                0.8617606213660169
            ],
            "Validation": [
                0.8390078223846151,
                0.8218886572863104,
                0.8481150893145679
            ],
            "Test": [
                0.8448274769479653,
                0.8216947207962674,
                0.8564037000339333
            ]
        },
        "DPR": {
            "Train": {
                "age-group": [
                    0.8255968351167365,
                    0.7226611308201559,
                    0.7697181346875149
                ]
            },
            "Validation": {
                "age-group": [
                    0.7490766915921941,
                    0.6587600224343458,
                    0.7277964502111867
                ]
            },
            "Test": {
                "age-group": [
                    0.8325153061224491,
                    0.7450728537588506,
                    0.7614703266294411
                ]
            }
        },
        "EOR": {
            "Train": {
                "age-group": [
                    0.9144593509918587,
                    0.7648886323115838,
                    0.8160665485025881
                ]
            },
            "Validation": {
                "age-group": [
                    0.8223841869535756,
                    0.6818616457170674,
                    0.8198450367125066
                ]
            },
            "Test": {
                "age-group": [
                    0.8850972634355424,
                    0.8676811246904705,
                    0.9523228212953544
                ]
            }
        }
    },
    "XGBoost": {
        "AUC": {
            "Train": [
                0.9563408783876192,
                0.9569925696133507,
                0.9579393204773007
            ],
            "Validation": [
                0.9047740700283072,
                0.904426967334399,
                0.9008277533375316
            ],
            "Test": [
                0.8972688282235091,
                0.8958688376083309,
                0.8985128829312872
            ]
        },
        "DPR": {
            "Train": {
                "age-group": [
                    0.7056852502892716,
                    0.6989570327328901,
                    0.6724316985567156
                ]
            },
            "Validation": {
                "age-group": [
                    0.6917566953828768,
                    0.5996553449590108,
                    0.5927915950737687
                ]
            },
            "Test": {
                "age-group": [
                    0.674582205331112,
                    0.6149781341107873,
                    0.6584393497658804
                ]
            }
        },
        "EOR": {
            "Train": {
                "age-group": [
                    0.8843163710215733,
                    0.9561300308719848,
                    0.9783394131918384
                ]
            },
            "Validation": {
                "age-group": [
                    0.7746541722445338,
                    0.6475283851455204,
                    0.6472950626033546
                ]
            },
            "Test": {
                "age-group": [
                    0.7685401047550581,
                    0.6462557088153121,
                    0.7191933567100456
                ]
            }
        }
    },
    "CatBoost": {
        "AUC": {
            "Train": [
                0.9504479428359356,
                0.9492564851405602,
                0.9500136344010224
            ],
            "Validation": [
                0.9149336378801829,
                0.9138969226974442,
                0.912706081871662
            ],
            "Test": [
                0.9080730290025699,
                0.9048572186858143,
                0.9085317084012112
            ]
        },
        "DPR": {
            "Train": {
                "age-group": [
                    0.697374841018543,
                    0.6656160361892641,
                    0.6785806932397568
                ]
            },