{
    "Random Forest": {
        "AUC": {
            "Train": [
                0.9099223905817413,
                0.9087305138352028,
                0.9093930432478324
            ],
            "Validation": [
                0.9045553049790338,
                0.9020968993263647,
                0.9029190282449736
            ],
            "Test": [
                0.9082995396759943,
                0.9057136591254645,
                0.9083262079601092
            ]
        },
        "DPR": {
            "Train": {
                "age-group": [
                    0.5717909501249674,
                    0.5552751249290335,
                    0.5254547941458076
                ]
            },
            "Validation": {
                "age-group": [
                    0.4363851905890936,
                    0.5548716234016252,
                    0.4429323045936452
                ]
            },
            "Test": {
                "age-group": [
                    0.43484042553191493,
                    0.46674562682215737,
                    0.4832161523145844
                ]
            }
        },
        "EOR": {
            "Train": {
                "age-group": [
                    0.6065170467495207,
                    0.7342874244980138,
                    0.5710411235388109
                ]
            },
            "Validation": {
                "age-group": [
                    0.41201844414695815,
                    0.6559571619812583,
                    0.5109326193663543
                ]
            },
            "Test": {
                "age-group": [
                    0.4961645112615637,
                    0.3757510013351135,
                    0.43290687950234014
                ]
            }
        }
    },
    "SVM": {
        "AUC": {
            "Train": [
                0.7369450895927577,
                0.7139420950531468,
                0.7319412472745483
            ],
            "Validation": [
                0.7190160399091298,
                0.6863138085432741,
                0.715576937382674
            ],
            "Test": [
                0.7304724412894141,
                0.7052136910368765,
                0.724311879057106
            ]
        },
        "DPR": {
            "Train": {
                "age-group": [
                    0.0,
                    0.0,
                    0.0
                ]
            },
            "Validation": {
                "age-group": [
                    0.0,
                    0.0,
                    0.0
                ]
            },
            "Test": {
                "age-group": [
                    0.0,
                    0.0,
                    0.0
                ]
            }
        },
        "EOR": {
            "Train": {
                "age-group": [
                    0.0,
                    0.0,
                    0.0
                ]
            },
            "Validation": {
                "age-group": [
                    0.0,
                    0.0,
                    0.0
                ]
            },
            "Test": {
                "age-group": [
                    0.0,
                    0.0,
                    0.0
                ]
            }
        }
    },
    "MLP": {
        "AUC": {
            "Train": [
                0.7271187779188075,
                0.7212216613793838,
                0.7201279378438934
            ],
            "Validation": [
                0.7213010071549837,
                0.7116450017362663,
                0.7134184630925178
            ],
            "Test": [
                0.7058344170388534,
                0.701991920905566,
                0.7056572068567137
            ]
        },
        "DPR": {
            "Train": {
                "age-group": [
                    0.748328587475079,
                    0.948003112033195,
                    0.6685378197237041
                ]
            },
            "Validation": {
                "age-group": [
                    0.6324188640486864,
                    0.762137515958417,
                    0.794824498864258
                ]
            },
            "Test": {
                "age-group": [
                    0.6570851554907677,
                    0.5703092461474386,
                    0.750481570179092
                ]
            }
        },
        "EOR": {
            "Train": {
                "age-group": [
                    0.7049248931765121,
                    0.3393665158371041,
                    0.7412240128535956
                ]
            },
            "Validation": {
                "age-group": [
                    0.6091030789825971,
                    0.6886775196634352,
                    0.8327803583278036
                ]
            },
            "Test": {
                "age-group": [
                    0.6606611012485512,
                    0.38944233336756706,
                    0.647843137254902
                ]
            }
        }
    },
    "XGBoost": {
        "AUC": {
            "Train": [
                0.9085397217454564,
                0.9072832158809114,
                0.9095422254618686
            ],
            "Validation": [
                0.900750238755454,
                0.9011918723457186,
                0.9053437400895027
            ],
            "Test": [
                0.9030153719459911,
                0.9054735691277381,
                0.9068987946539104
            ]
        },
        "DPR": {
            "Train": {
                "age-group": [
                    0.4546059269079376,
                    0.4124074833964042,
                    0.438974850600925
                ]
            },
            "Validation": {
                "age-group": [
                    0.3219109064380813,
                    0.3351378462175471,
                    0.3757606154560377
                ]
            },
            "Test": {
                "age-group": [
                    0.37175576752440104,
                    0.4398147576221772,
                    0.3872995626822157
                ]
            }
        },
        "EOR": {
            "Train": {
                "age-group": [
                    0.36743189412675337,
                    0.382310617740775,
                    0.3628745993158789
                ]
            },
            "Validation": {
                "age-group": [
                    0.26380029923616033,
                    0.27024765729585004,
                    0.35155113206448985
                ]
            },
            "Test": {
                "age-group": [
                    0.35049810003081033,
                    0.4663059517953762,
                    0.3918763479511143
                ]
            }
        }
    },
    "CatBoost": {
        "AUC": {
            "Train": [
                0.9203368881824447,
                0.9186584358922958,
                0.9191821546071742
            ],
            "Validation": [
                0.9160624369229324,
                0.9144598916437249,
                0.9156584123989601
            ],
            "Test": [
                0.9188723638570894,
                0.917713972053449,
                0.918157865076739
            ]
        },
        "DPR": {
            "Train": {
                "age-group": [
                    0.41499333335557403,
                    0.4029776352790896,
                    0.3826047244557335
                ]
            },
            "Validation": {
                "age-group": [
                    0.3468853917088685,
                    0.30172599605391875,
                    0.33345809707617297
                ]
            },