{
    "Random Forest": {
        "AUC": {
            "Train": [
                0.8032472217479326,
                0.8171019674909249,
                0.8197951712201147
            ],
            "Validation": [
                0.7988905061916796,
                0.8204333106549534,
                0.8231358928881746
            ],
            "Test": [
                0.8130913512830876,
                0.8246735719039556,
                0.828372504403096
            ]
        },
        "DPR": {
            "Train": {
                "age-group": [
                    0.33177403911913556,
                    0.5888950574074521,
                    0.5156862013653151
                ]
            },
            "Validation": {
                "age-group": [
                    0.3226791902243297,
                    0.45629376174579134,
                    0.39699888709815495
                ]
            },
            "Test": {
                "age-group": [
                    0.3174231380864034,
                    0.41398847485422735,
                    0.38012734855847097
                ]
            }
        },
        "EOR": {
            "Train": {
                "age-group": [
                    0.3380491761519795,
                    0.5483620830385808,
                    0.5565731318737794
                ]
            },
            "Validation": {
                "age-group": [
                    0.322449217158489,
                    0.4381161007667031,
                    0.31201729996910715
                ]
            },
            "Test": {
                "age-group": [
                    0.4002601759611105,
                    0.5340514350959651,
                    0.3955273698264352
                ]
            }
        }
    },
    "SVM": {
        "AUC": {
            "Train": [
                0.43365508653063656,
                0.37885742309896864,
                0.3972459309941593
            ],
            "Validation": [
                0.4459140968267435,
                0.3869829863962849,
                0.40357961511807666
            ],
            "Test": [
                0.4309520026712039,
                0.3778223682552816,
                0.3966980816790322
            ]
        },
        "DPR": {
            "Train": {
                "age-group": [
                    NaN,
                    NaN,
                    NaN
                ]
            },
            "Validation": {
                "age-group": [
                    NaN,
                    NaN,
                    NaN
                ]
            },
            "Test": {
                "age-group": [
                    NaN,
                    NaN,
                    NaN
                ]
            }
        },
        "EOR": {
            "Train": {
                "age-group": [
                    NaN,
                    NaN,
                    NaN
                ]
            },
            "Validation": {
                "age-group": [
                    NaN,
                    NaN,
                    NaN
                ]
            },
            "Test": {
                "age-group": [
                    NaN,
                    NaN,
                    NaN
                ]
            }
        }
    },
    "MLP": {
        "AUC": {
            "Train": [
                0.5941229102966128,
                0.5759939665013548,
                0.5101832575498353
            ],
            "Validation": [
                0.5957631485662778,
                0.5829319817259844,
                0.5322169652352182
            ],
            "Test": [
                0.582005690340408,
                0.562618187271858,
                0.5158795863979228
            ]
        },
        "DPR": {
            "Train": {
                "age-group": [
                    0.6221601166205187,
                    0.5657019208446203,
                    0.43287493682144773
                ]
            },
            "Validation": {
                "age-group": [
                    0.5965394335739036,
                    0.5817348793999635,
                    0.37751632652719747
                ]
            },
            "Test": {
                "age-group": [
                    0.6604274428665475,
                    0.5884589668216755,
                    0.3719778217409413
                ]
            }
        },
        "EOR": {
            "Train": {
                "age-group": [
                    0.6385453515594499,
                    0.5821042875564153,
                    0.403006993006993
                ]
            },
            "Validation": {
                "age-group": [
                    0.6155752486530143,
                    0.5887150133099448,
                    0.380398406374502
                ]
            },
            "Test": {
                "age-group": [
                    0.6781832790628831,
                    0.6229155743420377,
                    0.3341404358353511
                ]
            }
        }
    },
    "XGBoost": {
        "AUC": {
            "Train": [
                0.7873615159716779,
                0.8094827506731677,
                0.7924357969808353
            ],
            "Validation": [
                0.7831490602025153,
                0.8097783873533547,
                0.7972347284602825
            ],
            "Test": [
                0.7895726028381089,
                0.8132451371308064,
                0.8017836593351894
            ]
        },
        "DPR": {
            "Train": {
                "age-group": [
                    0.1922335323264546,
                    0.3079281315596228,
                    0.3966111762265443
                ]
            },
            "Validation": {
                "age-group": [
                    0.18003067827014843,
                    0.33339942910221443,
                    0.3356579648658076
                ]
            },
            "Test": {
                "age-group": [
                    0.1652309099931766,
                    0.2480883912006361,
                    0.4252492451062057
                ]
            }
        },
        "EOR": {
            "Train": {
                "age-group": [
                    0.14518124724333228,
                    0.28360298791116817,
                    0.33598411693742525
                ]
            },
            "Validation": {
                "age-group": [
                    0.14180177500123953,
                    0.27823713153266666,
                    0.2738225629791895
                ]
            },
            "Test": {
                "age-group": [
                    0.13931530840040432,
                    0.24808225563078184,
                    0.40493151708104974
                ]
            }
        }
    },
    "CatBoost": {
        "AUC": {
            "Train": [
                0.8075228007642579,
                0.8296938263630267,
                0.8340211962935459
            ],
            "Validation": [
                0.8013215803307068,
                0.8267791911859709,
                0.8355233932157009
            ],
            "Test": [
                0.8059693351698615,
                0.8314507863409499,
                0.8394478767443964
            ]
        },
        "DPR": {
            "Train": {
                "age-group": [
                    0.14744068726970605,
                    0.2063268631107279,
                    0.30418604727352844
                ]
            },
            "Validation": {
                "age-group": [
                    0.1340564464823987,
                    0.20780247170909216,
                    0.2714602711411028
                ]
            },