{
    "Random Forest": {
        "AUC": {
            "Train": [
                0.8712145013188303,
                0.8763085824954405,
                0.86643368945825
            ],
            "Validation": [
                0.8649636121930777,
                0.8729851855666719,
                0.8671900011534952
            ],
            "Test": [
                0.8712640827023098,
                0.8755842315679158,
                0.8684165738368971
            ]
        },
        "DPR": {
            "Train": {
                "age-group": [
                    0.6444281981085117,
                    0.9032008086253369,
                    0.8169323599523242
                ]
            },
            "Validation": {
                "age-group": [
                    0.7803371546086574,
                    0.6760897318985957,
                    0.9702311273242044
                ]
            },
            "Test": {
                "age-group": [
                    0.9506639217018781,
                    0.8560313411078717,
                    0.9916571220324865
                ]
            }
        },
        "EOR": {
            "Train": {
                "age-group": [
                    0.11571397987582958,
                    0.13486089740924023,
                    0.37366773567875866
                ]
            },
            "Validation": {
                "age-group": [
                    0.42099966454209997,
                    0.539937527889335,
                    0.46734627379788674
                ]
            },
            "Test": {
                "age-group": [
                    0.48817966903073284,
                    0.5551944349412703,
                    0.5047777777777778
                ]
            }
        }
    },
    "SVM": {
        "AUC": {
            "Train": [
                0.5663694565340704,
                0.6843470066680184,
                0.4673431142922428
            ],
            "Validation": [
                0.5748342114052675,
                0.6789074954003245,
                0.46371376390933106
            ],
            "Test": [
                0.585127954200862,
                0.6749843800050184,
                0.47016569642394535
            ]
        },
        "DPR": {
            "Train": {
                "age-group": [
                    NaN,
                    NaN,
                    NaN
                ]
            },
            "Validation": {
                "age-group": [
                    NaN,
                    NaN,
                    NaN
                ]
            },
            "Test": {
                "age-group": [
                    NaN,
                    NaN,
                    NaN
                ]
            }
        },
        "EOR": {
            "Train": {
                "age-group": [
                    NaN,
                    NaN,
                    NaN
                ]
            },
            "Validation": {
                "age-group": [
                    NaN,
                    NaN,
                    NaN
                ]
            },
            "Test": {
                "age-group": [
                    NaN,
                    NaN,
                    NaN
                ]
            }
        }
    },
    "MLP": {
        "AUC": {
            "Train": [
                0.8255460103319731,
                0.7335782230234481,
                0.4702413292790514
            ],
            "Validation": [
                0.8165764049075653,
                0.7282990793421041,
                0.4559951336352901
            ],
            "Test": [
                0.8241666859040427,
                0.741279018450228,
                0.45983499913922177
            ]
        },
        "DPR": {
            "Train": {
                "age-group": [
                    0.9301212950788084,
                    0.763917913566831,
                    0.2757488715633976
                ]
            },
            "Validation": {
                "age-group": [
                    0.8916482113545764,
                    0.9754214432608216,
                    0.0
                ]
            },
            "Test": {
                "age-group": [
                    0.9183030354999143,
                    0.9918956629868204,
                    0.0
                ]
            }
        },
        "EOR": {
            "Train": {
                "age-group": [
                    0.7182602770838065,
                    0.5834136933461909,
                    0.0
                ]
            },
            "Validation": {
                "age-group": [
                    0.8509362123819955,
                    0.6992842141356993,
                    0.0
                ]
            },
            "Test": {
                "age-group": [
                    0.7330303030303029,
                    0.6314984709480123,
                    0.0
                ]
            }
        }
    },
    "XGBoost": {
        "AUC": {
            "Train": [
                0.8367613147052138,
                0.8493482021066998,
                0.8317989489282537
            ],
            "Validation": [
                0.8384669144121557,
                0.8514159531108685,
                0.8354823959452381
            ],
            "Test": [
                0.8332957638694314,
                0.8437161601352381,
                0.8298750566370985
            ]
        },
        "DPR": {
            "Train": {
                "age-group": [
                    0.39742335290280495,
                    0.18920807453416147,
                    0.07074796139554088
                ]
            },
            "Validation": {
                "age-group": [
                    0.1450522704926345,
                    0.33447931781243323,
                    0.1433482790624714
                ]
            },
            "Test": {
                "age-group": [
                    0.37295276928304455,
                    0.23180766046598067,
                    0.1381306552900165
                ]
            }
        },
        "EOR": {
            "Train": {
                "age-group": [
                    0.2097813188676047,
                    0.06238157983322593,
                    0.0
                ]
            },
            "Validation": {
                "age-group": [
                    0.0,
                    0.20949487530464395,
                    0.043004488914779156
                ]
            },
            "Test": {
                "age-group": [
                    0.1163863687978867,
                    0.10024271844660194,
                    0.0679835390946502
                ]
            }
        }
    },
    "CatBoost": {
        "AUC": {
            "Train": [
                0.8630867278191838,
                0.8751829444043299,
                0.8586554903435754
            ],
            "Validation": [
                0.8629612964684672,
                0.8752156027253812,
                0.8601797314313613
            ],
            "Test": [
                0.860079095037617,
                0.8711707625680796,
                0.8566605001446196
            ]
        },
        "DPR": {
            "Train": {
                "age-group": [
                    0.11206315144083384,
                    0.3908789563729683,
                    0.083903323540213
                ]
            },
            "Validation": {
                "age-group": [
                    0.1755758597869479,
                    0.571881535099842,
                    0.0
                ]
            },
            "Test": {
                "age-group": [
                    0.3425076452599389,
                    0.4490401235514917,
                    0.22192230899486945
                ]
            }
        },