{
    "Random Forest": {
        "AUC": {
            "Train": [
                0.8741111543876676,
                0.8793503034578045,
                0.8771546563174744
            ],
            "Validation": [
                0.8684055382230089,
                0.8752885997018983,
                0.8689383897988852
            ],
            "Test": [
                0.8737043627200473,
                0.8848815045529211,
                0.8781537414885926
            ]
        },
        "DPR": {
            "Train": {
                "age-group": [
                    0.7263189231375767,
                    0.6467651484065108,
                    0.823161446222587
                ]
            },
            "Validation": {
                "age-group": [
                    0.6495971875452025,
                    0.737552434798468,
                    0.7486157213204451
                ]
            },
            "Test": {
                "age-group": [
                    0.628520878397442,
                    0.6525469058591179,
                    0.993722839208112
                ]
            }
        },
        "EOR": {
            "Train": {
                "age-group": [
                    0.7980392156862745,
                    0.6169542425826864,
                    0.6829116871022817
                ]
            },
            "Validation": {
                "age-group": [
                    0.8567603748326639,
                    0.8009189827371646,
                    0.8106683892024206
                ]
            },
            "Test": {
                "age-group": [
                    0.7220909931190305,
                    0.7545445208996611,
                    0.4059874888293119
                ]
            }
        }
    },
    "SVM": {
        "AUC": {
            "Train": [
                0.8244426867152933,
                0.8247918134774321,
                0.8243146665849898
            ],
            "Validation": [
                0.8193395983487248,
                0.8196585413013053,
                0.818839047652607
            ],
            "Test": [
                0.8198701122542388,
                0.8200695397197498,
                0.8198514029629784
            ]
        },
        "DPR": {
            "Train": {
                "age-group": [
                    0.9906533533944285,
                    0.754644921552436,
                    0.9369873547505126
                ]
            },
            "Validation": {
                "age-group": [
                    0.670929058704763,
                    0.8628046039025268,
                    0.6443576108352675
                ]
            },
            "Test": {
                "age-group": [
                    0.47723814078872995,
                    0.7571221632061806,
                    0.6075248730402535
                ]
            }
        },
        "EOR": {
            "Train": {
                "age-group": [
                    0.5578093306288032,
                    0.4006556182844655,
                    0.5115089514066496
                ]
            },
            "Validation": {
                "age-group": [
                    0.14423629467877255,
                    0.4126253493342101,
                    0.13250976665610814
                ]
            },
            "Test": {
                "age-group": [
                    0.22568306010928962,
                    0.2699346405228758,
                    0.2167979002624672
                ]
            }
        }
    },
    "MLP": {
        "AUC": {
            "Train": [
                0.7302050992583631,
                0.7493797280876051,
                0.7920358221696198
            ],
            "Validation": [
                0.7371554309298769,
                0.738911537151433,
                0.7907465057073924
            ],
            "Test": [
                0.746122084462492,
                0.7475344096305774,
                0.7993184084488746
            ]
        },
        "DPR": {
            "Train": {
                "age-group": [
                    0.7380541098348888,
                    0.7546563134581189,
                    0.889870557844589
                ]
            },
            "Validation": {
                "age-group": [
                    0.8932026425535327,
                    0.7184010128803918,
                    0.9674870119111919
                ]
            },
            "Test": {
                "age-group": [
                    0.8293045246620462,
                    0.7578409712099126,
                    0.8795504278948396
                ]
            }
        },
        "EOR": {
            "Train": {
                "age-group": [
                    0.6168339595132619,
                    0.693183529462384,
                    0.6835128417564208
                ]
            },
            "Validation": {
                "age-group": [
                    0.6155984303466318,
                    0.7009857612267251,
                    0.779842167401976
                ]
            },
            "Test": {
                "age-group": [
                    0.5862755723529113,
                    0.8541178447720504,
                    0.706699388616206
                ]
            }
        }
    },
    "XGBoost": {
        "AUC": {
            "Train": [
                0.8741321069458189,
                0.8780756355348985,
                0.8709972994819232
            ],
            "Validation": [
                0.8674455470413749,
                0.8780385791467931,
                0.8670488636264385
            ],
            "Test": [
                0.8661500337295328,
                0.8779840376551646,
                0.8688579773173984
            ]
        },
        "DPR": {
            "Train": {
                "age-group": [
                    0.5267890628791789,
                    0.4322897809103124,
                    0.6447086292890705
                ]
            },
            "Validation": {
                "age-group": [
                    0.5497497314933025,
                    0.35193712071433747,
                    0.5174301965059019
                ]
            },
            "Test": {
                "age-group": [
                    0.5674074012721972,
                    0.41283579758433986,
                    0.5515203903861197
                ]
            }
        },
        "EOR": {
            "Train": {
                "age-group": [
                    0.46610777058279373,
                    0.39315757015109465,
                    0.7068300955905027
                ]
            },
            "Validation": {
                "age-group": [
                    0.4712182061579652,
                    0.32959423902506574,
                    0.46110367395507956
                ]
            },
            "Test": {
                "age-group": [
                    0.5841635000513506,
                    0.40214153989042245,
                    0.4810758235717004
                ]
            }
        }
    },
    "CatBoost": {
        "AUC": {
            "Train": [
                0.8953343148273482,
                0.8971232061467338,
                0.8952589999046849
            ],
            "Validation": [
                0.8916178991146395,
                0.8956116883105147,
                0.891305431396696
            ],
            "Test": [
                0.8914296810533572,
                0.8963527896383118,
                0.8945555660669585
            ]
        },
        "DPR": {
            "Train": {
                "age-group": [
                    0.615839146491588,
                    0.5277774100890835,
                    0.6761658153278716
                ]
            },