{
    "Random Forest": {
        "AUC": {
            "Train": [
                0.7283906458180331,
                0.7137335790039825,
                0.705488661656491
            ],
            "Validation": [
                0.7187007110409978,
                0.7041347083719964,
                0.6988431993321171
            ],
            "Test": [
                0.7498091727732135,
                0.7316148019463093,
                0.7202923613434056
            ]
        },
        "DPR": {
            "Train": {
                "age-group": [
                    0.6935782560146247,
                    0.7015195474989339,
                    0.7641322313507422
                ]
            },
            "Validation": {
                "age-group": [
                    0.6812368548015406,
                    0.653931504243706,
                    0.7406396025240323
                ]
            },
            "Test": {
                "age-group": [
                    0.6455470151659565,
                    0.6535762876579203,
                    0.717359339569161
                ]
            }
        },
        "EOR": {
            "Train": {
                "age-group": [
                    0.7215650880432761,
                    0.7322569665619962,
                    0.8122918320528887
                ]
            },
            "Validation": {
                "age-group": [
                    0.7342501318404934,
                    0.6761622057588532,
                    0.7891023553674156
                ]
            },
            "Test": {
                "age-group": [
                    0.705667937730042,
                    0.6832261914936251,
                    0.7836428907330459
                ]
            }
        }
    },
    "SVM": {
        "AUC": {
            "Train": [
                0.6013127234828424,
                0.610910252269562,
                0.6006353082300353
            ],
            "Validation": [
                0.5957689838067934,
                0.605627152074349,
                0.5949837863136429
            ],
            "Test": [
                0.5743394828057842,
                0.5836351338159426,
                0.5736508601822979
            ]
        },
        "DPR": {
            "Train": {
                "age-group": [
                    0.9742803837953091,
                    0.7744703389830508,
                    0.747444111232279
                ]
            },
            "Validation": {
                "age-group": [
                    0.0,
                    0.23078056274596462,
                    0.0
                ]
            },
            "Test": {
                "age-group": [
                    0.658151945793608,
                    0.9133537206931703,
                    0.5163961420842155
                ]
            }
        },
        "EOR": {
            "Train": {
                "age-group": [
                    0.41126620139581255,
                    0.3783969728242174,
                    0.4621848739495798
                ]
            },
            "Validation": {
                "age-group": [
                    0.0,
                    0.0,
                    0.0
                ]
            },
            "Test": {
                "age-group": [
                    0.259748427672956,
                    0.339917695473251,
                    0.0
                ]
            }
        }
    },
    "MLP": {
        "AUC": {
            "Train": [
                0.6392131773457285,
                0.6657363730847552,
                0.6777712653417488
            ],
            "Validation": [
                0.6383564137801425,
                0.6686915327723671,
                0.6819022537731794
            ],
            "Test": [
                0.6533767328538022,
                0.679049916539964,
                0.6980369804229899
            ]
        },
        "DPR": {
            "Train": {
                "age-group": [
                    0.7479748932354595,
                    0.7281755093387902,
                    0.8007810620746254
                ]
            },
            "Validation": {
                "age-group": [
                    0.7560349913644439,
                    0.7454112155127646,
                    0.794729473040356
                ]
            },
            "Test": {
                "age-group": [
                    0.7320688118760881,
                    0.7184259063494536,
                    0.785460891946064
                ]
            }
        },
        "EOR": {
            "Train": {
                "age-group": [
                    0.7591254009921865,
                    0.7406202917723147,
                    0.8048883441973539
                ]
            },
            "Validation": {
                "age-group": [
                    0.7653691689836268,
                    0.7544313379171135,
                    0.7912863575514179
                ]
            },
            "Test": {
                "age-group": [
                    0.7468056027365876,
                    0.7416829665661441,
                    0.7956414505515149
                ]
            }
        }
    },
    "XGBoost": {
        "AUC": {
            "Train": [
                0.7030040692153663,
                0.7078515102108672,
                0.6964410137106684
            ],
            "Validation": [
                0.6982225932682256,
                0.7033356568884599,
                0.693337668728803
            ],
            "Test": [
                0.7233412591322842,
                0.7255423921609278,
                0.7079620708348855
            ]
        },
        "DPR": {
            "Train": {
                "age-group": [
                    0.8404414106530805,
                    0.6919780531242995,
                    0.6884192987037295
                ]
            },
            "Validation": {
                "age-group": [
                    0.7865001076961039,
                    0.6206887175874722,
                    0.6360171326511018
                ]
            },
            "Test": {
                "age-group": [
                    0.7765036542992931,
                    0.6186769434075365,
                    0.667431656142484
                ]
            }
        },
        "EOR": {
            "Train": {
                "age-group": [
                    0.8701025290498975,
                    0.7236147115342904,
                    0.7233597390696321
                ]
            },
            "Validation": {
                "age-group": [
                    0.8291058972733036,
                    0.6570574535585263,
                    0.6643668691861464
                ]
            },
            "Test": {
                "age-group": [
                    0.8362074739563565,
                    0.658831015095508,
                    0.7345779950189998
                ]
            }
        }
    },
    "CatBoost": {
        "AUC": {
            "Train": [
                0.706748815170932,
                0.7149411130257939,
                0.7143797558973641
            ],
            "Validation": [
                0.701149625204384,
                0.7121077551325271,
                0.7064629316910934
            ],
            "Test": [
                0.7273319207818432,
                0.7338952608610831,
                0.7304038657016897
            ]
        },
        "DPR": {
            "Train": {
                "age-group": [
                    0.7023956326472764,
                    0.7437440778782486,
                    0.667220209048941
                ]
            },
            "Validation": {
                "age-group": [
                    0.6688940983883667,
                    0.7044457131881503,
                    0.6232743789738135
                ]
            },