{
    "Random Forest": {
        "AUC": {
            "Train": [
                0.988025336823801,
                0.9879895174732525,
                0.9880527084838584
            ],
            "Validation": [
                0.9073493310781446,
                0.9077008760841877,
                0.9069335607797145
            ],
            "Test": [
                0.907346987796563,
                0.9069590717656728,
                0.9058841928064887
            ]
        },
        "DPR": {
            "Train": {
                "age-group": [
                    0.6513801121597592,
                    0.625821453311625,
                    0.6468634308639526
                ]
            },
            "Validation": {
                "age-group": [
                    0.656455812916692,
                    0.6746263342105036,
                    0.6151478993622816
                ]
            },
            "Test": {
                "age-group": [
                    0.6707686256963888,
                    0.6840062920211817,
                    0.6585811350639157
                ]
            }
        },
        "EOR": {
            "Train": {
                "age-group": [
                    0.2612636200680752,
                    0.40121517873712137,
                    0.2634051251506003
                ]
            },
            "Validation": {
                "age-group": [
                    0.7100401606425703,
                    0.7547922185194679,
                    0.6491462927734329
                ]
            },
            "Test": {
                "age-group": [
                    0.756283102745052,
                    0.8001042810532386,
                    0.7754075030443521
                ]
            }
        }
    },
    "SVM": {
        "AUC": {
            "Train": [
                0.8284562825636087,
                0.8285503405019273,
                0.8285263783945145
            ],
            "Validation": [
                0.8222712231838698,
                0.8223619141154995,
                0.8215639920333531
            ],
            "Test": [
                0.8252067489845306,
                0.824820530369178,
                0.825268119986306
            ]
        },
        "DPR": {
            "Train": {
                "age-group": [
                    0.9404977510041886,
                    0.9317974468637149,
                    0.9396416642393498
                ]
            },
            "Validation": {
                "age-group": [
                    0.8788563939163118,
                    0.8848821491025737,
                    0.8795730492661342
                ]
            },
            "Test": {
                "age-group": [
                    0.9447954143663545,
                    0.9485986833943304,
                    0.952718891507971
                ]
            }
        },
        "EOR": {
            "Train": {
                "age-group": [
                    0.7474581389886246,
                    0.7541049393037488,
                    0.7523939808481531
                ]
            },
            "Validation": {
                "age-group": [
                    0.7519585374256654,
                    0.7502279078803819,
                    0.7536971698821409
                ]
            },
            "Test": {
                "age-group": [
                    0.7454301075268818,
                    0.7445723053317991,
                    0.726223241590214
                ]
            }
        }
    },
    "MLP": {
        "AUC": {
            "Train": [
                0.8395099569984936,
                0.7997051060774687,
                0.8085775715893674
            ],
            "Validation": [
                0.8232865550336216,
                0.797846751073609,
                0.8044585303385825
            ],
            "Test": [
                0.8235368315785073,
                0.7985812020206638,
                0.8037642792253086
            ]
        },
        "DPR": {
            "Train": {
                "age-group": [
                    0.6647053777799415,
                    0.8635406639847523,
                    0.8158166096512955
                ]
            },
            "Validation": {
                "age-group": [
                    0.6265384055297063,
                    0.7783554056311565,
                    0.7265568136374817
                ]
            },
            "Test": {
                "age-group": [
                    0.6982564231049563,
                    0.8675226468138275,
                    0.7863950511314025
                ]
            }
        },
        "EOR": {
            "Train": {
                "age-group": [
                    0.6815717302535064,
                    0.8967590672748733,
                    0.8489973539846846
                ]
            },
            "Validation": {
                "age-group": [
                    0.6636876143069933,
                    0.7824067353752359,
                    0.7115437467308527
                ]
            },
            "Test": {
                "age-group": [
                    0.7864079845388258,
                    0.9552541361620134,
                    0.87048047869494
                ]
            }
        }
    },
    "XGBoost": {
        "AUC": {
            "Train": [
                0.95574634955008,
                0.9568437016876866,
                0.955973408613208
            ],
            "Validation": [
                0.9029067177698207,
                0.9052458586356891,
                0.9008060311841277
            ],
            "Test": [
                0.8975885835904729,
                0.8984806697564156,
                0.8943084223646643
            ]
        },
        "DPR": {
            "Train": {
                "age-group": [
                    0.7931823993624854,
                    0.7417430886240232,
                    0.7783749673783432
                ]
            },
            "Validation": {
                "age-group": [
                    0.7023394279287495,
                    0.6911480941090644,
                    0.6512682557274934
                ]
            },
            "Test": {
                "age-group": [
                    0.7199799562682215,
                    0.7324212991777771,
                    0.782228854085188
                ]
            }
        },
        "EOR": {
            "Train": {
                "age-group": [
                    0.5753145188711323,
                    0.7479088745324719,
                    0.6219401468909286
                ]
            },
            "Validation": {
                "age-group": [
                    0.8019068142488655,
                    0.7758305951077036,
                    0.7046626221196844
                ]
            },
            "Test": {
                "age-group": [
                    0.7567300916138125,
                    0.7841772151898734,
                    0.768922305764411
                ]
            }
        }
    },
    "CatBoost": {
        "AUC": {
            "Train": [
                0.9503131988392435,
                0.9485724793558253,
                0.9491006933468161
            ],
            "Validation": [
                0.9150601308358806,
                0.914747813704789,
                0.9130948971235804
            ],
            "Test": [
                0.9073959488047404,
                0.9042742130291203,
                0.9080853258351322
            ]
        },
        "DPR": {
            "Train": {
                "age-group": [
                    0.8163041991519628,
                    0.7725469013103852,
                    0.7875756145423438
                ]
            },