{
    "Random Forest": {
        "AUC": {
            "Train": [
                0.9100104103737564,
                0.908374710826126,
                0.9097741893283822
            ],
            "Validation": [
                0.9049146805013819,
                0.9013775082875474,
                0.9029677430916023
            ],
            "Test": [
                0.9086803265616261,
                0.9068958901873236,
                0.9075490556862439
            ]
        },
        "DPR": {
            "Train": {
                "age-group": [
                    0.5268372749381988,
                    0.4874028585488407,
                    0.4745526665920593
                ]
            },
            "Validation": {
                "age-group": [
                    0.4736636560435814,
                    0.42447679190224324,
                    0.40128053143282033
                ]
            },
            "Test": {
                "age-group": [
                    0.4001511318813239,
                    0.47329089915186856,
                    0.415229819606414
                ]
            }
        },
        "EOR": {
            "Train": {
                "age-group": [
                    0.5026803292298204,
                    0.5345235892691952,
                    0.4313641051814518
                ]
            },
            "Validation": {
                "age-group": [
                    0.48192771084337344,
                    0.35698348951361,
                    0.43730477465417217
                ]
            },
            "Test": {
                "age-group": [
                    0.4833257530186769,
                    0.3985698880558694,
                    0.4008010680907877
                ]
            }
        }
    },
    "SVM": {
        "AUC": {
            "Train": [
                0.7371133005391513,
                0.7113628541925193,
                0.7339202640113756
            ],
            "Validation": [
                0.7191611303410521,
                0.6834957638412658,
                0.7179503367573771
            ],
            "Test": [
                0.730415634449418,
                0.7024370209799051,
                0.7269580744397435
            ]
        },
        "DPR": {
            "Train": {
                "age-group": [
                    0.0,
                    0.0,
                    0.0
                ]
            },
            "Validation": {
                "age-group": [
                    0.0,
                    0.0,
                    0.0
                ]
            },
            "Test": {
                "age-group": [
                    0.0,
                    0.0,
                    0.0
                ]
            }
        },
        "EOR": {
            "Train": {
                "age-group": [
                    0.0,
                    0.0,
                    0.0
                ]
            },
            "Validation": {
                "age-group": [
                    0.0,
                    0.0,
                    0.0
                ]
            },
            "Test": {
                "age-group": [
                    0.0,
                    0.0,
                    0.0
                ]
            }
        }
    },
    "MLP": {
        "AUC": {
            "Train": [
                0.82052777741587,
                0.674544923770403,
                0.7681051054984159
            ],
            "Validation": [
                0.8211950165991888,
                0.6652847311256698,
                0.7578726806236584
            ],
            "Test": [
                0.8249058537902082,
                0.6564622570979506,
                0.7554942323328842
            ]
        },
        "DPR": {
            "Train": {
                "age-group": [
                    0.8200305352541708,
                    0.6522038428507684,
                    0.5872429672183468
                ]
            },
            "Validation": {
                "age-group": [
                    0.7629776536239549,
                    0.6904310292418991,
                    0.6808176321216627
                ]
            },
            "Test": {
                "age-group": [
                    0.8175281501802071,
                    0.7216350826044703,
                    0.807099787967135
                ]
            }
        },
        "EOR": {
            "Train": {
                "age-group": [
                    0.937466172433795,
                    0.6647690884508646,
                    0.584377540436745
                ]
            },
            "Validation": {
                "age-group": [
                    0.8299866131191432,
                    0.7626203739689943,
                    0.8768406961178045
                ]
            },
            "Test": {
                "age-group": [
                    0.9484342379958246,
                    0.8661035226455787,
                    0.629847494553377
                ]
            }
        }
    },
    "XGBoost": {
        "AUC": {
            "Train": [
                0.9099626480650618,
                0.9076033709694612,
                0.9093889003556526
            ],
            "Validation": [
                0.9018273865079601,
                0.9039636115907302,
                0.9062802773689346
            ],
            "Test": [
                0.9053889246729232,
                0.9045725055196181,
                0.9077450883206797
            ]
        },
        "DPR": {
            "Train": {
                "age-group": [
                    0.41133683245651104,
                    0.41808643431265796,
                    0.3929543002173285
                ]
            },
            "Validation": {
                "age-group": [
                    0.33425087194313285,
                    0.330165032244186,
                    0.32575232536932336
                ]
            },
            "Test": {
                "age-group": [
                    0.3451931486880466,
                    0.4219758160875592,
                    0.3824943571898806
                ]
            }
        },
        "EOR": {
            "Train": {
                "age-group": [
                    0.3433521150449921,
                    0.392387021619214,
                    0.3142059821153253
                ]
            },
            "Validation": {
                "age-group": [
                    0.2928380187416332,
                    0.2777777777777778,
                    0.2788164150856299
                ]
            },
            "Test": {
                "age-group": [
                    0.3389590679310306,
                    0.3828041117760744,
                    0.32382976633281385
                ]
            }
        }
    },
    "CatBoost": {
        "AUC": {
            "Train": [
                0.9201632676664924,
                0.9194172423096302,
                0.9197346926134005
            ],
            "Validation": [
                0.9167340542829461,
                0.9141241582571438,
                0.9155316935629844
            ],
            "Test": [
                0.9188500334126819,
                0.9190000095055271,
                0.9190197749664553
            ]
        },
        "DPR": {
            "Train": {
                "age-group": [
                    0.37740306366428833,
                    0.3965314351407536,
                    0.3932855074309378
                ]
            },
            "Validation": {
                "age-group": [
                    0.3624491744536589,
                    0.3393619238685808,
                    0.3319917209667347
                ]
            },