{
    "Random Forest": {
        "AUC": {
            "Train": [
                0.9105043764560601,
                0.909069602417209,
                0.913157017937447
            ],
            "Validation": [
                0.899912825271365,
                0.8993579880150936,
                0.9027225124030861
            ],
            "Test": [
                0.9034195077253531,
                0.9024682006173163,
                0.9051476276241479
            ]
        },
        "DPR": {
            "Train": {
                "age-group": [
                    0.7532511103712937,
                    0.9145004846776446,
                    0.6182111797953591
                ]
            },
            "Validation": {
                "age-group": [
                    0.7647378610811039,
                    0.8248294729162867,
                    0.6848701180271489
                ]
            },
            "Test": {
                "age-group": [
                    0.6926703717201167,
                    0.8834056914691343,
                    0.6698125062833015
                ]
            }
        },
        "EOR": {
            "Train": {
                "age-group": [
                    0.3281516803480857,
                    0.455360277082212,
                    0.9557765443519375
                ]
            },
            "Validation": {
                "age-group": [
                    0.6238286479250335,
                    0.6985157699443414,
                    0.5573810393087502
                ]
            },
            "Test": {
                "age-group": [
                    0.7138271604938271,
                    0.568042071197411,
                    0.7103194103194104
                ]
            }
        }
    },
    "SVM": {
        "AUC": {
            "Train": [
                0.7344445446357679,
                0.7661304792749104,
                0.6320593644639585
            ],
            "Validation": [
                0.7358503323301238,
                0.7638655855735386,
                0.6252684587104405
            ],
            "Test": [
                0.7290896134313399,
                0.7550768189919825,
                0.6092118665792158
            ]
        },
        "DPR": {
            "Train": {
                "age-group": [
                    NaN,
                    NaN,
                    NaN
                ]
            },
            "Validation": {
                "age-group": [
                    NaN,
                    NaN,
                    NaN
                ]
            },
            "Test": {
                "age-group": [
                    NaN,
                    NaN,
                    NaN
                ]
            }
        },
        "EOR": {
            "Train": {
                "age-group": [
                    NaN,
                    NaN,
                    NaN
                ]
            },
            "Validation": {
                "age-group": [
                    NaN,
                    NaN,
                    NaN
                ]
            },
            "Test": {
                "age-group": [
                    NaN,
                    NaN,
                    NaN
                ]
            }
        }
    },
    "MLP": {
        "AUC": {
            "Train": [
                0.6772812135782634,
                0.5743962672750984,
                0.6338091506907221
            ],
            "Validation": [
                0.6700370262951749,
                0.5661765215220235,
                0.6359176597116623
            ],
            "Test": [
                0.6653993385058488,
                0.5654184702649764,
                0.633133355150781
            ]
        },
        "DPR": {
            "Train": {
                "age-group": [
                    0.6842657183239867,
                    0.0,
                    0.6842657183239867
                ]
            },
            "Validation": {
                "age-group": [
                    0.5165088785266827,
                    0.0,
                    0.0
                ]
            },
            "Test": {
                "age-group": [
                    0.0,
                    0.0,
                    0.0
                ]
            }
        },
        "EOR": {
            "Train": {
                "age-group": [
                    0.7727272727272728,
                    0.0,
                    0.0
                ]
            },
            "Validation": {
                "age-group": [
                    0.0,
                    0.0,
                    0.0
                ]
            },
            "Test": {
                "age-group": [
                    0.0,
                    0.0,
                    0.0
                ]
            }
        }
    },
    "XGBoost": {
        "AUC": {
            "Train": [
                0.9089944113051166,
                0.9108878749374566,
                0.9079892504233749
            ],
            "Validation": [
                0.9016080567579915,
                0.9031800705529519,
                0.9015207163838194
            ],
            "Test": [
                0.9034528147902381,
                0.9013756685365397,
                0.9035957748988603
            ]
        },
        "DPR": {
            "Train": {
                "age-group": [
                    0.7353303241690603,
                    0.8875357944943766,
                    0.599196727222989
                ]
            },
            "Validation": {
                "age-group": [
                    0.7149082810985151,
                    0.7647716317969828,
                    0.7913322998358563
                ]
            },
            "Test": {
                "age-group": [
                    0.7220245240953524,
                    0.624944911519425,
                    0.706962611299346
                ]
            }
        },
        "EOR": {
            "Train": {
                "age-group": [
                    0.626596035873573,
                    0.4148418199697791,
                    0.8548008164104371
                ]
            },
            "Validation": {
                "age-group": [
                    0.8595018262987013,
                    0.8374826754273395,
                    0.7171428571428572
                ]
            },
            "Test": {
                "age-group": [
                    0.7009504412763069,
                    0.5383467549492839,
                    0.5885377942998761
                ]
            }
        }
    },
    "CatBoost": {
        "AUC": {
            "Train": [
                0.918804799034872,
                0.9201288102322237,
                0.9163218637506192
            ],
            "Validation": [
                0.9138274268652365,
                0.9136597484055112,
                0.9119373359920948
            ],
            "Test": [
                0.9166251365665101,
                0.9145691514265156,
                0.910793420304379
            ]
        },
        "DPR": {
            "Train": {
                "age-group": [
                    0.7775746799136212,
                    0.8323530752747001,
                    0.6641275639062112
                ]
            },
            "Validation": {
                "age-group": [
                    0.7721252051796462,
                    0.8053733483431548,
                    0.6905515443456244
                ]
            },
            "Test": {
                "age-group": [
                    0.7503929026967929,
                    0.7502236284124039,
                    0.6287737839496701
                ]
            }
        },