{
    "Random Forest": {
        "AUC": {
            "Train": [
                0.9999672282942736,
                0.9999647901784159,
                0.9999670568642522
            ],
            "Validation": [
                0.9216193929362118,
                0.9208143932720204,
                0.9216682583696926
            ],
            "Test": [
                0.9243443034659111,
                0.9241311835150624,
                0.9249927539216711
            ]
        },
        "DPR": {
            "Train": {
                "age-group": [
                    0.4845009802580586,
                    0.48836955254516734,
                    0.4867478229152419
                ]
            },
            "Validation": {
                "age-group": [
                    0.4609702717490425,
                    0.47181663108431404,
                    0.47449206638701447
                ]
            },
            "Test": {
                "age-group": [
                    0.5097789115646257,
                    0.5274586701563743,
                    0.4480524352598182
                ]
            }
        },
        "EOR": {
            "Train": {
                "age-group": [
                    0.9775515151515152,
                    0.9853569249542403,
                    0.0
                ]
            },
            "Validation": {
                "age-group": [
                    0.44727931333175835,
                    0.5766656369066007,
                    0.466867469879518
                ]
            },
            "Test": {
                "age-group": [
                    0.4537698616470312,
                    0.5148877003657737,
                    0.389442333367567
                ]
            }
        }
    },
    "SVM": {
        "AUC": {
            "Train": [
                0.7388087053536225,
                0.7388088577358636,
                0.7388085624952713
            ],
            "Validation": [
                0.7165280062933257,
                0.7165281192334647,
                0.7165279686466126
            ],
            "Test": [
                0.7278346575437749,
                0.7278346575437749,
                0.7278346575437749
            ]
        },
        "DPR": {
            "Train": {
                "age-group": [
                    0.0,
                    0.0,
                    0.0
                ]
            },
            "Validation": {
                "age-group": [
                    0.0,
                    0.0,
                    0.0
                ]
            },
            "Test": {
                "age-group": [
                    0.0,
                    0.0,
                    0.0
                ]
            }
        },
        "EOR": {
            "Train": {
                "age-group": [
                    0.0,
                    0.0,
                    0.0
                ]
            },
            "Validation": {
                "age-group": [
                    0.0,
                    0.0,
                    0.0
                ]
            },
            "Test": {
                "age-group": [
                    0.0,
                    0.0,
                    0.0
                ]
            }
        }
    },
    "MLP": {
        "AUC": {
            "Train": [
                0.7049205139944421,
                0.6581830520623831,
                0.8120638010729082
            ],
            "Validation": [
                0.6933371793215339,
                0.6476369308833454,
                0.7997805497805498
            ],
            "Test": [
                0.6819885200392352,
                0.6285786988985509,
                0.8031363109170374
            ]
        },
        "DPR": {
            "Train": {
                "age-group": [
                    0.8285232298363197,
                    0.6098726504402162,
                    0.6651038513781621
                ]
            },
            "Validation": {
                "age-group": [
                    0.6139633839090757,
                    0.6989595748380831,
                    0.6309979358458856
                ]
            },
            "Test": {
                "age-group": [
                    0.611734693877551,
                    0.7001184402332362,
                    0.7102093717671399
                ]
            }
        },
        "EOR": {
            "Train": {
                "age-group": [
                    0.6535947712418301,
                    0.5512385651146058,
                    0.7487064446500153
                ]
            },
            "Validation": {
                "age-group": [
                    0.27164502164502163,
                    0.757314974182444,
                    0.7254659664298219
                ]
            },
            "Test": {
                "age-group": [
                    0.4763714256371132,
                    0.7667145938173976,
                    0.8489367937738124
                ]
            }
        }
    },
    "XGBoost": {
        "AUC": {
            "Train": [
                0.9895530545058323,
                0.9895530545058323,
                0.9895530545058323
            ],
            "Validation": [
                0.9252948038802016,
                0.9252948038802016,
                0.9252948038802016
            ],
            "Test": [
                0.9282586945773081,
                0.9282586945773081,
                0.9282586945773081
            ]
        },
        "DPR": {
            "Train": {
                "age-group": [
                    0.45491903207198203,
                    0.45491903207198203,
                    0.45491903207198203
                ]
            },
            "Validation": {
                "age-group": [
                    0.41420517171653093,
                    0.41420517171653093,
                    0.41420517171653093
                ]
            },
            "Test": {
                "age-group": [
                    0.3860752226526618,
                    0.3860752226526618,
                    0.3860752226526618
                ]
            }
        },
        "EOR": {
            "Train": {
                "age-group": [
                    0.5410774855733227,
                    0.5410774855733227,
                    0.5410774855733227
                ]
            },
            "Validation": {
                "age-group": [
                    0.378045515394913,
                    0.378045515394913,
                    0.378045515394913
                ]
            },
            "Test": {
                "age-group": [
                    0.28964773544212796,
                    0.28964773544212796,
                    0.28964773544212796
                ]
            }
        }
    },
    "CatBoost": {
        "AUC": {
            "Train": [
                0.973318898163634,
                0.9733904606736102,
                0.9741867912178153
            ],
            "Validation": [
                0.9328704142915356,
                0.933627339103219,
                0.9333033514910961
            ],
            "Test": [
                0.9358163429582076,
                0.9358069128718868,
                0.935998230463162
            ]
        },
        "DPR": {
            "Train": {
                "age-group": [
                    0.4560941136699016,
                    0.4505843553853402,
                    0.46812012440270784
                ]
            },
            "Validation": {
                "age-group": [
                    0.37088110448484607,
                    0.396477717297768,
                    0.3784586979930495
                ]
            },
            "Test": {
                "age-group": [
                    0.395303457203777,
                    0.38900197834235734,
                    0.3780681538208845
                ]
            }
        },