{
    "Random Forest": {
        "AUC": {
            "Train": [
                0.9860430914882403,
                0.986063282135186,
                0.9861105872971573
            ],
            "Validation": [
                0.908684998808858,
                0.9088349456667578,
                0.9070033577856264
            ],
            "Test": [
                0.9061325435598319,
                0.9063999430875431,
                0.906820185454341
            ]
        },
        "DPR": {
            "Train": {
                "age-group": [
                    0.6643669944979063,
                    0.6497394557913175,
                    0.669847476673613
                ]
            },
            "Validation": {
                "age-group": [
                    0.6610034320958997,
                    0.6537396581168239,
                    0.6407756350570023
                ]
            },
            "Test": {
                "age-group": [
                    0.7042893586005832,
                    0.7119432088004569,
                    0.6750987149367376
                ]
            }
        },
        "EOR": {
            "Train": {
                "age-group": [
                    0.4031325750512772,
                    0.4304849940265727,
                    0.3354095082683092
                ]
            },
            "Validation": {
                "age-group": [
                    0.7352074966532798,
                    0.7066173189489987,
                    0.6761591821832785
                ]
            },
            "Test": {
                "age-group": [
                    0.8542895896914209,
                    0.8288095238095238,
                    0.8061931230383476
                ]
            }
        }
    },
    "SVM": {
        "AUC": {
            "Train": [
                0.8284553873179422,
                0.8285524357577424,
                0.8285252545754862
            ],
            "Validation": [
                0.8222685879139594,
                0.8223537071320643,
                0.8215679825849317
            ],
            "Test": [
                0.8252056550945175,
                0.8248235479968007,
                0.8252677427828532
            ]
        },
        "DPR": {
            "Train": {
                "age-group": [
                    0.9408185757529536,
                    0.9321133104050245,
                    0.939482914169365
                ]
            },
            "Validation": {
                "age-group": [
                    0.8788563939163118,
                    0.8851834368618868,
                    0.8801697745370067
                ]
            },
            "Test": {
                "age-group": [
                    0.9451123534520192,
                    0.9485986833943304,
                    0.9524019524223065
                ]
            }
        },
        "EOR": {
            "Train": {
                "age-group": [
                    0.7474581389886246,
                    0.7541049393037488,
                    0.7528209921880216
                ]
            },
            "Validation": {
                "age-group": [
                    0.7519585374256654,
                    0.7502279078803819,
                    0.7536971698821409
                ]
            },
            "Test": {
                "age-group": [
                    0.7454301075268818,
                    0.7445723053317991,
                    0.7270570225794106
                ]
            }
        }
    },
    "MLP": {
        "AUC": {
            "Train": [
                0.762374828465216,
                0.8257666788648651,
                0.8631920429955636
            ],
            "Validation": [
                0.7332339610696847,
                0.8128896623029609,
                0.8483143910132175
            ],
            "Test": [
                0.7417271361521898,
                0.8118791325467284,
                0.8542388539774519
            ]
        },
        "DPR": {
            "Train": {
                "age-group": [
                    0.626635663155975,
                    0.6957663556403989,
                    0.7298862463558252
                ]
            },
            "Validation": {
                "age-group": [
                    0.7441593613700439,
                    0.6272949143292313,
                    0.7116606662540335
                ]
            },
            "Test": {
                "age-group": [
                    0.911643586005831,
                    0.7048154203766448,
                    0.6840306122448979
                ]
            }
        },
        "EOR": {
            "Train": {
                "age-group": [
                    0.5660568061123104,
                    0.7436640089276537,
                    0.7771493846887001
                ]
            },
            "Validation": {
                "age-group": [
                    0.45697293360844765,
                    0.620880145052785,
                    0.7795889440113394
                ]
            },
            "Test": {
                "age-group": [
                    0.36875,
                    0.8090844773087764,
                    0.791673556919874
                ]
            }
        }
    },
    "XGBoost": {
        "AUC": {
            "Train": [
                0.9560765142470921,
                0.9558637886385171,
                0.9561444195832819
            ],
            "Validation": [
                0.9034641150025765,
                0.9070162329614742,
                0.9021592046363885
            ],
            "Test": [
                0.8990223716350245,
                0.8973370643281261,
                0.8957201062868801
            ]
        },
        "DPR": {
            "Train": {
                "age-group": [
                    0.7025385664696292,
                    0.673576546945018,
                    0.7261560051528267
                ]
            },
            "Validation": {
                "age-group": [
                    0.618162494209778,
                    0.5765303123252487,
                    0.6298517352216274
                ]
            },
            "Test": {
                "age-group": [
                    0.6160817426701138,
                    0.6599900711013268,
                    0.7010899274305996
                ]
            }
        },
        "EOR": {
            "Train": {
                "age-group": [
                    0.8710294046214202,
                    0.9499272386949489,
                    0.7716588898948394
                ]
            },
            "Validation": {
                "age-group": [
                    0.6521684221161376,
                    0.6294267981014969,
                    0.6977570144523673
                ]
            },
            "Test": {
                "age-group": [
                    0.6865027495868616,
                    0.6860524826184465,
                    0.8111189139226522
                ]
            }
        }
    },
    "CatBoost": {
        "AUC": {
            "Train": [
                0.9497965849463565,
                0.9487779287123874,
                0.9499943199519632
            ],
            "Validation": [
                0.9144249554940559,
                0.9141884588429569,
                0.912884150824177
            ],
            "Test": [
                0.9075037535515591,
                0.9046360265810747,
                0.9078654916628232
            ]
        },
        "DPR": {
            "Train": {
                "age-group": [
                    0.7402456338225968,
                    0.6737509374159864,
                    0.7011325123758443
                ]
            },