{
    "Random Forest": {
        "AUC": {
            "Train": [
                0.8712834828545979,
                0.8756309958126122,
                0.8657986745640287
            ],
            "Validation": [
                0.8669998852528187,
                0.871359487558966,
                0.8698579484107515
            ],
            "Test": [
                0.8751074464035387,
                0.8761671240635736,
                0.8674646632033356
            ]
        },
        "DPR": {
            "Train": {
                "age-group": [
                    0.8292891989239958,
                    0.9115032143345644,
                    0.7827709902444835
                ]
            },
            "Validation": {
                "age-group": [
                    0.6346024074411819,
                    0.5352377044197215,
                    0.6534455781986427
                ]
            },
            "Test": {
                "age-group": [
                    0.8341836734693877,
                    0.6632701012735922,
                    0.6256377551020408
                ]
            }
        },
        "EOR": {
            "Train": {
                "age-group": [
                    0.5100861153710039,
                    0.4998843930635838,
                    0.5453284287966369
                ]
            },
            "Validation": {
                "age-group": [
                    0.7228915662650602,
                    0.535475234270415,
                    0.543124880474278
                ]
            },
            "Test": {
                "age-group": [
                    0.5650497512437811,
                    0.7034063260340633,
                    0.8126157407407407
                ]
            }
        }
    },
    "SVM": {
        "AUC": {
            "Train": [
                0.5825036691738879,
                0.5742509898559904,
                0.4536354745552515
            ],
            "Validation": [
                0.5872564972956107,
                0.5655767340904237,
                0.45246025787094885
            ],
            "Test": [
                0.5981561842581532,
                0.5750798577429985,
                0.46110451508006595
            ]
        },
        "DPR": {
            "Train": {
                "age-group": [
                    NaN,
                    NaN,
                    NaN
                ]
            },
            "Validation": {
                "age-group": [
                    NaN,
                    NaN,
                    NaN
                ]
            },
            "Test": {
                "age-group": [
                    NaN,
                    NaN,
                    NaN
                ]
            }
        },
        "EOR": {
            "Train": {
                "age-group": [
                    NaN,
                    NaN,
                    NaN
                ]
            },
            "Validation": {
                "age-group": [
                    NaN,
                    NaN,
                    NaN
                ]
            },
            "Test": {
                "age-group": [
                    NaN,
                    NaN,
                    NaN
                ]
            }
        }
    },
    "MLP": {
        "AUC": {
            "Train": [
                0.7259501013684764,
                0.6989693969983288,
                0.7128956766796276
            ],
            "Validation": [
                0.7177171153703097,
                0.69264877152752,
                0.7190629100668213
            ],
            "Test": [
                0.7141058097931975,
                0.6909393316528164,
                0.7207672982108636
            ]
        },
        "DPR": {
            "Train": {
                "age-group": [
                    0.7337489686332128,
                    0.9431409494620965,
                    0.8305717315201293
                ]
            },
            "Validation": {
                "age-group": [
                    0.7476665504655357,
                    0.8056958662744135,
                    0.9759532218040335
                ]
            },
            "Test": {
                "age-group": [
                    0.774196527066425,
                    0.9768729860365198,
                    0.8112665395828661
                ]
            }
        },
        "EOR": {
            "Train": {
                "age-group": [
                    0.802819367831188,
                    0.5726184279021342,
                    0.64065230052417
                ]
            },
            "Validation": {
                "age-group": [
                    0.8629655291875975,
                    0.923489010989011,
                    0.6791125541125541
                ]
            },
            "Test": {
                "age-group": [
                    0.8833072509128846,
                    0.6883333333333334,
                    0.8335962820277624
                ]
            }
        }
    },
    "XGBoost": {
        "AUC": {
            "Train": [
                0.8466255124138573,
                0.8516006497273996,
                0.8480519530488981
            ],
            "Validation": [
                0.8443864082716755,
                0.8528729938443106,
                0.8461584766995459
            ],
            "Test": [
                0.8478632857770307,
                0.8470117112619221,
                0.8465364349113563
            ]
        },
        "DPR": {
            "Train": {
                "age-group": [
                    0.9943671429104337,
                    0.9489356760301673,
                    0.8909752427848447
                ]
            },
            "Validation": {
                "age-group": [
                    0.7386499830645372,
                    0.8758435163231807,
                    0.72169109211463
                ]
            },
            "Test": {
                "age-group": [
                    0.8878097667638485,
                    0.7624615322319404,
                    0.612754609565834
                ]
            }
        },
        "EOR": {
            "Train": {
                "age-group": [
                    0.6704152249134948,
                    0.498738369342375,
                    0.7152145643693107
                ]
            },
            "Validation": {
                "age-group": [
                    0.853100067976101,
                    0.6985157699443415,
                    0.8153827430935865
                ]
            },
            "Test": {
                "age-group": [
                    0.5869198312236287,
                    0.724561403508772,
                    0.868943206326384
                ]
            }
        }
    },
    "CatBoost": {
        "AUC": {
            "Train": [
                0.8702291310806516,
                0.8806588192860145,
                0.8654502525697549
            ],
            "Validation": [
                0.8706957383619706,
                0.8805907251148452,
                0.8681752909262687
            ],
            "Test": [
                0.8699526971782015,
                0.8777040772524742,
                0.8659293697096272
            ]
        },
        "DPR": {
            "Train": {
                "age-group": [
                    0.9549081293028769,
                    0.8578853781972371,
                    0.8109059408197694
                ]
            },
            "Validation": {
                "age-group": [
                    0.8374293270107606,
                    0.773871304693847,
                    0.7909982634070527
                ]
            },
            "Test": {
                "age-group": [
                    0.9831450437317784,
                    0.7908494566657832,
                    0.6458539410662224
                ]
            }
        },