{
    "Random Forest": {
        "AUC": {
            "Train": [
                0.7975895834242864,
                0.8166457160132935,
                0.8139786267906723
            ],
            "Validation": [
                0.7937519933934537,
                0.8229329394583631,
                0.8145785314950895
            ],
            "Test": [
                0.8018089696868744,
                0.8238677144473299,
                0.8210871214744491
            ]
        },
        "DPR": {
            "Train": {
                "age-group": [
                    0.6021695443115221,
                    0.7583093967993434,
                    0.6183923767838416
                ]
            },
            "Validation": {
                "age-group": [
                    0.4868998495349261,
                    0.6453583804486596,
                    0.4324340168312446
                ]
            },
            "Test": {
                "age-group": [
                    0.43883214482704275,
                    0.5237168175540893,
                    0.444756091211995
                ]
            }
        },
        "EOR": {
            "Train": {
                "age-group": [
                    0.831859004008634,
                    0.9090909090909091,
                    0.6252112241751465
                ]
            },
            "Validation": {
                "age-group": [
                    0.4551539491298527,
                    0.5655957161981259,
                    0.3506087843437241
                ]
            },
            "Test": {
                "age-group": [
                    0.6284183106613013,
                    0.7464306587626284,
                    0.7058642292287152
                ]
            }
        }
    },
    "SVM": {
        "AUC": {
            "Train": [
                0.3721792999544606,
                0.4264273206424832,
                0.4338218307979595
            ],
            "Validation": [
                0.3846013423914336,
                0.432758829434188,
                0.43695602382043064
            ],
            "Test": [
                0.3780105927782438,
                0.4279973680251875,
                0.4313197760377131
            ]
        },
        "DPR": {
            "Train": {
                "age-group": [
                    NaN,
                    NaN,
                    NaN
                ]
            },
            "Validation": {
                "age-group": [
                    NaN,
                    NaN,
                    NaN
                ]
            },
            "Test": {
                "age-group": [
                    NaN,
                    NaN,
                    NaN
                ]
            }
        },
        "EOR": {
            "Train": {
                "age-group": [
                    NaN,
                    NaN,
                    NaN
                ]
            },
            "Validation": {
                "age-group": [
                    NaN,
                    NaN,
                    NaN
                ]
            },
            "Test": {
                "age-group": [
                    NaN,
                    NaN,
                    NaN
                ]
            }
        }
    },
    "MLP": {
        "AUC": {
            "Train": [
                0.6421645642107906,
                0.4948662899168138,
                0.6420486489447644
            ],
            "Validation": [
                0.6616494139310307,
                0.5203087075642486,
                0.6628401794633867
            ],
            "Test": [
                0.6633005784943034,
                0.5238913877360294,
                0.6541625230867374
            ]
        },
        "DPR": {
            "Train": {
                "age-group": [
                    0.625645471739454,
                    0.9252906579127342,
                    0.8446741682446582
                ]
            },
            "Validation": {
                "age-group": [
                    0.5457293217158019,
                    0.87107485833957,
                    0.8121703127049796
                ]
            },
            "Test": {
                "age-group": [
                    0.6059601419933052,
                    0.9498930217248189,
                    0.8668405892576811
                ]
            }
        },
        "EOR": {
            "Train": {
                "age-group": [
                    0.6189526342451874,
                    0.9100391356756237,
                    0.8624439651231799
                ]
            },
            "Validation": {
                "age-group": [
                    0.532591906085882,
                    0.8416017009213324,
                    0.7907513309767488
                ]
            },
            "Test": {
                "age-group": [
                    0.6539218561571389,
                    0.9257940464321323,
                    0.8852702479710775
                ]
            }
        }
    },
    "XGBoost": {
        "AUC": {
            "Train": [
                0.7721451491894522,
                0.8035315193903735,
                0.7946936255994242
            ],
            "Validation": [
                0.7773747320683435,
                0.8078623202482395,
                0.7975484761664685
            ],
            "Test": [
                0.7850766394431391,
                0.812987808935286,
                0.8010709711314128
            ]
        },
        "DPR": {
            "Train": {
                "age-group": [
                    0.5322194200212393,
                    0.5117583567958766,
                    0.6376175108222708
                ]
            },
            "Validation": {
                "age-group": [
                    0.5089880083895677,
                    0.41044584648389326,
                    0.5635817333700158
                ]
            },
            "Test": {
                "age-group": [
                    0.41510568513119533,
                    0.4918433607209118,
                    0.5344553405777895
                ]
            }
        },
        "EOR": {
            "Train": {
                "age-group": [
                    0.5114225958251216,
                    0.6102998399483136,
                    0.6415042568870631
                ]
            },
            "Validation": {
                "age-group": [
                    0.5476451259583789,
                    0.38911200356983483,
                    0.5527486289242993
                ]
            },
            "Test": {
                "age-group": [
                    0.5586642996522836,
                    0.7082324455205812,
                    0.7000225942282017
                ]
            }
        }
    },
    "CatBoost": {
        "AUC": {
            "Train": [
                0.8024878819927543,
                0.8363044156030577,
                0.8324896595315968
            ],
            "Validation": [
                0.7979395502211669,
                0.8387673351819376,
                0.8331933628543798
            ],
            "Test": [
                0.8038250844219048,
                0.8406685825584443,
                0.8380030366386766
            ]
        },
        "DPR": {
            "Train": {
                "age-group": [
                    0.3538949312948474,
                    0.5491040897278074,
                    0.5793191490699732
                ]
            },
            "Validation": {
                "age-group": [
                    0.3578495146614789,
                    0.5898436810552264,
                    0.49107445276122486
                ]
            },