{
    "Random Forest": {
        "AUC": {
            "Train": [
                0.6921657775543854,
                0.7143469841916378,
                0.7110716993492289
            ],
            "Validation": [
                0.6832696953296693,
                0.7205959595138214,
                0.7094683064370156
            ],
            "Test": [
                0.6999437438770448,
                0.7267357884449908,
                0.7171842426124326
            ]
        },
        "DPR": {
            "Train": {
                "age-group": [
                    0.2160032827246615,
                    0.7217130959437074,
                    0.4404322254137601
                ]
            },
            "Validation": {
                "age-group": [
                    0.16243714337823403,
                    0.712967353638519,
                    0.5634081099154964
                ]
            },
            "Test": {
                "age-group": [
                    0.17080903790087465,
                    0.35419703595724,
                    0.516399416909621
                ]
            }
        },
        "EOR": {
            "Train": {
                "age-group": [
                    0.10303030303030304,
                    0.8062651501025545,
                    0.3040703052728955
                ]
            },
            "Validation": {
                "age-group": [
                    0.10907481186365649,
                    0.7095046854082998,
                    0.0
                ]
            },
            "Test": {
                "age-group": [
                    0.18678657903839502,
                    0.3569888055869364,
                    0.34076204169662117
                ]
            }
        }
    },
    "SVM": {
        "AUC": {
            "Train": [
                0.6480326138377247,
                0.4339204697274011,
                0.550252272609696
            ],
            "Validation": [
                0.6342479526964534,
                0.44086431733107095,
                0.5521228529703106
            ],
            "Test": [
                0.6250701032617085,
                0.4323824713253707,
                0.548159224517983
            ]
        },
        "DPR": {
            "Train": {
                "age-group": [
                    NaN,
                    NaN,
                    NaN
                ]
            },
            "Validation": {
                "age-group": [
                    NaN,
                    NaN,
                    NaN
                ]
            },
            "Test": {
                "age-group": [
                    NaN,
                    NaN,
                    NaN
                ]
            }
        },
        "EOR": {
            "Train": {
                "age-group": [
                    NaN,
                    NaN,
                    NaN
                ]
            },
            "Validation": {
                "age-group": [
                    NaN,
                    NaN,
                    NaN
                ]
            },
            "Test": {
                "age-group": [
                    NaN,
                    NaN,
                    NaN
                ]
            }
        }
    },
    "MLP": {
        "AUC": {
            "Train": [
                0.5985582620927309,
                0.4957006493540631,
                0.47014515703713766
            ],
            "Validation": [
                0.5941268718322174,
                0.5171172827626542,
                0.4646699904196644
            ],
            "Test": [
                0.5772573023948044,
                0.5180910548011738,
                0.46612237717237126
            ]
        },
        "DPR": {
            "Train": {
                "age-group": [
                    0.6274818766242648,
                    0.8195869238134319,
                    0.8119003198294242
                ]
            },
            "Validation": {
                "age-group": [
                    0.7331622417341914,
                    0.43408033923034833,
                    0.7436987050884551
                ]
            },
            "Test": {
                "age-group": [
                    0.7462964650145772,
                    0.4809324239900042,
                    0.6517621210771652
                ]
            }
        },
        "EOR": {
            "Train": {
                "age-group": [
                    0.5714141701653266,
                    0.2567693744164332,
                    0.4621848739495798
                ]
            },
            "Validation": {
                "age-group": [
                    0.8061877138182358,
                    0.3391343150379295,
                    0.0
                ]
            },
            "Test": {
                "age-group": [
                    0.6917922948073701,
                    0.6328437917222964,
                    0.0
                ]
            }
        }
    },
    "XGBoost": {
        "AUC": {
            "Train": [
                0.646956061876028,
                0.6263443542265386,
                0.6746272387522667
            ],
            "Validation": [
                0.6490041465595573,
                0.6388094166777348,
                0.6689944382252074
            ],
            "Test": [
                0.638544791325769,
                0.6512765771894813,
                0.678506215483055
            ]
        },
        "DPR": {
            "Train": {
                "age-group": [
                    0.5587542923784635,
                    0.4246765321545997,
                    0.7332413175663072
                ]
            },
            "Validation": {
                "age-group": [
                    0.5790433588987973,
                    0.3882643914894374,
                    0.602106848778379
                ]
            },
            "Test": {
                "age-group": [
                    0.5586051384839651,
                    0.3681473865056226,
                    0.8821823372206025
                ]
            }
        },
        "EOR": {
            "Train": {
                "age-group": [
                    0.5698023715415019,
                    0.3702005380288579,
                    0.6251445420906567
                ]
            },
            "Validation": {
                "age-group": [
                    0.6479250334672021,
                    0.3498438197233378,
                    0.5637364271902424
                ]
            },
            "Test": {
                "age-group": [
                    0.5553978731548824,
                    0.38415099731637725,
                    0.584040404040404
                ]
            }
        }
    },
    "CatBoost": {
        "AUC": {
            "Train": [
                0.6589142963418586,
                0.65925548017968,
                0.719107824454744
            ],
            "Validation": [
                0.6607305329599985,
                0.677197656989052,
                0.7159325858804346
            ],
            "Test": [
                0.6614515271685313,
                0.6825825400367518,
                0.719612225797608
            ]
        },
        "DPR": {
            "Train": {
                "age-group": [
                    0.44390580616019826,
                    0.35432247475081735,
                    0.7797565312542745
                ]
            },
            "Validation": {
                "age-group": [
                    0.46097027174904254,
                    0.29877702798549055,
                    0.620993498992004
                ]
            },
            "Test": {
                "age-group": [
                    0.49511922115785084,
                    0.2635470396949989,
                    0.9576088088296544
                ]
            }
        },