{
    "Random Forest": {
        "AUC": {
            "Train": [
                0.8761898862535143,
                0.8795739148727277,
                0.875125572490556
            ],
            "Validation": [
                0.8683447011347923,
                0.8724460846364367,
                0.8658950295195406
            ],
            "Test": [
                0.8721099237249355,
                0.8815844068920803,
                0.8768427331679371
            ]
        },
        "DPR": {
            "Train": {
                "age-group": [
                    0.67962348142898,
                    0.706174081476873,
                    0.7392416556805979
                ]
            },
            "Validation": {
                "age-group": [
                    0.5338474766160339,
                    0.7466580204132639,
                    0.6666339314524614
                ]
            },
            "Test": {
                "age-group": [
                    0.5362609329446064,
                    0.5399849672011662,
                    0.6256377551020408
                ]
            }
        },
        "EOR": {
            "Train": {
                "age-group": [
                    0.8357487922705314,
                    0.6257002261280707,
                    0.721962425137419
                ]
            },
            "Validation": {
                "age-group": [
                    0.5488621151271753,
                    0.6800535475234271,
                    0.6604194556001785
                ]
            },
            "Test": {
                "age-group": [
                    0.5091147170586423,
                    0.4151347095272329,
                    0.8067019762613888
                ]
            }
        }
    },
    "SVM": {
        "AUC": {
            "Train": [
                0.8244354104632808,
                0.8247981563882179,
                0.8242735900471234
            ],
            "Validation": [
                0.819340577163263,
                0.8196597459961215,
                0.818788074003198
            ],
            "Test": [
                0.8198596259982501,
                0.820076631144663,
                0.8197981795557842
            ]
        },
        "DPR": {
            "Train": {
                "age-group": [
                    0.9906533533944285,
                    0.754644921552436,
                    0.9369873547505126
                ]
            },
            "Validation": {
                "age-group": [
                    0.670929058704763,
                    0.8628046039025268,
                    0.6443576108352675
                ]
            },
            "Test": {
                "age-group": [
                    0.47723814078872995,
                    0.7571221632061806,
                    0.6075248730402535
                ]
            }
        },
        "EOR": {
            "Train": {
                "age-group": [
                    0.5578093306288032,
                    0.4006556182844655,
                    0.5115089514066496
                ]
            },
            "Validation": {
                "age-group": [
                    0.14423629467877255,
                    0.4126253493342101,
                    0.13250976665610814
                ]
            },
            "Test": {
                "age-group": [
                    0.22568306010928962,
                    0.2699346405228758,
                    0.2167979002624672
                ]
            }
        }
    },
    "MLP": {
        "AUC": {
            "Train": [
                0.7233414507353167,
                0.7749935256595312,
                0.8129758087858876
            ],
            "Validation": [
                0.735006443611398,
                0.7828345972087826,
                0.8069971234899528
            ],
            "Test": [
                0.7393260852935465,
                0.7863218634816211,
                0.8145298166504544
            ]
        },
        "DPR": {
            "Train": {
                "age-group": [
                    0.8469296364944119,
                    0.9833477601494398,
                    0.8424685294678619
                ]
            },
            "Validation": {
                "age-group": [
                    0.997928838675194,
                    0.8628417907097462,
                    0.7797617908080242
                ]
            },
            "Test": {
                "age-group": [
                    0.9302286162256076,
                    0.9820416261742791,
                    0.9770113402503859
                ]
            }
        },
        "EOR": {
            "Train": {
                "age-group": [
                    0.7168884706725814,
                    0.8910424460219741,
                    0.6138763197586727
                ]
            },
            "Validation": {
                "age-group": [
                    0.7968253968253969,
                    0.8924360941652009,
                    0.42101449275362324
                ]
            },
            "Test": {
                "age-group": [
                    0.642612953894484,
                    0.8335286458333334,
                    0.6022916666666667
                ]
            }
        }
    },
    "XGBoost": {
        "AUC": {
            "Train": [
                0.8698823567193597,
                0.8731946418746857,
                0.8665634810321063
            ],
            "Validation": [
                0.8689391803798584,
                0.8738825326178651,
                0.861604132464628
            ],
            "Test": [
                0.862289356389819,
                0.8764567408746563,
                0.8624009331711661
            ]
        },
        "DPR": {
            "Train": {
                "age-group": [
                    0.6963355342510041,
                    0.45858507005258814,
                    0.7901835943187684
                ]
            },
            "Validation": {
                "age-group": [
                    0.5498950333914109,
                    0.45845130851544114,
                    0.7852390146345759
                ]
            },
            "Test": {
                "age-group": [
                    0.6152451013628042,
                    0.4207585781565374,
                    0.670326166180758
                ]
            }
        },
        "EOR": {
            "Train": {
                "age-group": [
                    0.7413208289472284,
                    0.40503192060392185,
                    0.6602641056422569
                ]
            },
            "Validation": {
                "age-group": [
                    0.46917830050360165,
                    0.42735042735042733,
                    0.7120791829529693
                ]
            },
            "Test": {
                "age-group": [
                    0.5393263893017951,
                    0.38944233336756695,
                    0.6363209554130782
                ]
            }
        }
    },
    "CatBoost": {
        "AUC": {
            "Train": [
                0.8968909946590787,
                0.898582704204203,
                0.8934159176508084
            ],
            "Validation": [
                0.8908662448427768,
                0.8958367403608604,
                0.8906342657972386
            ],
            "Test": [
                0.8918168426773418,
                0.8980402470048915,
                0.8927412928995372
            ]
        },
        "DPR": {
            "Train": {
                "age-group": [
                    0.5542830852637993,
                    0.5082809609168593,
                    0.8422533559997655
                ]
            },