{
    "Random Forest": {
        "AUC": {
            "Train": [
                0.8725898462836524,
                0.8768960446065488,
                0.8684951259397318
            ],
            "Validation": [
                0.8660777666644681,
                0.8744694448736169,
                0.8716130758177694
            ],
            "Test": [
                0.8734692518078985,
                0.8773011862445065,
                0.8714664523547528
            ]
        },
        "DPR": {
            "Train": {
                "age-group": [
                    0.6879286550685847,
                    0.938017528907968,
                    0.6204349610176447
                ]
            },
            "Validation": {
                "age-group": [
                    0.9043797712409787,
                    0.58948319599423,
                    0.5134696638093501
                ]
            },
            "Test": {
                "age-group": [
                    0.9176020408163265,
                    0.7727371082361516,
                    0.6142883173677633
                ]
            }
        },
        "EOR": {
            "Train": {
                "age-group": [
                    0.2272201786652654,
                    0.2649563920831716,
                    0.7080424971266785
                ]
            },
            "Validation": {
                "age-group": [
                    0.654327424400417,
                    0.5393000573723465,
                    0.3261530972374346
                ]
            },
            "Test": {
                "age-group": [
                    0.4777254440192326,
                    0.6460890493381467,
                    0.8635916359163591
                ]
            }
        }
    },
    "SVM": {
        "AUC": {
            "Train": [
                0.6765153975778386,
                0.6307632773122882,
                0.4801298700507105
            ],
            "Validation": [
                0.6769415087537644,
                0.6270011110297942,
                0.48277692997380095
            ],
            "Test": [
                0.6805861530423042,
                0.6356541303853526,
                0.48187228102321117
            ]
        },
        "DPR": {
            "Train": {
                "age-group": [
                    NaN,
                    NaN,
                    NaN
                ]
            },
            "Validation": {
                "age-group": [
                    NaN,
                    NaN,
                    NaN
                ]
            },
            "Test": {
                "age-group": [
                    NaN,
                    NaN,
                    NaN
                ]
            }
        },
        "EOR": {
            "Train": {
                "age-group": [
                    NaN,
                    NaN,
                    NaN
                ]
            },
            "Validation": {
                "age-group": [
                    NaN,
                    NaN,
                    NaN
                ]
            },
            "Test": {
                "age-group": [
                    NaN,
                    NaN,
                    NaN
                ]
            }
        }
    },
    "MLP": {
        "AUC": {
            "Train": [
                0.7390111832564832,
                0.6535517367042113,
                0.44696886579383643
            ],
            "Validation": [
                0.717791429981782,
                0.6525597656627644,
                0.4401716931052002
            ],
            "Test": [
                0.7334164387980607,
                0.6395521508668965,
                0.432201225066286
            ]
        },
        "DPR": {
            "Train": {
                "age-group": [
                    0.963494992092778,
                    0.9676709440057429,
                    NaN
                ]
            },
            "Validation": {
                "age-group": [
                    0.8905700452912697,
                    0.7909279399483572,
                    NaN
                ]
            },
            "Test": {
                "age-group": [
                    0.8009865680966264,
                    0.9580438110023161,
                    NaN
                ]
            }
        },
        "EOR": {
            "Train": {
                "age-group": [
                    0.6584723441615452,
                    0.7169626853511488,
                    NaN
                ]
            },
            "Validation": {
                "age-group": [
                    0.683179096352749,
                    0.6658833063209076,
                    NaN
                ]
            },
            "Test": {
                "age-group": [
                    0.7039772727272727,
                    0.6986069651741293,
                    NaN
                ]
            }
        }
    },
    "XGBoost": {
        "AUC": {
            "Train": [
                0.8445151993285428,
                0.8539652887731088,
                0.8479457997701925
            ],
            "Validation": [
                0.8401546918496071,
                0.8588425201854146,
                0.8455225860701743
            ],
            "Test": [
                0.8423916856513165,
                0.8516406765943597,
                0.8455799223956705
            ]
        },
        "DPR": {
            "Train": {
                "age-group": [
                    0.8647634679641244,
                    0.9513432895579756,
                    0.6589845528072453
                ]
            },
            "Validation": {
                "age-group": [
                    0.5531643260988509,
                    0.772836579055802,
                    0.6617484345552921
                ]
            },
            "Test": {
                "age-group": [
                    0.8962509110787171,
                    0.7139872574645622,
                    0.5703092461474386
                ]
            }
        },
        "EOR": {
            "Train": {
                "age-group": [
                    0.7318127375930844,
                    0.63010637781124,
                    0.6981324323961978
                ]
            },
            "Validation": {
                "age-group": [
                    0.6508083616517352,
                    0.7701030927835052,
                    0.7764390896921016
                ]
            },
            "Test": {
                "age-group": [
                    0.5988977869628864,
                    0.6257575757575757,
                    0.4689534764301119
                ]
            }
        }
    },
    "CatBoost": {
        "AUC": {
            "Train": [
                0.8709884708358294,
                0.8801593674430312,
                0.8663506601846309
            ],
            "Validation": [
                0.8688162638618963,
                0.8810689889568639,
                0.8718747581198689
            ],
            "Test": [
                0.87040172016845,
                0.8792067803678578,
                0.8671350628262525
            ]
        },
        "DPR": {
            "Train": {
                "age-group": [
                    0.9655350878165815,
                    0.718447740195791,
                    0.9004807323411765
                ]
            },
            "Validation": {
                "age-group": [
                    0.8165759099554467,
                    0.641943785843111,
                    0.8562872017641304
                ]
            },
            "Test": {
                "age-group": [
                    0.9510295616717634,
                    0.6330858236151603,
                    0.6141052619204365
                ]
            }
        },