{
    "Random Forest": {
        "AUC": {
            "Train": [
                0.9088685054784081,
                0.9083944728980184,
                0.906550866830188
            ],
            "Validation": [
                0.9032485499239085,
                0.9024586842383455,
                0.8992125211160416
            ],
            "Test": [
                0.9060651750231565,
                0.9049404297675083,
                0.9028426504849403
            ]
        },
        "DPR": {
            "Train": {
                "age-group": [
                    0.3682122828614417,
                    0.42569858472728445,
                    0.413799392192838
                ]
            },
            "Validation": {
                "age-group": [
                    0.35187397410176907,
                    0.38185338822899406,
                    0.34847157447695476
                ]
            },
            "Test": {
                "age-group": [
                    0.3441521312958681,
                    0.3872995626822157,
                    0.35517063968444523
                ]
            }
        },
        "EOR": {
            "Train": {
                "age-group": [
                    0.2921605748338102,
                    0.39723470331703453,
                    0.4467699660807894
                ]
            },
            "Validation": {
                "age-group": [
                    0.34805890227576974,
                    0.4484605087014725,
                    0.3145917001338688
                ]
            },
            "Test": {
                "age-group": [
                    0.44159978872929473,
                    0.391314652277988,
                    0.35293211461435764
                ]
            }
        }
    },
    "SVM": {
        "AUC": {
            "Train": [
                0.73014364159575,
                0.7290881660027754,
                0.7375789997157309
            ],
            "Validation": [
                0.7131937498625894,
                0.7135270362128251,
                0.7225093537023133
            ],
            "Test": [
                0.7223150394185153,
                0.7202883252664602,
                0.7302542668122973
            ]
        },
        "DPR": {
            "Train": {
                "age-group": [
                    0.0,
                    0.0,
                    0.0
                ]
            },
            "Validation": {
                "age-group": [
                    0.0,
                    0.0,
                    0.0
                ]
            },
            "Test": {
                "age-group": [
                    0.0,
                    0.0,
                    0.0
                ]
            }
        },
        "EOR": {
            "Train": {
                "age-group": [
                    0.0,
                    0.0,
                    0.0
                ]
            },
            "Validation": {
                "age-group": [
                    0.0,
                    0.0,
                    0.0
                ]
            },
            "Test": {
                "age-group": [
                    0.0,
                    0.0,
                    0.0
                ]
            }
        }
    },
    "MLP": {
        "AUC": {
            "Train": [
                0.7838489815037673,
                0.7819753561344405,
                0.548049987317988
            ],
            "Validation": [
                0.789649480490419,
                0.7806112952788312,
                0.5333869121352824
            ],
            "Test": [
                0.7891004195558565,
                0.7771851660064852,
                0.5307953425331747
            ]
        },
        "DPR": {
            "Train": {
                "age-group": [
                    0.8729840195796709,
                    0.497879906989468,
                    0.784352345780331
                ]
            },
            "Validation": {
                "age-group": [
                    0.7465284235883008,
                    0.6002857316554198,
                    0.3503374065292723
                ]
            },
            "Test": {
                "age-group": [
                    0.8603803282396703,
                    0.4822624362244898,
                    0.4394360422740525
                ]
            }
        },
        "EOR": {
            "Train": {
                "age-group": [
                    0.9617107329561346,
                    0.4801110083256244,
                    0.5578093306288032
                ]
            },
            "Validation": {
                "age-group": [
                    0.770151312319987,
                    0.8640770252324037,
                    0.23427041499330653
                ]
            },
            "Test": {
                "age-group": [
                    0.9923053527980535,
                    0.41378247920303995,
                    0.45029269795624943
                ]
            }
        }
    },
    "XGBoost": {
        "AUC": {
            "Train": [
                0.9072151581624803,
                0.907427436148222,
                0.9055448583222303
            ],
            "Validation": [
                0.9027400934180593,
                0.906082443892092,
                0.9014688768600112
            ],
            "Test": [
                0.9066372417797183,
                0.901592975445715,
                0.9059661213964434
            ]
        },
        "DPR": {
            "Train": {
                "age-group": [
                    0.39438769266210255,
                    0.38520832506033764,
                    0.3752635754342771
                ]
            },
            "Validation": {
                "age-group": [
                    0.34378138488661925,
                    0.3338542271152156,
                    0.3552182682301445
                ]
            },
            "Test": {
                "age-group": [
                    0.34199898158872155,
                    0.3444167439703154,
                    0.3397208563596014
                ]
            }
        },
        "EOR": {
            "Train": {
                "age-group": [
                    0.31593511754760917,
                    0.29290723038795813,
                    0.31100524205982116
                ]
            },
            "Validation": {
                "age-group": [
                    0.2867383512544803,
                    0.28808567603748325,
                    0.2887741441958309
                ]
            },
            "Test": {
                "age-group": [
                    0.3458329054123447,
                    0.3154482900277293,
                    0.35582975102334247
                ]
            }
        }
    },
    "CatBoost": {
        "AUC": {
            "Train": [
                0.9185688732300897,
                0.9192502504211654,
                0.9167010288620345
            ],
            "Validation": [
                0.9159649319362487,
                0.9154393085292694,
                0.917249738957692
            ],
            "Test": [
                0.9186149602208783,
                0.9146027979745079,
                0.9183711359089691
            ]
        },
        "DPR": {
            "Train": {
                "age-group": [
                    0.3772244562987279,
                    0.39714774583659157,
                    0.33824222252617825
                ]
            },
            "Validation": {
                "age-group": [
                    0.3254155434356254,
                    0.352880690787198,
                    0.306874495192934
                ]
            },