{
    "Random Forest": {
        "AUC": {
            "Train": [
                0.5375300983497842,
                0.5702410226097911,
                0.4719276863979574
            ],
            "Validation": [
                0.5366017531923659,
                0.569054236264145,
                0.47580844810310263
            ],
            "Test": [
                0.5455777572478512,
                0.5817189025552215,
                0.4768717325693907
            ]
        },
        "DPR": {
            "Train": {
                "age-group": [
                    0.7968023830149394,
                    0.8552441054811126,
                    0.8409584070004441
                ]
            },
            "Validation": {
                "age-group": [
                    0.7470645197710672,
                    0.7934496173570132,
                    0.8372913119593387
                ]
            },
            "Test": {
                "age-group": [
                    0.8407585201568312,
                    0.8134041882058946,
                    0.8036735132951632
                ]
            }
        },
        "EOR": {
            "Train": {
                "age-group": [
                    0.7682039911308204,
                    0.8767313120476146,
                    0.6202892561983472
                ]
            },
            "Validation": {
                "age-group": [
                    0.7497230589835779,
                    0.7793690104447076,
                    0.5982071713147411
                ]
            },
            "Test": {
                "age-group": [
                    0.8574479097288387,
                    0.8220634264454025,
                    0.6230210467498604
                ]
            }
        }
    },
    "SVM": {
        "AUC": {
            "Train": [
                0.5657430607603614,
                0.39452834610639376,
                0.30251930130609106
            ],
            "Validation": [
                0.5802304536007273,
                0.4167464776982378,
                0.3232063675349203
            ],
            "Test": [
                0.5766011947089521,
                0.41448714739587034,
                0.31335799640389317
            ]
        },
        "DPR": {
            "Train": {
                "age-group": [
                    NaN,
                    NaN,
                    NaN
                ]
            },
            "Validation": {
                "age-group": [
                    NaN,
                    NaN,
                    NaN
                ]
            },
            "Test": {
                "age-group": [
                    NaN,
                    NaN,
                    NaN
                ]
            }
        },
        "EOR": {
            "Train": {
                "age-group": [
                    NaN,
                    NaN,
                    NaN
                ]
            },
            "Validation": {
                "age-group": [
                    NaN,
                    NaN,
                    NaN
                ]
            },
            "Test": {
                "age-group": [
                    NaN,
                    NaN,
                    NaN
                ]
            }
        }
    },
    "MLP": {
        "AUC": {
            "Train": [
                0.5632678779226247,
                0.5258531710249131,
                0.5114446301222052
            ],
            "Validation": [
                0.5623323780103441,
                0.5265666077269728,
                0.5096647394561344
            ],
            "Test": [
                0.5385540780747777,
                0.4999357999723284,
                0.4833910907260306
            ]
        },
        "DPR": {
            "Train": {
                "age-group": [
                    0.6478615960924986,
                    0.5826387814454304,
                    0.5322503147698059
                ]
            },
            "Validation": {
                "age-group": [
                    0.838020314538644,
                    0.8297464891482764,
                    0.6399352007810236
                ]
            },
            "Test": {
                "age-group": [
                    0.8613853149955634,
                    0.7976204280413465,
                    0.7180965366442144
                ]
            }
        },
        "EOR": {
            "Train": {
                "age-group": [
                    0.6809907878507555,
                    0.5859688174529757,
                    0.4835900736033463
                ]
            },
            "Validation": {
                "age-group": [
                    0.6246888999502239,
                    0.612733131530124,
                    0.5135694292320798
                ]
            },
            "Test": {
                "age-group": [
                    0.6760416666666667,
                    0.7496699669966996,
                    0.7997476488798251
                ]
            }
        }
    },
    "XGBoost": {
        "AUC": {
            "Train": [
                0.6557998128593696,
                0.5717611021319876,
                0.49658454254355977
            ],
            "Validation": [
                0.6595463179557053,
                0.5834665274039459,
                0.4914667701499514
            ],
            "Test": [
                0.6630722195239602,
                0.560061653149958,
                0.4922655563607592
            ]
        },
        "DPR": {
            "Train": {
                "age-group": [
                    0.8736710675963012,
                    0.9383192378678632,
                    0.7449335187011189
                ]
            },
            "Validation": {
                "age-group": [
                    0.954900161429691,
                    0.8944554615675083,
                    0.7829643681512399
                ]
            },
            "Test": {
                "age-group": [
                    0.8006231815842134,
                    0.8973694854707974,
                    0.7612114579104697
                ]
            }
        },
        "EOR": {
            "Train": {
                "age-group": [
                    0.6957621758380772,
                    0.918,
                    0.6984223545026748
                ]
            },
            "Validation": {
                "age-group": [
                    0.691333088505325,
                    0.8877291038192708,
                    0.7631593038821954
                ]
            },
            "Test": {
                "age-group": [
                    0.5954128440366973,
                    0.9061344447040055,
                    0.7108114133416162
                ]
            }
        }
    },
    "CatBoost": {
        "AUC": {
            "Train": [
                0.6564539802965191,
                0.4856265260605251,
                0.5345012155912328
            ],
            "Validation": [
                0.6516342212235303,
                0.4832271093679177,
                0.5233461196629384
            ],
            "Test": [
                0.6716498260413116,
                0.489418386978454,
                0.5313761604098421
            ]
        },
        "DPR": {
            "Train": {
                "age-group": [
                    0.724235223762855,
                    0.7048627269385918,
                    0.808634281718624
                ]
            },
            "Validation": {
                "age-group": [
                    0.6174050042710338,
                    0.6716057980571458,
                    0.8706160183961298
                ]
            },
            "Test": {
                "age-group": [
                    0.7164048833819241,
                    0.64959880113713,
                    0.8111092651346252
                ]
            }
        },