{
    "Random Forest": {
        "AUC": {
            "Train": [
                0.9085825602029853,
                0.9097823703499512,
                0.9071975294419632
            ],
            "Validation": [
                0.9029568255448307,
                0.9041466499093618,
                0.9003201250593689
            ],
            "Test": [
                0.9062733913291185,
                0.9043260785038845,
                0.9079829150976889
            ]
        },
        "DPR": {
            "Train": {
                "age-group": [
                    0.37969159262000546,
                    0.46290372816666747,
                    0.4069548705817986
                ]
            },
            "Validation": {
                "age-group": [
                    0.3830036949223526,
                    0.4093154469714902,
                    0.3643860243349574
                ]
            },
            "Test": {
                "age-group": [
                    0.31648186206566936,
                    0.3847640499968985,
                    0.36247266763848396
                ]
            }
        },
        "EOR": {
            "Train": {
                "age-group": [
                    0.34183342259441385,
                    0.42104973349191666,
                    0.41898576421009354
                ]
            },
            "Validation": {
                "age-group": [
                    0.3953067170643358,
                    0.4685408299866131,
                    0.2832382160219826
                ]
            },
            "Test": {
                "age-group": [
                    0.35078445468769825,
                    0.4306333493968289,
                    0.37553367860443965
                ]
            }
        }
    },
    "SVM": {
        "AUC": {
            "Train": [
                0.7315942252921148,
                0.728690315019045,
                0.7367145733575348
            ],
            "Validation": [
                0.7149329903567192,
                0.7129383169148488,
                0.7214019003458377
            ],
            "Test": [
                0.723730985739748,
                0.7198777015877097,
                0.7293617657225566
            ]
        },
        "DPR": {
            "Train": {
                "age-group": [
                    0.0,
                    0.0,
                    0.0
                ]
            },
            "Validation": {
                "age-group": [
                    0.0,
                    0.0,
                    0.0
                ]
            },
            "Test": {
                "age-group": [
                    0.0,
                    0.0,
                    0.0
                ]
            }
        },
        "EOR": {
            "Train": {
                "age-group": [
                    0.0,
                    0.0,
                    0.0
                ]
            },
            "Validation": {
                "age-group": [
                    0.0,
                    0.0,
                    0.0
                ]
            },
            "Test": {
                "age-group": [
                    0.0,
                    0.0,
                    0.0
                ]
            }
        }
    },
    "MLP": {
        "AUC": {
            "Train": [
                0.5438161991312841,
                0.7805018579585702,
                0.8248117374554558
            ],
            "Validation": [
                0.5280483070574336,
                0.7888484713778063,
                0.8197672650084645
            ],
            "Test": [
                0.5228637346491397,
                0.7880976618968535,
                0.8303060493023019
            ]
        },
        "DPR": {
            "Train": {
                "age-group": [
                    0.8272466146901929,
                    0.8809120265472515,
                    0.7696274474978411
                ]
            },
            "Validation": {
                "age-group": [
                    0.5515264296132375,
                    0.8377004859941424,
                    0.6941187914158915
                ]
            },
            "Test": {
                "age-group": [
                    0.878872084548105,
                    0.8696327084179061,
                    0.7518167981478306
                ]
            }
        },
        "EOR": {
            "Train": {
                "age-group": [
                    0.5055147058823529,
                    0.9401495465874742,
                    0.8064609747691861
                ]
            },
            "Validation": {
                "age-group": [
                    0.0,
                    0.9287009287009286,
                    0.7235780729756635
                ]
            },
            "Test": {
                "age-group": [
                    0.0,
                    0.7837637130801688,
                    0.8411823149528067
                ]
            }
        }
    },
    "XGBoost": {
        "AUC": {
            "Train": [
                0.9054867816405914,
                0.9060052907876022,
                0.9034427929257155
            ],
            "Validation": [
                0.9013254052367482,
                0.9040084864726324,
                0.9012707422094643
            ],
            "Test": [
                0.9040380836676488,
                0.9027850892380385,
                0.9053714224327117
            ]
        },
        "DPR": {
            "Train": {
                "age-group": [
                    0.4319812441571684,
                    0.40569948919672294,
                    0.3853509524016045
                ]
            },
            "Validation": {
                "age-group": [
                    0.412678148042,
                    0.31223053073135143,
                    0.3471344206035043
                ]
            },
            "Test": {
                "age-group": [
                    0.34743666078101265,
                    0.3589038014759475,
                    0.3484793267956533
                ]
            }
        },
        "EOR": {
            "Train": {
                "age-group": [
                    0.37341967314215235,
                    0.35445232466509063,
                    0.3479065277721916
                ]
            },
            "Validation": {
                "age-group": [
                    0.34908866234167435,
                    0.2955029996529327,
                    0.29266491252365784
                ]
            },
            "Test": {
                "age-group": [
                    0.3001951319708329,
                    0.38457430420047245,
                    0.36997021669918867
                ]
            }
        }
    },
    "CatBoost": {
        "AUC": {
            "Train": [
                0.9181097836332177,
                0.9195368052255528,
                0.916601008968533
            ],
            "Validation": [
                0.915779710108263,
                0.915595090627685,
                0.915722938865051
            ],
            "Test": [
                0.918472679078471,
                0.9143790408862894,
                0.9170451148908909
            ]
        },
        "DPR": {
            "Train": {
                "age-group": [
                    0.35439640623502283,
                    0.41289381297588107,
                    0.36819341662775507
                ]
            },
            "Validation": {
                "age-group": [
                    0.33397748119857096,
                    0.355754458310278,
                    0.34292285824293856
                ]
            },
            "Test": {
                "age-group": [
                    0.32681221839385105,
                    0.3955751943634596,
                    0.3249649585108769
                ]
            }
        },