{
    "Random Forest": {
        "AUC": {
            "Train": [
                0.5231239098479232,
                0.5166434550417911,
                0.49488500436079874
            ],
            "Validation": [
                0.5114685064163552,
                0.5235874350933021,
                0.5076553461494792
            ],
            "Test": [
                0.5277858625051168,
                0.5275813805133377,
                0.4950778721440229
            ]
        },
        "DPR": {
            "Train": {
                "age-group": [
                    0.850056545881557,
                    0.9682036089954663,
                    0.9201967285198452
                ]
            },
            "Validation": {
                "age-group": [
                    0.8706551063381266,
                    0.9293584559170351,
                    0.8917421056571073
                ]
            },
            "Test": {
                "age-group": [
                    0.9786984356642443,
                    0.926593242087254,
                    0.9334280004085347
                ]
            }
        },
        "EOR": {
            "Train": {
                "age-group": [
                    0.8462065836631737,
                    0.7658947368421053,
                    0.8372166105499439
                ]
            },
            "Validation": {
                "age-group": [
                    0.8585452922802319,
                    0.6916334661354582,
                    0.7068559096945551
                ]
            },
            "Test": {
                "age-group": [
                    0.9616421568627451,
                    0.6839262432482771,
                    0.7319798845222574
                ]
            }
        }
    },
    "SVM": {
        "AUC": {
            "Train": [
                0.5659156431722966,
                0.38650313537889736,
                0.2892742369097369
            ],
            "Validation": [
                0.5803437702068731,
                0.4083188092314559,
                0.30911603108474034
            ],
            "Test": [
                0.5763696672296051,
                0.406018854439149,
                0.296939989797401
            ]
        },
        "DPR": {
            "Train": {
                "age-group": [
                    NaN,
                    NaN,
                    NaN
                ]
            },
            "Validation": {
                "age-group": [
                    NaN,
                    NaN,
                    NaN
                ]
            },
            "Test": {
                "age-group": [
                    NaN,
                    NaN,
                    NaN
                ]
            }
        },
        "EOR": {
            "Train": {
                "age-group": [
                    NaN,
                    NaN,
                    NaN
                ]
            },
            "Validation": {
                "age-group": [
                    NaN,
                    NaN,
                    NaN
                ]
            },
            "Test": {
                "age-group": [
                    NaN,
                    NaN,
                    NaN
                ]
            }
        }
    },
    "MLP": {
        "AUC": {
            "Train": [
                0.5104096689884388,
                0.5183105739027584,
                0.4889968307541496
            ],
            "Validation": [
                0.512133912068723,
                0.5150804073555051,
                0.4871075066642212
            ],
            "Test": [
                0.48603773875281153,
                0.4887572247663338,
                0.459553793965137
            ]
        },
        "DPR": {
            "Train": {
                "age-group": [
                    0.6134135777139471,
                    0.5702468372131954,
                    0.5649022021611271
                ]
            },
            "Validation": {
                "age-group": [
                    0.7990151376983403,
                    0.6832603805702474,
                    0.6400137975878011
                ]
            },
            "Test": {
                "age-group": [
                    0.7224626457725948,
                    0.7579154518950437,
                    0.6836542887831825
                ]
            }
        },
        "EOR": {
            "Train": {
                "age-group": [
                    0.6245888580532429,
                    0.5761332099907492,
                    0.5545726693390893
                ]
            },
            "Validation": {
                "age-group": [
                    0.6322772055530677,
                    0.549566687803847,
                    0.4991394148020654
                ]
            },
            "Test": {
                "age-group": [
                    0.7350724042312827,
                    0.7309734513274336,
                    0.7004553079319434
                ]
            }
        }
    },
    "XGBoost": {
        "AUC": {
            "Train": [
                0.6041859668298909,
                0.4976277227944556,
                0.5770226132960058
            ],
            "Validation": [
                0.6071295947436757,
                0.5008282653328285,
                0.565283767369817
            ],
            "Test": [
                0.6072275878156043,
                0.4932585821706792,
                0.5773595245305212
            ]
        },
        "DPR": {
            "Train": {
                "age-group": [
                    0.798729171952973,
                    0.8610651500848873,
                    0.6873619432937784
                ]
            },
            "Validation": {
                "age-group": [
                    0.8960578637871913,
                    0.9120979919659895,
                    0.7366573468921592
                ]
            },
            "Test": {
                "age-group": [
                    0.7558699255316665,
                    0.8948215139788688,
                    0.6805758017492711
                ]
            }
        },
        "EOR": {
            "Train": {
                "age-group": [
                    0.7329132078751793,
                    0.838610864170212,
                    0.65263644773358
                ]
            },
            "Validation": {
                "age-group": [
                    0.8077494931290832,
                    0.8962332589285714,
                    0.7165338645418325
                ]
            },
            "Test": {
                "age-group": [
                    0.690990990990991,
                    0.8702378768421696,
                    0.6437968573482592
                ]
            }
        }
    },
    "CatBoost": {
        "AUC": {
            "Train": [
                0.574004340150991,
                0.48119198379506295,
                0.4846337843314332
            ],
            "Validation": [
                0.5710975492592181,
                0.4819371823935057,
                0.48046440533402723
            ],
            "Test": [
                0.5801717271527491,
                0.47857129816680627,
                0.4850266071771557
            ]
        },
        "DPR": {
            "Train": {
                "age-group": [
                    0.7418294558220697,
                    0.9573875713591643,
                    0.806326598747211
                ]
            },
            "Validation": {
                "age-group": [
                    0.6676633935978067,
                    0.9536031480222616,
                    0.9308313747351734
                ]
            },