{
    "Random Forest": {
        "AUC": {
            "Train": [
                0.9078386681974987,
                0.909658702637409,
                0.9100739251966246
            ],
            "Validation": [
                0.9011911570581713,
                0.9000710920528391,
                0.8969446831246048
            ],
            "Test": [
                0.9009860550901116,
                0.9002975079073161,
                0.9024979996900898
            ]
        },
        "DPR": {
            "Train": {
                "age-group": [
                    0.7986060314118689,
                    0.9049123175336306,
                    0.5505692957477939
                ]
            },
            "Validation": {
                "age-group": [
                    0.6115538938537297,
                    0.7434623100773019,
                    0.5941394613654325
                ]
            },
            "Test": {
                "age-group": [
                    0.6097485422740524,
                    0.7205316650469712,
                    0.6752915451895044
                ]
            }
        },
        "EOR": {
            "Train": {
                "age-group": [
                    0.3749132947976878,
                    0.407514450867052,
                    0.8924297520661157
                ]
            },
            "Validation": {
                "age-group": [
                    0.5756358768406961,
                    0.7627471051116371,
                    0.43953592146363224
                ]
            },
            "Test": {
                "age-group": [
                    0.6030947245900516,
                    0.6273417721518988,
                    0.6919753086419752
                ]
            }
        }
    },
    "SVM": {
        "AUC": {
            "Train": [
                0.731900437405604,
                0.6420812777921399,
                0.6525949095645684
            ],
            "Validation": [
                0.7394402475888786,
                0.6402891207324063,
                0.6487265773445695
            ],
            "Test": [
                0.7296940442441545,
                0.6182132988961669,
                0.6245949777925238
            ]
        },
        "DPR": {
            "Train": {
                "age-group": [
                    NaN,
                    NaN,
                    NaN
                ]
            },
            "Validation": {
                "age-group": [
                    NaN,
                    NaN,
                    NaN
                ]
            },
            "Test": {
                "age-group": [
                    NaN,
                    NaN,
                    NaN
                ]
            }
        },
        "EOR": {
            "Train": {
                "age-group": [
                    NaN,
                    NaN,
                    NaN
                ]
            },
            "Validation": {
                "age-group": [
                    NaN,
                    NaN,
                    NaN
                ]
            },
            "Test": {
                "age-group": [
                    NaN,
                    NaN,
                    NaN
                ]
            }
        }
    },
    "MLP": {
        "AUC": {
            "Train": [
                0.7883958866242602,
                0.7612080185973382,
                0.807143854702314
            ],
            "Validation": [
                0.7858976467190286,
                0.7670561445007338,
                0.813026169284318
            ],
            "Test": [
                0.7822722072120394,
                0.7734046066801523,
                0.8103594929963126
            ]
        },
        "DPR": {
            "Train": {
                "age-group": [
                    0.792068775108031,
                    0.9592354563244974,
                    0.9259511342518082
                ]
            },
            "Validation": {
                "age-group": [
                    0.8392022895944107,
                    0.8823015539467182,
                    0.8150346719647963
                ]
            },
            "Test": {
                "age-group": [
                    0.9170969736468307,
                    0.895991525608111,
                    0.956912852742175
                ]
            }
        },
        "EOR": {
            "Train": {
                "age-group": [
                    0.8045888512473053,
                    0.7445086705202312,
                    0.9649547330144881
                ]
            },
            "Validation": {
                "age-group": [
                    0.45272727272727276,
                    0.8310193096377307,
                    0.8506155770623478
                ]
            },
            "Test": {
                "age-group": [
                    0.291358024691358,
                    0.8383547008547008,
                    0.8715180922836513
                ]
            }
        }
    },
    "XGBoost": {
        "AUC": {
            "Train": [
                0.9062757597416635,
                0.9089075724754699,
                0.9064622946525492
            ],
            "Validation": [
                0.9003952302518143,
                0.9010370690618408,
                0.9012730010122447
            ],
            "Test": [
                0.8999897476101522,
                0.8990838180774905,
                0.901016759451172
            ]
        },
        "DPR": {
            "Train": {
                "age-group": [
                    0.7125582702111222,
                    0.8137295131429675,
                    0.591147907665323
                ]
            },
            "Validation": {
                "age-group": [
                    0.7159574310768912,
                    0.9004285974831295,
                    0.7120893150256637
                ]
            },
            "Test": {
                "age-group": [
                    0.7226754477301125,
                    0.8087726161893328,
                    0.5979735006247396
                ]
            }
        },
        "EOR": {
            "Train": {
                "age-group": [
                    0.7033005530115357,
                    0.6196913963598146,
                    0.7190551444136088
                ]
            },
            "Validation": {
                "age-group": [
                    0.7249510863968696,
                    0.7123978201634877,
                    0.820250699768772
                ]
            },
            "Test": {
                "age-group": [
                    0.7319700068166325,
                    0.5527724665391969,
                    0.6684178510202953
                ]
            }
        }
    },
    "CatBoost": {
        "AUC": {
            "Train": [
                0.9175757410215051,
                0.918758531976918,
                0.9153983702262168
            ],
            "Validation": [
                0.9128847531715849,
                0.9111551878826978,
                0.9112240060740713
            ],
            "Test": [
                0.9159371174685483,
                0.9130422318494601,
                0.9103127122240925
            ]
        },
        "DPR": {
            "Train": {
                "age-group": [
                    0.8272466146901928,
                    0.7825867221206031,
                    0.6562911951219029
                ]
            },
            "Validation": {
                "age-group": [
                    0.7980547829655298,
                    0.705829749430792,
                    0.7524224435645661
                ]
            },
            "Test": {
                "age-group": [
                    0.7842095363491018,
                    0.663942107455227,
                    0.6418107038733861
                ]
            }
        },