{
    "Random Forest": {
        "AUC": {
            "Train": [
                0.7041099166629141,
                0.7036688653138323,
                0.713674730887248
            ],
            "Validation": [
                0.6947650438523971,
                0.7192947008787949,
                0.7121990860582779
            ],
            "Test": [
                0.7191622597987272,
                0.7198230448073946,
                0.7277276072038618
            ]
        },
        "DPR": {
            "Train": {
                "age-group": [
                    0.07851183148680071,
                    0.7537135822732869,
                    0.8732047599507592
                ]
            },
            "Validation": {
                "age-group": [
                    0.051758065599892496,
                    0.3551178389770402,
                    0.49170162319897864
                ]
            },
            "Test": {
                "age-group": [
                    0.06087986436810749,
                    0.40054057337220605,
                    0.6454951776052693
                ]
            }
        },
        "EOR": {
            "Train": {
                "age-group": [
                    0.06181818181818182,
                    0.5281221091581869,
                    0.2888655462184874
                ]
            },
            "Validation": {
                "age-group": [
                    0.05624169986719788,
                    0.4551539491298527,
                    0.35698348951361
                ]
            },
            "Test": {
                "age-group": [
                    0.0674507090971982,
                    0.41378247920303995,
                    0.0
                ]
            }
        }
    },
    "SVM": {
        "AUC": {
            "Train": [
                0.6349751510279439,
                0.42071921522536304,
                0.5630248282480713
            ],
            "Validation": [
                0.6116433603395794,
                0.42224621070774915,
                0.5726268340349174
            ],
            "Test": [
                0.6164411970747721,
                0.43326565548982665,
                0.5712876051096281
            ]
        },
        "DPR": {
            "Train": {
                "age-group": [
                    NaN,
                    NaN,
                    NaN
                ]
            },
            "Validation": {
                "age-group": [
                    NaN,
                    NaN,
                    NaN
                ]
            },
            "Test": {
                "age-group": [
                    NaN,
                    NaN,
                    NaN
                ]
            }
        },
        "EOR": {
            "Train": {
                "age-group": [
                    NaN,
                    NaN,
                    NaN
                ]
            },
            "Validation": {
                "age-group": [
                    NaN,
                    NaN,
                    NaN
                ]
            },
            "Test": {
                "age-group": [
                    NaN,
                    NaN,
                    NaN
                ]
            }
        }
    },
    "MLP": {
        "AUC": {
            "Train": [
                0.6228609057188979,
                0.46401998142612866,
                0.4799458494468029
            ],
            "Validation": [
                0.6307801633746875,
                0.46214495008497614,
                0.47792072987640133
            ],
            "Test": [
                0.6207121208897838,
                0.4514353572109154,
                0.46234272313432534
            ]
        },
        "DPR": {
            "Train": {
                "age-group": [
                    0.7696457392969498,
                    0.8578853781972371,
                    0.9191629052113254
                ]
            },
            "Validation": {
                "age-group": [
                    0.6491997993799015,
                    0.3073135144993617,
                    0.0
                ]
            },
            "Test": {
                "age-group": [
                    0.7994260204081632,
                    0.0,
                    0.0
                ]
            }
        },
        "EOR": {
            "Train": {
                "age-group": [
                    0.6718661905656831,
                    0.0,
                    0.0
                ]
            },
            "Validation": {
                "age-group": [
                    0.7585899152164212,
                    0.0,
                    0.0
                ]
            },
            "Test": {
                "age-group": [
                    0.7124460379015146,
                    0.0,
                    0.0
                ]
            }
        }
    },
    "XGBoost": {
        "AUC": {
            "Train": [
                0.6542041993650385,
                0.6331140400501672,
                0.6519659328166509
            ],
            "Validation": [
                0.6455247244034727,
                0.6449469226522682,
                0.6553759656758353
            ],
            "Test": [
                0.6467561332904226,
                0.6532333955417268,
                0.6545035150080957
            ]
        },
        "DPR": {
            "Train": {
                "age-group": [
                    0.386145686104652,
                    0.4074557640417304,
                    0.497879906989468
                ]
            },
            "Validation": {
                "age-group": [
                    0.30416158101731694,
                    0.3872150282691957,
                    0.4530396004071235
                ]
            },
            "Test": {
                "age-group": [
                    0.28992969138875063,
                    0.3926468939224041,
                    0.5053228021978022
                ]
            }
        },
        "EOR": {
            "Train": {
                "age-group": [
                    0.4014963402956976,
                    0.37341967314215235,
                    0.461367935928528
                ]
            },
            "Validation": {
                "age-group": [
                    0.3108084511960887,
                    0.31966248833718713,
                    0.4650179666032551
                ]
            },
            "Test": {
                "age-group": [
                    0.28295419533737287,
                    0.3728910341994454,
                    0.4164869398514258
                ]
            }
        }
    },
    "CatBoost": {
        "AUC": {
            "Train": [
                0.6637751945940267,
                0.6555501536051087,
                0.7264715819691885
            ],
            "Validation": [
                0.661186208774214,
                0.6745656999894287,
                0.7227020672261872
            ],
            "Test": [
                0.6705982582555126,
                0.6800500714951425,
                0.7259686320626255
            ]
        },
        "DPR": {
            "Train": {
                "age-group": [
                    0.46890629367302394,
                    0.33608366739265383,
                    0.8903264219105779
                ]
            },
            "Validation": {
                "age-group": [
                    0.45840932579488114,
                    0.29194783877439356,
                    0.918099124566843
                ]
            },
            "Test": {
                "age-group": [
                    0.5317920918367347,
                    0.23390104522051983,
                    0.9746329654310705
                ]
            }
        },