{
    "Random Forest": {
        "AUC": {
            "Train": [
                0.9085051405006168,
                0.9088465148162396,
                0.9085751791881822
            ],
            "Validation": [
                0.9004621284608247,
                0.8993300165073308,
                0.9033554665888434
            ],
            "Test": [
                0.9017294099346036,
                0.9017443094709903,
                0.9053769673234684
            ]
        },
        "DPR": {
            "Train": {
                "age-group": [
                    0.9191629052113255,
                    0.7135296655198173,
                    0.5477268183874667
                ]
            },
            "Validation": {
                "age-group": [
                    0.8066979755608243,
                    0.6538359946417452,
                    0.5868696793020068
                ]
            },
            "Test": {
                "age-group": [
                    0.6643677113702624,
                    0.666070127030404,
                    0.6137208454810495
                ]
            }
        },
        "EOR": {
            "Train": {
                "age-group": [
                    0.24557639397228462,
                    0.521921060043185,
                    0.8872053872053872
                ]
            },
            "Validation": {
                "age-group": [
                    0.6568746115345613,
                    0.6633943180127919,
                    0.6827309236947791
                ]
            },
            "Test": {
                "age-group": [
                    0.6158056896374654,
                    0.7668435013262599,
                    0.640957173667454
                ]
            }
        }
    },
    "SVM": {
        "AUC": {
            "Train": [
                0.6997065270418668,
                0.6599794672549231,
                0.6678884674758011
            ],
            "Validation": [
                0.7001900857833061,
                0.6516152096334625,
                0.6526952185361572
            ],
            "Test": [
                0.6974938451712602,
                0.6383296344762749,
                0.6448433345811224
            ]
        },
        "DPR": {
            "Train": {
                "age-group": [
                    NaN,
                    NaN,
                    NaN
                ]
            },
            "Validation": {
                "age-group": [
                    NaN,
                    NaN,
                    NaN
                ]
            },
            "Test": {
                "age-group": [
                    NaN,
                    NaN,
                    NaN
                ]
            }
        },
        "EOR": {
            "Train": {
                "age-group": [
                    NaN,
                    NaN,
                    NaN
                ]
            },
            "Validation": {
                "age-group": [
                    NaN,
                    NaN,
                    NaN
                ]
            },
            "Test": {
                "age-group": [
                    NaN,
                    NaN,
                    NaN
                ]
            }
        }
    },
    "MLP": {
        "AUC": {
            "Train": [
                0.7650107364717522,
                0.6259940560259215,
                0.7526053458433059
            ],
            "Validation": [
                0.7672304487819481,
                0.6406874229560018,
                0.7613790201795417
            ],
            "Test": [
                0.7676073668136101,
                0.6423136573450641,
                0.7576191325437106
            ]
        },
        "DPR": {
            "Train": {
                "age-group": [
                    0.9014866954957229,
                    0.6229881913098984,
                    0.999134475218659
                ]
            },
            "Validation": {
                "age-group": [
                    0.788039655037649,
                    0.43386745796241344,
                    0.826444773703242
                ]
            },
            "Test": {
                "age-group": [
                    0.9752760068418598,
                    0.0,
                    0.9289514785506039
                ]
            }
        },
        "EOR": {
            "Train": {
                "age-group": [
                    0.6998381502890174,
                    0.5951004679328379,
                    0.8336458950423623
                ]
            },
            "Validation": {
                "age-group": [
                    0.6709580838323354,
                    0.0,
                    0.8721106648817493
                ]
            },
            "Test": {
                "age-group": [
                    0.3988775552005243,
                    0.0,
                    0.8604166666666665
                ]
            }
        }
    },
    "XGBoost": {
        "AUC": {
            "Train": [
                0.9071313288820956,
                0.9092669850388829,
                0.9055449630850212
            ],
            "Validation": [
                0.901252445906944,
                0.9001407384718988,
                0.9009381711467761
            ],
            "Test": [
                0.9025978454440536,
                0.9004308870482367,
                0.9001942673222766
            ]
        },
        "DPR": {
            "Train": {
                "age-group": [
                    0.6527551200830022,
                    0.7915013905986414,
                    0.6180062785445253
                ]
            },
            "Validation": {
                "age-group": [
                    0.7486498672665005,
                    0.8512584351632317,
                    0.7243818556056382
                ]
            },
            "Test": {
                "age-group": [
                    0.7745991253644315,
                    0.6968081875607385,
                    0.6570404223465448
                ]
            }
        },
        "EOR": {
            "Train": {
                "age-group": [
                    0.5951004679328379,
                    0.384808367094401,
                    0.9462937062937062
                ]
            },
            "Validation": {
                "age-group": [
                    0.8475324675324676,
                    0.7013785394932935,
                    0.7902400629673357
                ]
            },
            "Test": {
                "age-group": [
                    0.6608,
                    0.7081618655692731,
                    0.6141206026180863
                ]
            }
        }
    },
    "CatBoost": {
        "AUC": {
            "Train": [
                0.9184393864207158,
                0.919117525489168,
                0.9147369741565053
            ],
            "Validation": [
                0.9133877885507613,
                0.9135021592648711,
                0.9112343965668607
            ],
            "Test": [
                0.9168030257148646,
                0.9147465879307266,
                0.9103214633441983
            ]
        },
        "DPR": {
            "Train": {
                "age-group": [
                    0.7452290016097977,
                    0.7428644463429237,
                    0.6522948346644624
                ]
            },
            "Validation": {
                "age-group": [
                    0.7634820125843517,
                    0.6770500866314061,
                    0.6962571812876163
                ]
            },
            "Test": {
                "age-group": [
                    0.7544172622966238,
                    0.670326166180758,
                    0.6115691812439261
                ]
            }
        },