{
    "Random Forest": {
        "AUC": {
            "Train": [
                0.5119113674028024,
                0.5314166466474497,
                0.4878094969031738
            ],
            "Validation": [
                0.5079914560031901,
                0.5397077199554383,
                0.4840859814784195
            ],
            "Test": [
                0.5171635115106651,
                0.5511773047847655,
                0.4846024041741032
            ]
        },
        "DPR": {
            "Train": {
                "age-group": [
                    0.8532895636711805,
                    0.7183279271100876,
                    0.8896374506918988
                ]
            },
            "Validation": {
                "age-group": [
                    0.8053514988220385,
                    0.7936599840775856,
                    0.9076963923161019
                ]
            },
            "Test": {
                "age-group": [
                    0.8887731097571621,
                    0.7919071632541468,
                    0.913680853114622
                ]
            }
        },
        "EOR": {
            "Train": {
                "age-group": [
                    0.7262075298438934,
                    0.6856821320783671,
                    0.8652709671122578
                ]
            },
            "Validation": {
                "age-group": [
                    0.6841614673381944,
                    0.7135834109972041,
                    0.8445241840346047
                ]
            },
            "Test": {
                "age-group": [
                    0.8141075426013066,
                    0.6927075661793956,
                    0.809788825863655
                ]
            }
        }
    },
    "SVM": {
        "AUC": {
            "Train": [
                0.560667951172768,
                0.4066078196927989,
                0.3009113258024506
            ],
            "Validation": [
                0.5752618027715811,
                0.43041630036414913,
                0.3215505521568103
            ],
            "Test": [
                0.5726017819392875,
                0.4259766891283779,
                0.3111945082798421
            ]
        },
        "DPR": {
            "Train": {
                "age-group": [
                    NaN,
                    NaN,
                    NaN
                ]
            },
            "Validation": {
                "age-group": [
                    NaN,
                    NaN,
                    NaN
                ]
            },
            "Test": {
                "age-group": [
                    NaN,
                    NaN,
                    NaN
                ]
            }
        },
        "EOR": {
            "Train": {
                "age-group": [
                    NaN,
                    NaN,
                    NaN
                ]
            },
            "Validation": {
                "age-group": [
                    NaN,
                    NaN,
                    NaN
                ]
            },
            "Test": {
                "age-group": [
                    NaN,
                    NaN,
                    NaN
                ]
            }
        }
    },
    "MLP": {
        "AUC": {
            "Train": [
                0.5315826290035672,
                0.5305177438072047,
                0.5021773803191782
            ],
            "Validation": [
                0.529556923787693,
                0.5309844871448521,
                0.49987154941522605
            ],
            "Test": [
                0.5064227186320249,
                0.5047529898277283,
                0.4753246703279542
            ]
        },
        "DPR": {
            "Train": {
                "age-group": [
                    0.6377700508966302,
                    0.6187935986869102,
                    0.6141073902933637
                ]
            },
            "Validation": {
                "age-group": [
                    0.8134769501453691,
                    0.811819867469147,
                    0.7026304445144496
                ]
            },
            "Test": {
                "age-group": [
                    0.7044996570056594,
                    0.8057455936920223,
                    0.724422663802363
                ]
            }
        },
        "EOR": {
            "Train": {
                "age-group": [
                    0.5587958680234352,
                    0.6162344359735026,
                    0.5779113989104739
                ]
            },
            "Validation": {
                "age-group": [
                    0.6092972448112636,
                    0.6081604962201977,
                    0.5663680362475543
                ]
            },
            "Test": {
                "age-group": [
                    0.7089067474581494,
                    0.7245614035087719,
                    0.7599534421964328
                ]
            }
        }
    },
    "XGBoost": {
        "AUC": {
            "Train": [
                0.5803218316741574,
                0.5928502233428412,
                0.5613451473761035
            ],
            "Validation": [
                0.5877478245470422,
                0.5921599063711188,
                0.554218570189887
            ],
            "Test": [
                0.5817931361947384,
                0.5947627111151145,
                0.559638166833466
            ]
        },
        "DPR": {
            "Train": {
                "age-group": [
                    0.8363523636281467,
                    0.8596295203323628,
                    0.9876970296789236
                ]
            },
            "Validation": {
                "age-group": [
                    0.894432366875505,
                    0.8153757132903927,
                    0.9245616307930847
                ]
            },
            "Test": {
                "age-group": [
                    0.8291726671677444,
                    0.8481020717718969,
                    0.8540605417182302
                ]
            }
        },
        "EOR": {
            "Train": {
                "age-group": [
                    0.8035558765984409,
                    0.8230896376350921,
                    0.7793599225824289
                ]
            },
            "Validation": {
                "age-group": [
                    0.7978385251112523,
                    0.8248782647189022,
                    0.8816849816849818
                ]
            },
            "Test": {
                "age-group": [
                    0.7547874453714739,
                    0.8267035627810445,
                    0.7329475308641975
                ]
            }
        }
    },
    "CatBoost": {
        "AUC": {
            "Train": [
                0.5611115739721684,
                0.5196069943905811,
                0.5098330641120089
            ],
            "Validation": [
                0.5582118323317802,
                0.5226486013643772,
                0.4992279788564013
            ],
            "Test": [
                0.5690026574737659,
                0.5218167687454651,
                0.5101651426892765
            ]
        },
        "DPR": {
            "Train": {
                "age-group": [
                    0.903219222633992,
                    0.7846639750258079,
                    0.7126154791641884
                ]
            },
            "Validation": {
                "age-group": [
                    0.7988481194839385,
                    0.873436515400357,
                    0.6249455946926121
                ]
            },