{
    "Random Forest": {
        "AUC": {
            "Train": [
                0.9094948631565569,
                0.9080619177045993,
                0.9054064381039719
            ],
            "Validation": [
                0.9055269666416994,
                0.9030580575561019,
                0.8996911237784773
            ],
            "Test": [
                0.9051077572191837,
                0.9030192571415553,
                0.9047261782063013
            ]
        },
        "DPR": {
            "Train": {
                "age-group": [
                    0.41147859389960334,
                    0.4774872234864028,
                    0.4015103078190558
                ]
            },
            "Validation": {
                "age-group": [
                    0.41548787160313705,
                    0.4080077298885142,
                    0.43233423971614743
                ]
            },
            "Test": {
                "age-group": [
                    0.3715602480884537,
                    0.38406127202433765,
                    0.4323512941762071
                ]
            }
        },
        "EOR": {
            "Train": {
                "age-group": [
                    0.37577315847708187,
                    0.45877274128893,
                    0.4423244937814781
                ]
            },
            "Validation": {
                "age-group": [
                    0.48192771084337344,
                    0.5917001338688085,
                    0.3781793842034806
                ]
            },
            "Test": {
                "age-group": [
                    0.42595255212077643,
                    0.45232104344253876,
                    0.48237743564846364
                ]
            }
        }
    },
    "SVM": {
        "AUC": {
            "Train": [
                0.7311350404563421,
                0.7285791902697235,
                0.7374640273148215
            ],
            "Validation": [
                0.7139782320681929,
                0.7127216224347906,
                0.7225052502105958
            ],
            "Test": [
                0.7232310402833673,
                0.7200021032864531,
                0.7301465375061692
            ]
        },
        "DPR": {
            "Train": {
                "age-group": [
                    0.0,
                    0.0,
                    0.0
                ]
            },
            "Validation": {
                "age-group": [
                    0.0,
                    0.0,
                    0.0
                ]
            },
            "Test": {
                "age-group": [
                    0.0,
                    0.0,
                    0.0
                ]
            }
        },
        "EOR": {
            "Train": {
                "age-group": [
                    0.0,
                    0.0,
                    0.0
                ]
            },
            "Validation": {
                "age-group": [
                    0.0,
                    0.0,
                    0.0
                ]
            },
            "Test": {
                "age-group": [
                    0.0,
                    0.0,
                    0.0
                ]
            }
        }
    },
    "MLP": {
        "AUC": {
            "Train": [
                0.8249406528314258,
                0.8128638935536903,
                0.80869854404102
            ],
            "Validation": [
                0.825740292493878,
                0.815528358064212,
                0.8127067369244684
            ],
            "Test": [
                0.8264253801795881,
                0.8196356048676144,
                0.8144940954834716
            ]
        },
        "DPR": {
            "Train": {
                "age-group": [
                    0.9033493498528509,
                    0.8687428041002186,
                    0.8463726306976205
                ]
            },
            "Validation": {
                "age-group": [
                    0.8532469343746982,
                    0.843245307074884,
                    0.7518383603373573
                ]
            },
            "Test": {
                "age-group": [
                    0.7601055866361989,
                    0.8549214328588578,
                    0.8031646587206311
                ]
            }
        },
        "EOR": {
            "Train": {
                "age-group": [
                    0.7344381291515442,
                    0.8950289492617082,
                    0.9407508479802651
                ]
            },
            "Validation": {
                "age-group": [
                    0.8537414965986394,
                    0.8794936406876706,
                    0.7873301114060762
                ]
            },
            "Test": {
                "age-group": [
                    0.6978494623655914,
                    0.8907843137254902,
                    0.9148269706034671
                ]
            }
        }
    },
    "XGBoost": {
        "AUC": {
            "Train": [
                0.9051496740277194,
                0.906805364220604,
                0.9046452888096808
            ],
            "Validation": [
                0.9035936949887406,
                0.9070896440518345,
                0.9048026815301913
            ],
            "Test": [
                0.9027082528946971,
                0.9000533818326446,
                0.9050219057133196
            ]
        },
        "DPR": {
            "Train": {
                "age-group": [
                    0.4057826788885694,
                    0.4487849359412757,
                    0.38743210628262315
                ]
            },
            "Validation": {
                "age-group": [
                    0.39578255655220823,
                    0.3667935495637542,
                    0.33804486594929783
                ]
            },
            "Test": {
                "age-group": [
                    0.3704024520255863,
                    0.4132298752834467,
                    0.38680302478134104
                ]
            }
        },
        "EOR": {
            "Train": {
                "age-group": [
                    0.34520802201190737,
                    0.38275516497070616,
                    0.3264754856614246
                ]
            },
            "Validation": {
                "age-group": [
                    0.3502008032128514,
                    0.393151553582752,
                    0.28435581406084104
                ]
            },
            "Test": {
                "age-group": [
                    0.37948500098032806,
                    0.4452814914607108,
                    0.4191914004998117
                ]
            }
        }
    },
    "CatBoost": {
        "AUC": {
            "Train": [
                0.9184926440139798,
                0.9185701875269193,
                0.9158164309046728
            ],
            "Validation": [
                0.9163508107445525,
                0.9154430732005698,
                0.9158127639222816
            ],
            "Test": [
                0.9190150222029496,
                0.913262669547294,
                0.917621481766815
            ]
        },
        "DPR": {
            "Train": {
                "age-group": [
                    0.36934071946382163,
                    0.44738847529163484,
                    0.36924992571420484
                ]
            },
            "Validation": {
                "age-group": [
                    0.3150987902000122,
                    0.4064656106868916,
                    0.368776217399234
                ]
            },