{
    "Random Forest": {
        "AUC": {
            "Train": [
                0.9999566567762972,
                0.9999712759475528,
                0.9999529519830607
            ],
            "Validation": [
                0.9207494903387993,
                0.9219215454547919,
                0.9210725367830974
            ],
            "Test": [
                0.9231898345781802,
                0.9235099671485969,
                0.9233914498237177
            ]
        },
        "DPR": {
            "Train": {
                "age-group": [
                    0.48939769897157814,
                    0.48291561024347773,
                    0.48433595027360565
                ]
            },
            "Validation": {
                "age-group": [
                    0.4481189793245237,
                    0.44901919062962287,
                    0.44937353535284025
                ]
            },
            "Test": {
                "age-group": [
                    0.5410006129075007,
                    0.4797164128041887,
                    0.5128074406054216
                ]
            }
        },
        "EOR": {
            "Train": {
                "age-group": [
                    0.0,
                    0.0,
                    0.0
                ]
            },
            "Validation": {
                "age-group": [
                    0.4869477911646586,
                    0.4869477911646586,
                    0.47835787594823737
                ]
            },
            "Test": {
                "age-group": [
                    0.4624627708739858,
                    0.4305163294649276,
                    0.44725017972681524
                ]
            }
        }
    },
    "SVM": {
        "AUC": {
            "Train": [
                0.7376697242925254,
                0.7376698766747666,
                0.7376697909597559
            ],
            "Validation": [
                0.7151212992151714,
                0.7151212615684585,
                0.7151212239217454
            ],
            "Test": [
                0.7264852499116212,
                0.7264850990302402,
                0.7264853253523118
            ]
        },
        "DPR": {
            "Train": {
                "age-group": [
                    0.0,
                    0.0,
                    0.0
                ]
            },
            "Validation": {
                "age-group": [
                    0.0,
                    0.0,
                    0.0
                ]
            },
            "Test": {
                "age-group": [
                    0.0,
                    0.0,
                    0.0
                ]
            }
        },
        "EOR": {
            "Train": {
                "age-group": [
                    0.0,
                    0.0,
                    0.0
                ]
            },
            "Validation": {
                "age-group": [
                    0.0,
                    0.0,
                    0.0
                ]
            },
            "Test": {
                "age-group": [
                    0.0,
                    0.0,
                    0.0
                ]
            }
        }
    },
    "MLP": {
        "AUC": {
            "Train": [
                0.7911056047788291,
                0.7550225758099744,
                0.6869192950888956
            ],
            "Validation": [
                0.7752816501186776,
                0.7336754817198102,
                0.6716677313157103
            ],
            "Test": [
                0.7691625012089371,
                0.7268340122241077,
                0.65669144591589
            ]
        },
        "DPR": {
            "Train": {
                "age-group": [
                    0.6133760302096493,
                    0.9567650240608797,
                    0.779450143619204
                ]
            },
            "Validation": {
                "age-group": [
                    0.7913322998358563,
                    0.9722282095070715,
                    0.9890595546255626
                ]
            },
            "Test": {
                "age-group": [
                    0.7164332569762598,
                    0.7845298833819242,
                    0.674582205331112
                ]
            }
        },
        "EOR": {
            "Train": {
                "age-group": [
                    0.7248734831582957,
                    0.5218216318785579,
                    0.5661764705882352
                ]
            },
            "Validation": {
                "age-group": [
                    0.8015021459227468,
                    0.3903880550587137,
                    0.6482438016528925
                ]
            },
            "Test": {
                "age-group": [
                    0.7187416331994645,
                    0.3671111111111111,
                    0.5320060446896228
                ]
            }
        }
    },
    "XGBoost": {
        "AUC": {
            "Train": [
                0.9892039372675838,
                0.9892039372675838,
                0.9892039372675838
            ],
            "Validation": [
                0.9269799460477427,
                0.9269799460477427,
                0.9269799460477427
            ],
            "Test": [
                0.9286948926501605,
                0.9286948926501605,
                0.9286948926501605
            ]
        },
        "DPR": {
            "Train": {
                "age-group": [
                    0.4759072171021169,
                    0.4759072171021169,
                    0.4759072171021169
                ]
            },
            "Validation": {
                "age-group": [
                    0.5102464042463539,
                    0.5102464042463539,
                    0.5102464042463539
                ]
            },
            "Test": {
                "age-group": [
                    0.44377148513989817,
                    0.44377148513989817,
                    0.44377148513989817
                ]
            }
        },
        "EOR": {
            "Train": {
                "age-group": [
                    0.5934705519580635,
                    0.5934705519580635,
                    0.5934705519580635
                ]
            },
            "Validation": {
                "age-group": [
                    0.48728246318607765,
                    0.48728246318607765,
                    0.48728246318607765
                ]
            },
            "Test": {
                "age-group": [
                    0.34166352857941645,
                    0.34166352857941645,
                    0.34166352857941645
                ]
            }
        }
    },
    "CatBoost": {
        "AUC": {
            "Train": [
                0.9725660917970431,
                0.9724919006934077,
                0.9729949716146169
            ],
            "Validation": [
                0.9334796134013865,
                0.9337668578216166,
                0.9329878720361119
            ],
            "Test": [
                0.9357216648915474,
                0.9355663325096718,
                0.9362407722833317
            ]
        },
        "DPR": {
            "Train": {
                "age-group": [
                    0.4842984382920177,
                    0.47238946030123036,
                    0.4743985595475939
                ]
            },
            "Validation": {
                "age-group": [
                    0.3964344337041765,
                    0.4175848344079562,
                    0.3926783796380732
                ]
            },
            "Test": {
                "age-group": [
                    0.4244253195783808,
                    0.42534200493384167,
                    0.415286244367877
                ]
            }
        },